Order_ID,Order_Date,Order_Time,Pickup_Time,Store_Latitude,Store_Longitude,Drop_Latitude,Drop_Longitude,Category
aabo151954572,2022-03-23,18:35:00,18:50:00,26.892312,75.806896,27.002312,75.916896,NULL
aaem314845836,2022-03-23,23:45:00,23:50:00,17.455894,78.375467,17.585894,78.505467,NULL
aaff291190267,2022-04-05,18:55:00,19:05:00,26.902328,75.794257,26.952328,75.844257,NULL
aafr395199003,2022-02-12,22:50:00,22:55:00,26.482419,80.320939,26.562419,80.400939,NULL
aalq500110937,2022-03-10,23:20:00,23:25:00,18.563934,73.915367,18.673935,74.025367,NULL
aank525767567,2022-04-03,10:20:00,10:25:00,18.520016,73.830547,18.530016,73.840547,NULL
aanq792564931,2022-04-03,11:20:00,11:25:00,18.543626,73.905101,18.553626,73.915101,NULL
aaoe396115749,2022-02-18,20:00:00,20:10:00,26.483042,80.317833,26.573042,80.407833,NULL
aapg596814071,2022-03-02,17:20:00,17:25:00,17.431668,78.408321,17.511668,78.488321,NULL
aatu545608987,2022-03-04,23:50:00,00:00:00,12.975377,77.696664,13.105377,77.826664,NULL
aavg727493245,2022-03-15,18:55:00,19:05:00,18.539299,73.897902,18.569299,73.927902,NULL
aavm876228553,2022-03-13,15:20:00,15:25:00,21.160522,72.771477,21.200522,72.811477,NULL
aazb527937675,2022-03-12,19:30:00,19:45:00,10.961850,76.971082,11.091850,77.101082,NULL
aazk481251716,2022-03-21,22:35:00,22:45:00,23.351058,85.325731,23.411058,85.385731,NULL
aazn737952952,2022-03-01,23:50:00,00:00:00,18.539299,73.897902,18.569299,73.927902,NULL
abdo814721972,2022-02-15,20:20:00,20:30:00,9.988483,76.295211,10.038483,76.345211,NULL
abfq998863769,2022-02-14,22:50:00,23:05:00,10.006881,76.345397,10.076881,76.415397,NULL
abhn842271794,2022-03-18,20:20:00,20:35:00,17.458998,78.500366,17.528998,78.570366,NULL
abhq182922930,2022-02-16,17:30:00,17:45:00,0.000000,0.000000,0.090000,0.090000,NULL
abil220197365,2022-02-14,23:20:00,23:30:00,23.184992,77.417227,23.254992,77.487227,NULL
abin230128683,2022-03-12,18:15:00,18:25:00,23.355164,85.324097,23.485164,85.454097,NULL
abkc104387265,2022-03-03,17:20:00,17:25:00,12.939496,77.625999,12.969496,77.655999,NULL
ablk222441923,2022-03-29,00:00:00,00:10:00,0.000000,0.000000,0.080000,0.080000,NULL
abms162045662,2022-03-02,22:35:00,22:40:00,17.430448,78.418213,17.540448,78.528213,NULL
abmx519515460,2022-03-01,08:30:00,08:45:00,21.171060,72.789292,21.181060,72.799292,NULL
abob199164126,2022-03-05,17:45:00,17:50:00,12.304569,76.643622,12.334569,76.673622,NULL
abow245133576,2022-03-25,23:45:00,23:55:00,23.351058,85.325731,23.421058,85.395731,NULL
abqq338264918,2022-03-26,10:30:00,10:40:00,23.351058,85.325731,23.361058,85.335731,NULL
abqs541661404,2022-03-26,10:10:00,10:20:00,19.121999,72.908493,19.131999,72.918493,NULL
abvi471090977,2022-03-28,14:45:00,15:00:00,12.321214,76.621094,12.361214,76.661094,NULL
abwe493376570,2022-02-11,21:35:00,21:50:00,15.516833,73.768172,15.566833,73.818172,NULL
accq452230322,2022-04-02,23:55:00,00:05:00,18.593481,73.785901,18.673481,73.865901,NULL
acew949155820,2022-04-06,20:15:00,20:30:00,23.355164,85.324097,23.425164,85.394097,NULL
acgy340892319,2022-03-11,17:35:00,17:50:00,12.935662,77.614130,12.965662,77.644130,NULL
acku373588054,2022-03-14,22:40:00,22:55:00,11.025083,77.015393,11.115083,77.105393,NULL
acmc954220734,2022-03-17,21:50:00,22:00:00,12.939496,77.625999,12.999496,77.685999,NULL
acnn902187983,2022-02-11,19:10:00,19:20:00,22.577821,88.400581,22.607821,88.430581,NULL
acos195619745,2022-04-02,22:55:00,23:00:00,13.049645,80.242268,13.159645,80.352268,NULL
acpd339792531,2022-03-20,23:00:00,23:10:00,13.086438,80.220672,13.156439,80.290672,NULL
acru554989602,2022-02-15,11:25:00,11:40:00,0.000000,0.000000,0.020000,0.020000,NULL
actq146986359,2022-03-13,08:50:00,08:55:00,0.000000,0.000000,0.020000,0.020000,NULL
acue250561912,2022-02-15,09:20:00,09:25:00,22.552672,88.352885,22.562672,88.362885,NULL
acvf279949995,2022-04-06,19:35:00,19:40:00,0.000000,0.000000,0.090000,0.090000,NULL
acwp515983829,2022-03-25,17:50:00,18:05:00,17.426228,78.407495,17.496228,78.477495,NULL
acxb886378425,2022-03-03,19:15:00,19:25:00,13.026279,80.174568,13.056279,80.204568,NULL
acye746242231,2022-03-17,18:40:00,18:50:00,12.934365,77.616155,12.984365,77.666155,NULL
adcv392099635,2022-02-11,09:00:00,09:10:00,0.000000,0.000000,0.020000,0.020000,NULL
addp276655174,2022-03-18,19:35:00,19:40:00,21.186608,72.794136,21.296608,72.904136,NULL
adea629384670,2022-03-25,19:00:00,19:15:00,12.323194,76.630583,12.393194,76.700583,NULL
adfy888496633,2022-03-01,08:25:00,08:40:00,13.027018,80.254791,13.047018,80.274791,NULL
adik676430530,2022-02-13,10:30:00,10:45:00,30.885814,75.786976,30.905814,75.806976,NULL
adiv498964791,2022-03-05,23:30:00,23:45:00,19.178321,72.834715,19.228321,72.884715,NULL
adkv706993015,2022-04-03,09:10:00,09:20:00,0.000000,0.000000,0.020000,0.020000,NULL
adme432106450,2022-03-24,17:10:00,17:15:00,23.357804,85.325146,23.407804,85.375146,NULL
adog450915345,2022-04-02,19:10:00,19:25:00,22.744648,75.894377,22.874648,76.024377,NULL
adqd085526339,2022-03-02,22:10:00,22:20:00,12.980410,77.640489,13.060410,77.720489,NULL
advk062637801,2022-03-29,20:45:00,21:00:00,26.849596,75.800512,26.939596,75.890512,NULL
advl575977438,2022-03-05,23:20:00,23:30:00,12.334022,76.618203,12.384022,76.668203,NULL
advl955943910,2022-03-05,22:20:00,22:30:00,19.181300,72.836191,19.211300,72.866191,NULL
adxx106727522,2022-02-15,16:55:00,17:00:00,22.537960,88.349843,22.577960,88.389843,NULL
aecg708259319,2022-03-12,21:10:00,21:15:00,26.913726,75.752820,26.983726,75.822820,NULL
aecv597151350,2022-04-06,18:55:00,19:05:00,26.905287,75.794592,27.035287,75.924592,NULL
aeex625062184,2022-04-04,22:00:00,22:10:00,17.411028,78.329645,17.491028,78.409645,NULL
aefs889604846,2022-04-03,08:10:00,08:20:00,0.000000,0.000000,0.020000,0.020000,NULL
aege753663438,2022-03-08,18:55:00,19:00:00,12.980410,77.640489,13.110410,77.770489,NULL
aegn029390607,2022-03-26,08:35:00,08:50:00,12.325461,76.632278,12.345461,76.652278,NULL
aehy234323130,2022-03-23,18:15:00,18:30:00,18.536562,73.896485,18.606562,73.966485,NULL
aejd159751885,2022-03-31,23:30:00,23:45:00,19.131141,72.813074,19.221141,72.903074,NULL
aele200255521,2022-04-02,19:40:00,19:55:00,11.000762,76.981876,11.080762,77.061876,NULL
aetv590613941,2022-03-30,21:30:00,21:35:00,21.149569,72.772697,21.179569,72.802697,NULL
aeuj226729421,2022-04-05,13:50:00,13:55:00,22.310237,73.158921,22.350237,73.198921,NULL
aeuu480256782,2022-02-11,19:00:00,19:10:00,30.319528,78.040267,30.349528,78.070267,NULL
aeuz262262868,2022-03-12,19:40:00,19:55:00,17.458998,78.500366,17.538998,78.580366,NULL
aevh121199077,2022-03-29,20:10:00,20:25:00,18.927584,72.832585,18.997584,72.902585,NULL
aewo417521773,2022-03-19,12:20:00,12:25:00,10.961850,76.971082,11.001850,77.011082,NULL
afei977775767,2022-03-28,22:25:00,22:40:00,23.351058,85.325731,23.411058,85.385731,NULL
afev271349180,2022-03-01,21:55:00,22:00:00,13.064181,80.236442,13.094181,80.266442,NULL
afgp746946194,2022-03-24,18:40:00,18:50:00,23.369746,85.339820,23.419746,85.389820,NULL
afkb977522406,2022-04-04,18:10:00,18:25:00,17.451976,78.385883,17.521976,78.455883,NULL
afng832168118,2022-03-08,21:30:00,21:40:00,12.323225,76.630028,12.393225,76.700028,NULL
afnw005460476,2022-03-26,23:15:00,23:30:00,19.103249,72.846749,19.163249,72.906749,NULL
afoj308698113,2022-03-12,17:15:00,17:20:00,22.750040,75.902847,22.880040,76.032847,NULL
afpy514693891,2022-03-26,17:15:00,17:20:00,26.913987,75.752891,26.943987,75.782891,NULL
afqi250784307,2022-03-02,19:00:00,19:15:00,17.455894,78.375467,17.585894,78.505467,NULL
afrd534901588,2022-03-21,20:35:00,20:50:00,10.994136,76.963303,11.024136,76.993303,NULL
afrf790422843,2022-03-01,10:20:00,10:30:00,18.927584,72.832585,18.947584,72.852585,NULL
afro653309727,2022-03-13,09:20:00,09:35:00,12.979096,77.640625,12.989096,77.650625,NULL
afrp039289877,2022-03-08,22:50:00,23:05:00,21.149569,72.772697,21.259569,72.882697,NULL
afsw032253642,2022-02-14,18:55:00,19:05:00,-22.553227,88.353273,22.643227,88.443273,NULL
aftp733644201,2022-03-31,21:25:00,21:40:00,18.516216,73.842527,18.626216,73.952527,NULL
afwb540962061,2022-03-11,22:40:00,22:45:00,22.320000,73.170000,22.380000,73.230000,NULL
afwy760129462,2022-03-02,20:30:00,20:40:00,26.914142,75.805704,27.024142,75.915704,NULL
afxc115927975,2022-02-13,21:00:00,21:10:00,9.991703,76.293136,10.051703,76.353136,NULL
afzq884992480,2022-02-12,19:55:00,20:05:00,30.902872,75.826808,30.992872,75.916808,NULL
agbn636090499,2022-03-29,17:40:00,17:45:00,13.026279,80.174568,13.106279,80.254568,NULL
agcz922462680,2022-03-19,08:20:00,08:30:00,22.311844,73.165081,22.331844,73.185081,NULL
agdj703229523,2022-03-31,19:45:00,19:55:00,19.120083,72.907385,19.210083,72.997385,NULL
agfa904495429,2022-03-19,19:15:00,19:20:00,17.428294,78.404423,17.478294,78.454423,NULL
aggb939717076,2022-03-20,19:20:00,19:30:00,11.025083,77.015393,11.155083,77.145393,NULL
aglx119743497,2022-03-19,17:45:00,17:50:00,18.593481,73.785901,18.643481,73.835901,NULL
agod908214672,2022-03-25,21:10:00,21:25:00,23.416792,85.316842,23.526792,85.426842,NULL
agoo012263585,2022-04-02,22:35:00,22:45:00,18.563934,73.915367,18.693935,74.045367,NULL
agpt364045296,2022-03-23,19:50:00,20:00:00,21.186608,72.794136,21.266608,72.874136,NULL
agse093347072,2022-04-02,20:55:00,21:10:00,0.000000,0.000000,0.070000,0.070000,NULL
agux910512982,2022-04-02,17:25:00,17:40:00,13.026286,80.275235,13.096286,80.345235,NULL
aguz904175473,2022-02-16,21:30:00,21:40:00,0.000000,0.000000,0.090000,0.090000,NULL
agyy194781693,2022-02-16,19:25:00,19:30:00,22.577821,88.400581,22.657821,88.480581,NULL
ahcl676711139,2022-03-14,21:15:00,21:25:00,26.892312,75.806896,26.972313,75.886896,NULL
ahfu489247466,2022-02-17,19:40:00,19:45:00,23.266261,77.379605,23.316261,77.429605,NULL
ahhj706703670,2022-03-26,23:25:00,23:40:00,23.374989,85.335486,23.424989,85.385486,NULL
ahje686520671,2022-02-13,17:40:00,17:50:00,26.479108,80.315042,26.529108,80.365042,NULL
ahkp753255601,2022-03-17,22:35:00,22:50:00,18.551440,73.804855,18.601440,73.854855,NULL
ahkr054292296,2022-03-21,18:35:00,18:50:00,18.554382,73.798206,18.584382,73.828206,NULL
ahoa941790520,2022-02-12,22:40:00,22:50:00,27.165108,78.015053,27.245108,78.095053,NULL
ahpb890775265,2022-03-06,23:20:00,23:25:00,13.005801,80.250744,13.085801,80.330744,NULL
ahpg083217029,2022-04-01,22:35:00,22:50:00,11.022477,76.995667,11.052477,77.025667,NULL
ahpp152173128,2022-03-30,13:00:00,13:05:00,12.304569,76.643622,12.344569,76.683622,NULL
ahps542567361,2022-03-18,23:15:00,23:20:00,12.972793,80.249982,13.102793,80.379982,NULL
ahpw889747350,2022-03-30,14:30:00,14:40:00,12.906229,77.596791,12.946229,77.636791,NULL
ahwm348254742,2022-03-11,12:55:00,13:10:00,17.438263,78.397865,17.478263,78.437865,NULL
ahwn366181932,2022-02-11,18:15:00,18:20:00,22.539129,88.365507,22.589129,88.415507,NULL
ahyp500038106,2022-03-19,22:45:00,22:55:00,21.185047,72.808590,21.215047,72.838590,NULL
aicr958430003,2022-03-26,18:00:00,18:05:00,18.592718,73.773572,18.652718,73.833572,NULL
aihb934158729,2022-03-04,21:55:00,22:05:00,21.157735,72.768778,21.227735,72.838778,NULL
aihu494319905,2022-03-25,19:35:00,19:45:00,18.554382,73.798206,18.624382,73.868206,NULL
aiib141157513,2022-04-04,17:40:00,17:55:00,10.994136,76.963303,11.104136,77.073303,NULL
ailz309468070,2022-03-02,23:50:00,00:00:00,11.008638,76.984311,11.138638,77.114311,NULL
ainp086991727,2022-03-10,23:50:00,00:00:00,12.352058,76.606650,12.442058,76.696650,NULL
aiqh949553167,2022-03-15,23:30:00,23:45:00,19.126630,72.829976,19.186630,72.889976,NULL
airk705743135,2022-03-27,23:35:00,23:45:00,19.126630,72.829976,19.206630,72.909976,NULL
airk995272292,2022-03-10,17:30:00,17:35:00,21.157729,72.768726,21.237729,72.848726,NULL
aitb076913492,2022-03-13,11:25:00,11:35:00,21.157735,72.768778,21.167735,72.778778,NULL
aitq102140228,2022-03-21,09:45:00,09:55:00,26.902908,75.792934,26.922908,75.812934,NULL
aizr284897223,2022-02-14,19:55:00,20:10:00,27.165108,78.015053,27.235108,78.085053,NULL
ajan991974392,2022-03-08,22:55:00,23:00:00,26.921411,75.793604,27.051411,75.923604,NULL
ajbk468346063,2022-03-30,16:55:00,17:05:00,21.152760,72.778059,21.192760,72.818059,NULL
ajcm919445936,2022-03-07,14:20:00,14:35:00,19.254567,72.848923,19.294567,72.888923,NULL
ajgz652829522,2022-02-17,11:15:00,11:25:00,0.000000,0.000000,0.020000,0.020000,NULL
ajhh623571054,2022-04-01,10:00:00,10:15:00,13.045479,80.233110,13.065479,80.253110,NULL
ajjj044200054,2022-04-02,19:15:00,19:25:00,19.109300,72.825451,19.189300,72.905451,NULL
ajon496915803,2022-03-24,23:15:00,23:25:00,22.651847,75.881991,22.681847,75.911991,NULL
ajpo799627024,2022-03-10,22:20:00,22:35:00,18.994237,72.825553,19.084237,72.915553,NULL
ajrd624305771,2022-03-06,21:55:00,22:10:00,17.424114,78.347554,17.494114,78.417554,NULL
ajtu664913183,2022-03-03,09:40:00,09:45:00,11.021278,76.995017,11.031278,77.005017,NULL
ajtw186321400,2022-03-26,10:30:00,10:40:00,19.221315,72.862381,19.231315,72.872381,NULL
ajuf507767249,2022-03-19,11:25:00,11:30:00,12.284747,76.625861,12.304747,76.645861,NULL
ajvg517178594,2022-04-06,21:55:00,22:05:00,23.374878,85.335739,23.464878,85.425739,NULL
ajwr274906805,2022-03-25,18:10:00,18:25:00,0.000000,0.000000,0.080000,0.080000,NULL
ajyq825232663,2022-03-17,17:20:00,17:35:00,21.186438,72.794115,21.216438,72.824115,NULL
akbb328960999,2022-03-06,22:10:00,22:15:00,17.426228,78.407495,17.506228,78.487495,NULL
akcj968770397,2022-03-21,17:45:00,17:50:00,22.744648,75.894377,22.774648,75.924377,NULL
akfr923039999,2022-03-09,10:15:00,10:25:00,22.311358,73.164798,22.331358,73.184798,NULL
akiq939430742,2022-02-14,23:55:00,00:05:00,19.876994,75.372353,19.946994,75.442353,NULL
akjb692987756,2022-03-20,23:50:00,00:00:00,21.160437,72.774209,21.230437,72.844209,NULL
akmf323300861,2022-03-21,19:00:00,19:10:00,18.551440,73.804855,18.601440,73.854855,NULL
akmp412397462,2022-02-13,09:00:00,09:10:00,0.000000,0.000000,0.020000,0.020000,NULL
akng874073176,2022-02-15,22:50:00,23:05:00,25.450317,81.831681,25.510317,81.891681,NULL
aknq817167127,2022-02-13,23:50:00,00:05:00,30.899584,75.809346,30.949584,75.859346,NULL
akoz380684866,2022-04-01,23:25:00,23:30:00,12.933284,77.615428,12.963284,77.645428,NULL
akpm800285210,2022-03-04,20:30:00,20:35:00,11.006686,76.951736,11.136686,77.081736,NULL
akqg208421122,2022-03-25,19:45:00,19:50:00,12.913041,77.683237,13.043041,77.813237,NULL
akqq297495316,2022-03-03,11:55:00,12:05:00,12.975996,80.221898,12.995996,80.241898,NULL
akqw622828124,2022-03-20,23:55:00,00:05:00,18.636215,73.751081,18.766215,73.881081,NULL
akzr822156606,2022-04-04,21:10:00,21:20:00,19.109300,72.825451,19.199300,72.915451,NULL
alag259381074,2022-03-20,21:35:00,21:45:00,21.186884,72.793616,21.316884,72.923616,NULL
alem833315854,2022-03-30,09:15:00,09:30:00,12.297954,76.665169,12.307954,76.675169,NULL
alkq951419967,2022-04-04,00:00:00,00:10:00,12.323978,76.627961,12.453978,76.757961,NULL
almf537761396,2022-03-23,19:00:00,19:10:00,22.310329,73.169083,22.390329,73.249083,NULL
almg235446249,2022-03-21,11:20:00,11:30:00,13.086438,80.220672,13.096438,80.230672,NULL
alon282873442,2022-03-07,11:20:00,11:35:00,11.008638,76.984311,11.028638,77.004311,NULL
alqb926190130,2022-03-23,22:20:00,22:25:00,21.186438,72.794115,21.266438,72.874115,NULL
alrg692296629,2022-03-15,10:35:00,10:45:00,12.979166,77.640709,12.989166,77.650709,NULL
alus351604002,2022-03-15,22:40:00,22:45:00,18.994049,72.825203,19.044049,72.875203,NULL
alwb941174831,2022-03-07,12:45:00,12:50:00,26.905287,75.794592,26.945287,75.834592,NULL
amah887761601,2022-04-03,11:35:00,11:40:00,11.024839,77.007003,11.034839,77.017003,NULL
amcm307073133,2022-03-06,17:10:00,17:15:00,12.980410,77.640489,13.050410,77.710489,NULL
ameo080110229,2022-04-04,18:00:00,18:05:00,26.914142,75.805704,27.054142,75.945704,NULL
amft401092052,2022-03-27,23:00:00,23:05:00,11.003669,76.976494,11.113669,77.086494,NULL
amgh950841121,2022-03-17,17:10:00,17:25:00,26.891191,75.802083,26.941191,75.852083,NULL
amgp017135976,2022-03-19,23:10:00,23:20:00,21.175975,72.795503,21.235975,72.855503,NULL
amic054506458,2022-04-02,18:50:00,19:05:00,21.157729,72.768726,21.287729,72.898726,NULL
amiy219549214,2022-03-13,18:40:00,18:55:00,18.554382,73.798206,18.614382,73.858206,NULL
ammh029929218,2022-03-23,18:35:00,18:40:00,23.359033,85.325347,23.449033,85.415347,NULL
amrq769389284,2022-04-05,17:15:00,17:30:00,17.483216,78.552111,17.543216,78.612111,NULL
amtp500000087,2022-03-03,23:20:00,23:25:00,19.120083,72.907385,19.170083,72.957385,NULL
amvm002616183,2022-04-01,09:25:00,09:30:00,26.905190,75.810753,26.915190,75.820753,NULL
amwf059147247,2022-03-15,22:40:00,22:45:00,0.000000,0.000000,0.060000,0.060000,NULL
amwt677706239,2022-02-11,09:45:00,09:55:00,30.319528,78.040267,30.339528,78.060267,NULL
amyw589998560,2022-02-12,22:00:00,22:15:00,30.342509,78.061187,30.472509,78.191187,NULL
amzd031927650,2022-04-06,22:10:00,22:25:00,11.016298,76.972076,11.096298,77.052076,NULL
ance309027229,2022-03-11,15:55:00,16:05:00,0.000000,0.000000,0.040000,0.040000,NULL
anch150166322,2022-03-05,16:15:00,16:30:00,0.000000,0.000000,0.040000,0.040000,NULL
anch674529926,2022-04-05,22:30:00,22:45:00,12.933298,77.614293,12.993298,77.674293,NULL
andk554363662,2022-03-29,21:40:00,21:45:00,13.029198,77.570997,13.109198,77.650997,NULL
aneb826374014,2022-03-19,18:55:00,19:10:00,13.029198,77.570997,13.059198,77.600997,NULL
anfx475383342,2022-03-03,10:25:00,10:35:00,26.888420,75.800689,26.898420,75.810689,NULL
anjo428097275,2022-03-13,18:00:00,18:15:00,0.000000,0.000000,0.060000,0.060000,NULL
anor917488789,2022-03-28,22:45:00,23:00:00,12.323994,76.626167,12.383994,76.686167,NULL
anpt462079169,2022-03-27,17:35:00,17:50:00,23.371292,85.327872,23.481292,85.437872,NULL
ansq900419156,2022-03-15,18:10:00,18:25:00,26.913726,75.752820,26.973726,75.812821,NULL
aobs904628093,2022-03-24,12:10:00,12:20:00,12.326356,76.619103,12.366356,76.659103,NULL
aoei508277147,2022-03-19,08:30:00,08:45:00,12.337978,76.616792,12.357978,76.636792,NULL
aoeu819614254,2022-03-13,14:00:00,14:10:00,12.323225,76.630028,12.363225,76.670028,NULL
aofo547687840,2022-03-16,23:25:00,23:35:00,21.149834,72.778666,21.259834,72.888666,NULL
aohs577613497,2022-02-16,18:40:00,18:45:00,22.539129,88.365507,22.649129,88.475507,NULL
aohy742998839,2022-02-12,21:40:00,21:50:00,30.362686,78.068890,30.472686,78.178890,NULL
aojy502636702,2022-03-18,22:50:00,23:00:00,22.761593,75.886362,22.841593,75.966362,NULL
aokn153705465,2022-03-15,14:25:00,14:30:00,12.939496,77.625999,12.979496,77.665999,NULL
aonm178579992,2022-03-26,23:20:00,23:30:00,19.121999,72.908493,19.171999,72.958493,NULL
aotk945659321,2022-03-17,12:50:00,13:05:00,17.431477,78.400350,17.471477,78.440350,NULL
aovh846299386,2022-04-06,19:15:00,19:25:00,11.001753,76.986241,11.071753,77.056241,NULL
aovp255957361,2022-03-18,17:45:00,18:00:00,0.000000,0.000000,0.110000,0.110000,NULL
aowb319664016,2022-03-28,21:10:00,21:25:00,12.352058,76.606650,12.402058,76.656650,NULL
aowk807540561,2022-04-06,23:55:00,00:05:00,21.175975,72.795503,21.255975,72.875503,NULL
aoxf722882442,2022-02-11,22:45:00,22:55:00,0.000000,0.000000,0.060000,0.060000,NULL
aozd095262266,2022-03-28,22:25:00,22:35:00,12.970324,77.645748,13.000324,77.675748,NULL
aozl672518026,2022-03-11,23:00:00,23:15:00,18.569156,73.774723,18.629156,73.834723,NULL
apgu802166518,2022-03-08,22:40:00,22:55:00,22.310329,73.169083,22.400329,73.259083,NULL
apje850796288,2022-02-12,23:35:00,23:50:00,19.879631,75.323403,19.959631,75.403403,NULL
apjx849510845,2022-02-13,15:35:00,15:50:00,22.569367,88.433187,22.609367,88.473187,NULL
apki722398260,2022-02-13,21:40:00,21:55:00,25.459775,81.834841,25.519775,81.894841,NULL
apkt395706889,2022-03-05,21:55:00,22:05:00,18.554382,73.798206,18.614382,73.858206,NULL
apll985655975,2022-03-24,13:20:00,13:35:00,18.636215,73.751081,18.676215,73.791081,NULL
apnb628093576,2022-04-04,20:50:00,21:00:00,12.323194,76.630583,12.453194,76.760583,NULL
appd193432141,2022-03-13,22:10:00,22:20:00,12.316967,76.603067,12.366967,76.653067,NULL
apqq921006912,2022-03-21,16:35:00,16:50:00,12.949934,77.699386,12.989934,77.739386,NULL
aprd039444420,2022-02-18,17:55:00,18:10:00,-22.526461,88.364453,22.596461,88.434453,NULL
apvq241593959,2022-03-16,21:10:00,21:15:00,21.183434,72.814492,21.263434,72.894492,NULL
apwn701267106,2022-02-15,18:20:00,18:30:00,25.450329,81.834279,25.480329,81.864279,NULL
apwt250614513,2022-04-02,19:20:00,19:25:00,11.006686,76.951736,11.136686,77.081736,NULL
apxj850967676,2022-03-28,21:15:00,21:25:00,22.310329,73.169083,22.340329,73.199083,NULL
apzw816500736,2022-03-24,12:45:00,12:50:00,18.554382,73.798206,18.594382,73.838206,NULL
aqim282018080,2022-02-17,18:15:00,18:20:00,23.184992,77.417227,23.244992,77.477227,NULL
aqog647157554,2022-03-27,18:55:00,19:05:00,12.304569,76.643622,12.384569,76.723622,NULL
aqrc122176188,2022-04-06,17:25:00,17:30:00,22.308096,73.167753,22.388096,73.247753,NULL
aqrh384906339,2022-03-30,17:25:00,17:40:00,12.972161,77.596014,13.022161,77.646014,NULL
aqts420291981,2022-03-19,21:35:00,21:50:00,0.000000,0.000000,0.050000,0.050000,NULL
aqxr742477619,2022-03-02,20:20:00,20:35:00,11.003681,76.975525,11.093681,77.065525,NULL
arak571261208,2022-02-16,18:40:00,18:55:00,25.457116,81.859682,25.547116,81.949682,NULL
arch811530420,2022-04-02,18:50:00,19:00:00,12.326356,76.619103,12.456356,76.749103,NULL
arfc267340549,2022-02-14,20:45:00,20:55:00,23.184992,77.417227,23.274992,77.507227,NULL
arhn746606233,2022-03-08,22:15:00,22:25:00,26.902328,75.794257,27.012328,75.904257,NULL
arht318769985,2022-03-24,21:20:00,21:35:00,21.157735,72.768778,21.187735,72.798778,NULL
arju604853928,2022-03-13,18:30:00,18:45:00,21.183434,72.814492,21.233434,72.864492,NULL
arkh000130357,2022-03-25,19:30:00,19:35:00,17.451976,78.385883,17.541976,78.475883,NULL
armn575734910,2022-04-05,11:40:00,11:55:00,18.543626,73.905101,18.553626,73.915101,NULL
arqg177458586,2022-03-29,23:00:00,23:10:00,22.311358,73.164798,22.441358,73.294798,NULL
arsb910440313,2022-03-03,09:00:00,09:15:00,12.979096,77.640625,12.989096,77.650625,NULL
arsz464843014,2022-04-02,22:20:00,22:35:00,0.000000,0.000000,0.070000,0.070000,NULL
arvq298657934,2022-03-21,16:45:00,16:55:00,17.431477,78.400350,17.471477,78.440350,NULL
arzm873669196,2022-02-17,20:50:00,21:00:00,9.979363,76.285001,10.029363,76.335001,NULL
asap133806803,2022-03-07,14:40:00,14:45:00,23.333017,85.317200,23.373017,85.357200,NULL
ascm835829286,2022-03-27,17:25:00,17:30:00,21.149669,72.772629,21.219669,72.842629,NULL
aset874066253,2022-04-06,23:15:00,23:20:00,17.431668,78.408321,17.541668,78.518321,NULL
asfc297548679,2022-03-06,19:15:00,19:25:00,12.970324,77.645748,13.080324,77.755748,NULL
asgd164341326,2022-03-26,09:40:00,09:45:00,12.933284,77.615428,12.953284,77.635428,NULL
asia167933869,2022-03-13,23:35:00,23:40:00,23.333017,85.317200,23.363017,85.347200,NULL
asis944862845,2022-02-11,23:25:00,23:35:00,15.513150,73.783460,15.563150,73.833460,NULL
asjo708497246,2022-03-09,19:25:00,19:40:00,0.000000,0.000000,0.060000,0.060000,NULL
asks124101912,2022-03-13,23:20:00,23:30:00,22.753839,75.897429,22.813838,75.957429,NULL
asnk847350381,2022-04-05,17:25:00,17:35:00,13.045479,80.233110,13.095479,80.283110,NULL
asnu416116358,2022-03-26,17:55:00,18:10:00,18.534080,73.898520,18.584080,73.948520,NULL
asro608257493,2022-03-03,10:15:00,10:25:00,19.207222,72.972281,19.227222,72.992281,NULL
asuj408617671,2022-03-25,18:30:00,18:35:00,22.310329,73.169083,22.380329,73.239083,NULL
aswm215264211,2022-03-09,10:25:00,10:40:00,12.323978,76.627961,12.343978,76.647961,NULL
aswm895417682,2022-02-18,22:00:00,22:10:00,15.569600,73.742294,15.659600,73.832294,NULL
asxx347950179,2022-03-20,21:25:00,21:30:00,22.744648,75.894377,22.854648,76.004377,NULL
atdd040421445,2022-03-07,23:35:00,23:45:00,23.369746,85.339820,23.399746,85.369820,NULL
atdz954767847,2022-03-23,22:25:00,22:40:00,22.725748,75.898497,22.805747,75.978497,NULL
atfe691525472,2022-03-09,19:55:00,20:10:00,23.351489,85.324253,23.401489,85.374253,NULL
atgc248887447,2022-03-01,09:50:00,10:05:00,26.766536,75.837333,26.786536,75.857333,NULL
atic223355684,2022-02-18,21:10:00,21:15:00,22.514585,88.393310,22.624585,88.503310,NULL
ativ684738536,2022-03-21,09:50:00,09:55:00,23.374878,85.335739,23.394878,85.355739,NULL
atkn254878368,2022-03-05,19:40:00,19:45:00,12.321214,76.621094,12.371214,76.671094,NULL
atlo588843752,2022-03-05,18:25:00,18:30:00,23.357804,85.325146,23.417804,85.385146,NULL
atlw889300648,2022-03-05,08:10:00,08:20:00,23.374989,85.335486,23.394989,85.355486,NULL
atlx350228685,2022-03-14,18:50:00,19:05:00,12.972161,77.596014,13.062161,77.686014,NULL
atre445476415,2022-03-25,19:30:00,19:40:00,22.310526,73.170937,22.390526,73.250937,NULL
atse821686420,2022-04-05,19:55:00,20:00:00,23.351489,85.324253,23.401489,85.374253,NULL
atth596039093,2022-03-24,11:15:00,11:25:00,11.024839,77.007003,11.034839,77.017003,NULL
attm776564855,2022-03-10,22:50:00,23:00:00,26.913987,75.752891,27.003987,75.842891,NULL
auad338728375,2022-03-12,18:30:00,18:35:00,12.311072,76.654878,12.441072,76.784878,NULL
aual306364443,2022-02-14,18:15:00,18:20:00,22.538999,88.322337,22.668999,88.452337,NULL
aubk095886669,2022-03-19,09:10:00,09:15:00,12.935662,77.614130,12.945662,77.624130,NULL
aubn703912862,2022-03-09,15:50:00,16:00:00,22.732225,75.874765,22.772225,75.914765,NULL
audl294352117,2022-03-09,20:20:00,20:30:00,18.536718,73.830327,18.566719,73.860327,NULL
aueo046070324,2022-03-21,16:40:00,16:45:00,18.516216,73.842527,18.556216,73.882527,NULL
aufc490317440,2022-03-11,18:35:00,18:40:00,18.554382,73.798206,18.584382,73.828206,NULL
aukh388663964,2022-03-09,20:45:00,21:00:00,12.978453,77.643685,13.008453,77.673685,NULL
aumx909520799,2022-02-14,19:25:00,19:30:00,22.533662,88.366217,22.643662,88.476217,NULL
aund966842529,2022-02-16,21:35:00,21:45:00,-19.876994,75.372353,20.006994,75.502353,NULL
auoq176311463,2022-03-12,20:30:00,20:45:00,12.304569,76.643622,12.394569,76.733622,NULL
auqq121884741,2022-03-01,22:20:00,22:30:00,18.994237,72.825553,19.024237,72.855553,NULL
auti027652553,2022-02-13,15:25:00,15:40:00,0.000000,0.000000,0.040000,0.040000,NULL
auyo103186470,2022-03-20,19:25:00,19:35:00,19.181300,72.836191,19.271300,72.926191,NULL
auza991531392,2022-04-05,15:25:00,15:35:00,23.359033,85.325347,23.399033,85.365347,NULL
auzl559623519,2022-03-27,21:40:00,21:55:00,23.359194,85.325447,23.429194,85.395447,NULL
auzn384622842,2022-04-03,21:55:00,22:00:00,11.024839,77.007003,11.084839,77.067003,NULL
avbe694455556,2022-04-03,10:45:00,11:00:00,23.353783,85.326967,23.363783,85.336967,NULL
avbf694257748,2022-03-09,11:35:00,11:45:00,26.902908,75.792934,26.912908,75.802934,NULL
avcb570617063,2022-03-10,20:10:00,20:25:00,13.066762,80.251865,13.176762,80.361865,NULL
avfk489818634,2022-03-01,22:20:00,22:30:00,22.311844,73.165081,22.361844,73.215081,NULL
avrv005980676,2022-03-23,21:00:00,21:10:00,26.914142,75.805704,26.994142,75.885704,NULL
avse719819725,2022-03-19,09:50:00,10:05:00,13.027018,80.254791,13.037018,80.264791,NULL
avyb519970850,2022-04-05,22:40:00,22:45:00,21.171060,72.789292,21.221060,72.839292,NULL
awaw756384068,2022-04-04,22:10:00,22:25:00,11.006686,76.951736,11.116686,77.061736,NULL
awbx478498770,2022-03-03,23:25:00,23:35:00,22.311844,73.165081,22.361844,73.215081,NULL
awcc042259962,2022-03-15,10:45:00,10:55:00,22.753839,75.897429,22.773839,75.917429,NULL
awdg688478059,2022-03-07,23:55:00,00:10:00,12.975377,77.696664,13.025377,77.746664,NULL
aweq724691039,2022-03-24,22:35:00,22:45:00,12.970221,77.645396,13.020221,77.695396,NULL
awex426434856,2022-04-05,20:55:00,21:10:00,13.005801,80.250744,13.065801,80.310744,NULL
awls619654445,2022-03-30,09:15:00,09:30:00,19.120083,72.907385,19.130083,72.917385,NULL
awpp456302898,2022-03-27,19:40:00,19:55:00,12.337928,76.617889,12.407928,76.687889,NULL
awrl184508188,2022-03-21,13:45:00,13:55:00,12.979096,77.640625,13.019096,77.680625,NULL
awxg176721187,2022-02-11,16:40:00,16:45:00,0.000000,0.000000,0.040000,0.040000,NULL
awyc243905733,2022-03-09,00:00:00,00:15:00,13.029780,80.208812,13.059780,80.238812,NULL
axlc580328689,2022-03-29,21:45:00,21:55:00,11.000762,76.981876,11.070762,77.051876,NULL
axqp874762890,2022-03-10,23:25:00,23:35:00,21.171060,72.789292,21.261060,72.879292,NULL
axtz155758687,2022-03-09,10:50:00,10:55:00,17.430448,78.418213,17.450448,78.438213,NULL
axvn514214490,2022-03-17,16:00:00,16:05:00,12.325461,76.632278,12.365461,76.672278,NULL
ayaz132478544,2022-03-26,10:00:00,10:10:00,17.459710,78.368855,17.469710,78.378855,NULL
aybr082208761,2022-02-11,23:25:00,23:40:00,25.449659,81.839744,25.479659,81.869744,NULL
ayfi184098229,2022-03-09,13:50:00,14:00:00,23.354422,85.332900,23.394422,85.372900,NULL
ayfz034766254,2022-02-12,20:20:00,20:25:00,0.000000,0.000000,0.070000,0.070000,NULL
ayhh368283187,2022-03-09,21:00:00,21:05:00,17.459710,78.368855,17.489710,78.398855,NULL
aykg167786390,2022-03-08,23:50:00,00:05:00,12.939496,77.625999,13.019496,77.705999,NULL
aymq838059563,2022-03-11,23:20:00,23:30:00,13.029780,80.208812,13.079780,80.258812,NULL
aynk455476659,2022-03-11,22:45:00,22:50:00,12.297954,76.665169,12.327954,76.695169,NULL
ayno081705564,2022-03-31,23:10:00,23:25:00,18.554382,73.798206,18.624382,73.868206,NULL
ayns342721271,2022-03-13,10:40:00,10:55:00,22.308096,73.167753,22.318096,73.177753,NULL
ayqy361822312,2022-04-05,13:40:00,13:45:00,23.369746,85.339820,23.409746,85.379820,NULL
aytm224677841,2022-03-26,20:55:00,21:10:00,22.310237,73.158921,22.360237,73.208921,NULL
ayuo575433218,2022-03-30,19:25:00,19:30:00,13.029198,77.570997,13.079198,77.620997,NULL
ayur727784347,2022-03-19,14:55:00,15:00:00,12.323194,76.630583,12.363194,76.670583,NULL
ayus499099203,2022-03-08,18:20:00,18:30:00,22.320000,73.170000,22.450000,73.300000,NULL
ayze091752871,2022-03-23,20:45:00,21:00:00,22.722634,75.886959,22.792634,75.956959,NULL
azbl388947972,2022-03-23,18:30:00,18:35:00,17.431477,78.400350,17.541477,78.510350,NULL
azdn243262904,2022-03-07,20:00:00,20:15:00,18.516216,73.842527,18.576216,73.902527,NULL
azeb359318530,2022-03-23,19:35:00,19:50:00,23.374989,85.335486,23.444989,85.405486,NULL
azgk940712115,2022-03-24,17:20:00,17:35:00,18.994049,72.825203,19.054049,72.885203,NULL
azhl704321940,2022-03-26,17:35:00,17:40:00,19.223840,72.841347,19.273840,72.891347,NULL
azip449964991,2022-03-03,13:35:00,13:50:00,26.914142,75.805704,26.954142,75.845704,NULL
azkn185141270,2022-03-18,21:20:00,21:25:00,21.170096,72.789122,21.260096,72.879122,NULL
azvm450741882,2022-02-13,09:40:00,09:55:00,22.527893,88.368628,22.547893,88.388628,NULL
azwj852419682,2022-03-16,23:45:00,00:00:00,18.593481,73.785901,18.673481,73.865901,NULL
azxe171169097,2022-04-01,22:10:00,22:15:00,13.049645,80.242268,13.079645,80.272268,NULL
azxh939458598,2022-03-28,21:30:00,21:40:00,26.911378,75.789034,26.971378,75.849034,NULL
azzy093908793,2022-04-06,22:30:00,22:45:00,22.310329,73.169083,22.400329,73.259083,NULL
babh900313200,2022-03-15,10:10:00,10:25:00,12.337978,76.616792,12.347978,76.626792,NULL
badg569404377,2022-02-14,20:35:00,20:50:00,26.472001,80.354002,26.562001,80.444002,NULL
bafy411454593,2022-03-11,12:40:00,12:50:00,18.563934,73.915367,18.603935,73.955367,NULL
bajg463441784,2022-03-24,17:35:00,17:50:00,18.516216,73.842527,18.576216,73.902527,NULL
bakh785464108,2022-03-29,23:30:00,23:35:00,12.934365,77.616155,13.064365,77.746155,NULL
balc576608831,2022-03-06,18:45:00,19:00:00,12.914264,77.678400,12.994264,77.758400,NULL
bang727499574,2022-02-12,23:55:00,00:05:00,15.506205,73.766668,15.596205,73.856668,NULL
baqr590802462,2022-03-30,18:45:00,18:50:00,11.010375,76.952950,11.070375,77.012950,NULL
bawg380752057,2022-02-15,21:15:00,21:25:00,26.474986,80.342796,26.504986,80.372796,NULL
baxl542244907,2022-03-28,21:55:00,22:10:00,13.086438,80.220672,13.136439,80.270672,NULL
bayt089153732,2022-03-04,18:25:00,18:35:00,21.160522,72.771477,21.250522,72.861477,NULL
bbgh144808301,2022-03-25,20:15:00,20:30:00,11.000762,76.981876,11.090762,77.071876,NULL
bbgr395871242,2022-03-17,11:55:00,12:05:00,26.914142,75.805704,26.924142,75.815704,NULL
bbgr695258844,2022-03-07,23:30:00,23:45:00,0.000000,0.000000,0.030000,0.030000,NULL
bbho455763917,2022-03-12,23:40:00,23:45:00,12.323225,76.630028,12.453225,76.760028,NULL
bbhr670195478,2022-03-10,20:35:00,20:40:00,22.753839,75.897429,22.823839,75.967429,NULL
bbhz772774064,2022-03-30,14:15:00,14:25:00,0.000000,0.000000,0.040000,0.040000,NULL
bbir670631120,2022-03-16,22:35:00,22:40:00,12.316967,76.603067,12.446967,76.733067,NULL
bbjh476504021,2022-04-01,18:15:00,18:20:00,19.131141,72.813074,19.191140,72.873074,NULL
bbjs482952719,2022-03-28,12:00:00,12:05:00,21.175104,72.804342,21.195104,72.824342,NULL
bbjz341859236,2022-02-18,17:55:00,18:10:00,25.459775,81.834841,25.569775,81.944841,NULL
bbnj353030883,2022-03-13,23:45:00,23:55:00,19.207222,72.972281,19.257222,73.022281,NULL
bbnp793151805,2022-03-17,20:10:00,20:25:00,11.001753,76.986241,11.061753,77.046241,NULL
bbnr516035238,2022-02-14,00:00:00,00:15:00,23.211529,77.419399,23.281529,77.489399,NULL
bboa768783377,2022-02-17,22:40:00,22:45:00,27.201725,78.007553,27.261725,78.067553,NULL
bbow373480117,2022-03-02,20:35:00,20:50:00,0.000000,0.000000,0.080000,0.080000,NULL
bbrb947628524,2022-03-21,17:25:00,17:30:00,21.160437,72.774209,21.210437,72.824209,NULL
bbvg710944152,2022-04-05,11:25:00,11:35:00,22.751857,75.866699,22.761857,75.876699,NULL
bbvn701973250,2022-02-17,13:00:00,13:10:00,0.000000,0.000000,0.040000,0.040000,NULL
bbwn409214373,2022-03-23,22:45:00,22:55:00,18.536562,73.896485,18.616562,73.976485,NULL
bbws342212288,2022-03-05,15:25:00,15:35:00,19.126630,72.829976,19.166630,72.869976,NULL
bbyc844076156,2022-02-11,20:25:00,20:30:00,19.874103,75.368419,19.934103,75.428419,NULL
bcam640500973,2022-03-06,17:40:00,17:45:00,12.304569,76.643622,12.394569,76.733622,NULL
bcau605383718,2022-03-18,17:10:00,17:25:00,11.022477,76.995667,11.112477,77.085667,NULL
bcay049496360,2022-03-13,16:20:00,16:25:00,22.745536,75.893106,22.785536,75.933106,NULL
bccf170983941,2022-03-03,09:15:00,09:25:00,17.431477,78.400350,17.441477,78.410350,NULL
bchp683452298,2022-04-01,11:00:00,11:10:00,12.323978,76.627961,12.333978,76.637961,NULL
bcmw198870239,2022-03-31,21:15:00,21:20:00,21.149834,72.778666,21.219834,72.848666,NULL
bcnr191505244,2022-02-13,17:25:00,17:40:00,27.160832,78.011608,27.220832,78.071608,NULL
bcoy911928783,2022-04-01,18:50:00,19:05:00,18.554382,73.798206,18.584382,73.828206,NULL
bcpp802542009,2022-04-03,18:10:00,18:15:00,23.374878,85.335739,23.404878,85.365739,NULL
bcra003243136,2022-03-17,15:40:00,15:45:00,18.994237,72.825553,19.034237,72.865553,NULL
bcsj631443742,2022-03-21,08:20:00,08:30:00,26.911378,75.789034,26.921378,75.799034,NULL
bcwf603000017,2022-02-13,10:25:00,10:30:00,19.866969,75.318894,19.886969,75.338894,NULL
bcwm696536948,2022-03-07,19:30:00,19:40:00,13.064181,80.236442,13.114181,80.286442,NULL
bcww473893145,2022-03-12,21:15:00,21:25:00,11.003669,76.976494,11.113669,77.086494,NULL
bdgg583460678,2022-03-11,12:35:00,12:40:00,11.010375,76.952950,11.050375,76.992950,NULL
bdgu970232668,2022-03-04,22:55:00,23:05:00,22.751857,75.866699,22.881857,75.996699,NULL
bdim024911353,2022-03-01,17:15:00,17:30:00,10.994136,76.963303,11.044136,77.013303,NULL
bdjq292834260,2022-02-17,10:25:00,10:30:00,27.165108,78.015053,27.185108,78.035053,NULL
bdlj244755703,2022-03-19,19:20:00,19:25:00,11.026117,76.944652,11.086117,77.004652,NULL
bdlk287272047,2022-03-24,21:45:00,22:00:00,0.000000,0.000000,0.030000,0.030000,NULL
bdmv747369791,2022-03-25,22:55:00,23:10:00,12.906229,77.596791,13.016229,77.706791,NULL
bdof057985886,2022-03-21,10:25:00,10:40:00,21.186608,72.794136,21.196608,72.804136,NULL
bdsk102329422,2022-03-02,17:55:00,18:10:00,26.956431,75.776649,27.046431,75.866649,NULL
bdwh279690088,2022-03-16,22:10:00,22:20:00,12.310972,76.659264,12.390972,76.739264,NULL
bdxt062645994,2022-03-19,18:35:00,18:40:00,18.562450,73.916619,18.592450,73.946619,NULL
bdxx465499728,2022-03-16,22:55:00,23:10:00,26.846156,75.802300,26.916156,75.872300,NULL
bdyd285549311,2022-04-06,20:40:00,20:45:00,11.024839,77.007003,11.134839,77.117003,NULL
bdyf341412522,2022-03-24,21:10:00,21:20:00,12.934365,77.616155,12.994365,77.676155,NULL
bdze255124981,2022-03-09,10:50:00,11:00:00,18.539299,73.897902,18.549299,73.907902,NULL
bebv151631351,2022-03-27,17:45:00,17:55:00,21.175975,72.795503,21.245975,72.865503,NULL
bedb744831513,2022-03-25,20:30:00,20:40:00,18.514210,73.838429,18.644210,73.968429,NULL
bedv452725022,2022-04-01,13:20:00,13:25:00,26.913483,75.803139,26.953483,75.843139,NULL
befv867092423,2022-03-28,10:20:00,10:25:00,13.026279,80.174568,13.036279,80.184568,NULL
begl134724482,2022-04-05,10:50:00,10:55:00,26.902908,75.792934,26.922908,75.812934,NULL
bejo482478504,2022-03-06,23:10:00,23:20:00,22.751234,75.889490,22.881234,76.019490,NULL
bels183885078,2022-04-03,20:55:00,21:05:00,19.176269,72.836721,19.236269,72.896721,NULL
bemg256183050,2022-03-20,18:50:00,19:00:00,21.185047,72.808590,21.255047,72.878590,NULL
beqw971626293,2022-03-30,09:45:00,09:50:00,13.064181,80.236442,13.084181,80.256442,NULL
besj904014692,2022-03-25,17:35:00,17:45:00,13.091809,80.219104,13.181809,80.309104,NULL
bete036087771,2022-03-01,10:20:00,10:25:00,23.351489,85.324253,23.361489,85.334253,NULL
betp531981231,2022-03-18,23:40:00,23:50:00,12.979166,77.640709,13.069166,77.730709,NULL
beuj273808444,2022-03-14,19:45:00,20:00:00,11.008638,76.984311,11.118638,77.094311,NULL
beut951379798,2022-03-04,23:40:00,23:55:00,19.091458,72.827808,19.221458,72.957808,NULL
bfal072228723,2022-03-18,20:50:00,21:05:00,13.026279,80.174568,13.116279,80.264568,NULL
bfbj833683709,2022-02-14,22:55:00,23:00:00,23.235123,77.398886,23.305123,77.468886,NULL
bfdl136701220,2022-03-06,17:20:00,17:35:00,12.334022,76.618203,12.414022,76.698203,NULL
bfge379144768,2022-04-01,21:10:00,21:25:00,13.064181,80.236442,13.094181,80.266442,NULL
bfjg388704276,2022-03-08,21:50:00,21:55:00,18.563934,73.915367,18.693935,74.045367,NULL
bfkg618654707,2022-02-14,23:30:00,23:35:00,27.158822,78.045359,27.268822,78.155359,NULL
bfli905808441,2022-03-07,18:15:00,18:30:00,22.312790,73.170283,22.372790,73.230283,NULL
bfny030954678,2022-03-28,11:15:00,11:30:00,26.846156,75.802300,26.866156,75.822300,NULL
bfos818251561,2022-03-14,23:00:00,23:10:00,13.066762,80.251865,13.196762,80.381865,NULL
bfqt598672432,2022-03-16,22:00:00,22:05:00,18.536562,73.896485,18.606562,73.966485,NULL
bfre888119133,2022-02-15,23:55:00,00:05:00,19.875908,75.358888,19.905908,75.388888,NULL
bfrj053872191,2022-02-14,23:30:00,23:40:00,30.361281,78.068022,30.441281,78.148022,NULL
bftc275027973,2022-03-05,23:10:00,23:25:00,11.024839,77.007003,11.074839,77.057003,NULL
bfth853324119,2022-03-04,22:20:00,22:30:00,18.520016,73.830547,18.630016,73.940547,NULL
bfuj579056309,2022-03-15,12:20:00,12:30:00,11.025083,77.015393,11.065083,77.055393,NULL
bfup174692326,2022-02-16,19:20:00,19:30:00,9.970717,76.285447,10.060717,76.375447,NULL
bfvj522482572,2022-03-21,19:15:00,19:20:00,0.000000,0.000000,0.060000,0.060000,NULL
bfvt139030303,2022-03-13,18:00:00,18:10:00,17.422819,78.449578,17.472819,78.499578,NULL
bfwc806496742,2022-02-11,22:30:00,22:45:00,27.163303,78.057044,27.193303,78.087044,NULL
bfye449446709,2022-03-01,18:10:00,18:15:00,22.761226,75.887522,22.821226,75.947522,NULL
bgto929415255,2022-03-04,23:55:00,00:00:00,22.725748,75.898497,22.855747,76.028497,NULL
bguq961758853,2022-03-25,18:25:00,18:30:00,26.902940,75.793007,27.032940,75.923007,NULL
bgvc052754213,2022-02-12,21:55:00,22:10:00,30.327968,78.046106,30.397968,78.116106,NULL
bgyd321215856,2022-04-03,23:50:00,00:05:00,23.416792,85.316842,23.476792,85.376842,NULL
bgyt095967916,2022-03-01,09:25:00,09:30:00,22.320000,73.170000,22.340000,73.190000,NULL
bgzb478657903,2022-03-20,22:20:00,22:25:00,21.152760,72.778059,21.232760,72.858059,NULL
bhcz364671719,2022-04-04,20:55:00,21:10:00,11.022298,76.998349,11.102298,77.078349,NULL
bhdc048787467,2022-03-13,09:50:00,10:00:00,22.745049,75.892471,22.765049,75.912471,NULL
bhdi726355812,2022-02-11,21:10:00,21:25:00,0.000000,0.000000,0.050000,0.050000,NULL
bhgw115060595,2022-03-14,22:45:00,22:55:00,23.359407,85.325055,23.429407,85.395055,NULL
bhhg590351975,2022-03-08,19:50:00,20:05:00,17.431668,78.408321,17.561668,78.538321,NULL
bhhq382022314,2022-03-13,08:45:00,08:50:00,26.911378,75.789034,26.921378,75.799034,NULL
bhht187756692,2022-03-19,13:25:00,13:40:00,26.888420,75.800689,26.928420,75.840689,NULL
bhkg772657403,2022-03-28,12:50:00,13:00:00,12.972532,77.608179,13.012532,77.648179,NULL
bhln372134106,2022-02-16,19:00:00,19:05:00,30.895817,75.813112,31.025817,75.943112,NULL
bhoj726876548,2022-03-15,17:30:00,17:40:00,10.994136,76.963303,11.054136,77.023303,NULL
bhrp154756891,2022-03-03,22:00:00,22:15:00,12.316967,76.603067,12.376967,76.663067,NULL
bhtj754484475,2022-03-30,09:25:00,09:40:00,19.126630,72.829976,19.136630,72.839976,NULL
bhve602338760,2022-03-03,09:35:00,09:50:00,11.022169,76.999594,11.032169,77.009594,NULL
bhvn688414521,2022-03-06,20:25:00,20:40:00,0.000000,0.000000,0.130000,0.130000,NULL
bhyf364527855,2022-03-17,14:30:00,14:40:00,26.911927,75.797282,26.951927,75.837282,NULL
bhyj654905856,2022-04-02,22:45:00,22:55:00,11.001753,76.986241,11.091753,77.076241,NULL
biau131098726,2022-03-19,21:55:00,22:10:00,0.000000,0.000000,0.060000,0.060000,NULL
biho291295488,2022-03-12,22:00:00,22:10:00,18.516216,73.842527,18.646216,73.972527,NULL
biir394246009,2022-03-26,12:45:00,12:55:00,17.450851,78.379347,17.490851,78.419347,NULL
biit172713873,2022-04-02,20:30:00,20:35:00,23.351058,85.325731,23.461058,85.435731,NULL
biku744167713,2022-03-19,20:35:00,20:45:00,26.911378,75.789034,26.941378,75.819034,NULL
bilz803967921,2022-03-14,22:50:00,23:05:00,11.022477,76.995667,11.102477,77.075667,NULL
birb464226378,2022-04-04,22:30:00,22:40:00,19.003517,72.827650,19.083517,72.907650,NULL
bivf289084020,2022-03-13,08:20:00,08:30:00,12.978453,77.643685,12.998453,77.663685,NULL
biwk715984081,2022-03-06,21:00:00,21:05:00,13.044694,80.261470,13.174694,80.391470,NULL
bixf169973084,2022-03-23,17:35:00,17:45:00,0.000000,0.000000,0.080000,0.080000,NULL
bixi927961770,2022-03-06,19:25:00,19:40:00,18.569156,73.774723,18.639156,73.844723,NULL
bjdg509711656,2022-02-13,22:30:00,22:35:00,15.544419,73.755736,15.604419,73.815736,NULL
bjhi733283143,2022-02-13,16:25:00,16:30:00,15.513150,73.783460,15.553150,73.823460,NULL
bjkn889102124,2022-04-01,20:35:00,20:45:00,18.592718,73.773572,18.642718,73.823572,NULL
bjop843063393,2022-03-24,23:40:00,23:55:00,21.149669,72.772629,21.209669,72.832629,NULL
bjqh963515046,2022-04-06,21:10:00,21:15:00,13.049645,80.242268,13.139645,80.332268,NULL
bjqm277723448,2022-02-12,20:30:00,20:40:00,26.483672,80.320708,26.623672,80.460708,NULL
bjrp147459674,2022-03-02,23:25:00,23:40:00,0.000000,0.000000,0.110000,0.110000,NULL
bjsj483748549,2022-02-18,19:35:00,19:50:00,30.885915,75.788259,30.965915,75.868259,NULL
bjzz384004381,2022-04-01,21:35:00,21:45:00,26.913483,75.803139,26.963483,75.853139,NULL
bkbb251385459,2022-03-26,22:00:00,22:10:00,22.732225,75.874765,22.762225,75.904765,NULL
bkbi332206239,2022-04-03,09:35:00,09:40:00,12.972532,77.608179,12.982532,77.618179,NULL
bkby318221734,2022-03-04,17:10:00,17:20:00,22.753659,75.903365,22.843659,75.993365,NULL
bkcv112171609,2022-02-18,19:20:00,19:25:00,27.163303,78.057044,27.253303,78.147044,NULL
bkde090195988,2022-03-27,17:15:00,17:25:00,13.026279,80.174568,13.096279,80.244568,NULL
bkdt508003429,2022-02-11,10:35:00,10:40:00,26.474986,80.342796,26.494986,80.362796,NULL
bkeq126094080,2022-03-01,22:35:00,22:45:00,26.846156,75.802300,26.876156,75.832300,NULL
bker786677968,2022-03-28,17:45:00,18:00:00,12.975996,80.221898,13.005996,80.251898,NULL
bkgd879562534,2022-03-07,08:30:00,08:35:00,17.451976,78.385883,17.461976,78.395883,NULL
bkgg969754369,2022-02-16,17:50:00,17:55:00,30.890184,75.829615,31.030184,75.969615,NULL
bkhb372536354,2022-04-01,20:15:00,20:30:00,18.551440,73.804855,18.611440,73.864855,NULL
bkig115711362,2022-03-17,10:55:00,11:05:00,26.911378,75.789034,26.921378,75.799034,NULL
bkjb777500561,2022-02-13,21:45:00,21:50:00,0.000000,0.000000,0.050000,0.050000,NULL
bkke597414367,2022-03-31,23:10:00,23:15:00,0.000000,0.000000,0.110000,0.110000,NULL
bkkx967867895,2022-03-11,20:00:00,20:15:00,0.000000,0.000000,0.030000,0.030000,NULL
bkmx082772212,2022-03-26,23:50:00,00:05:00,18.530963,73.828972,18.560963,73.858972,NULL
bknb329924173,2022-03-15,12:30:00,12:45:00,22.751857,75.866699,22.791857,75.906699,NULL
bkow083748184,2022-03-26,14:20:00,14:35:00,12.352058,76.606650,12.392058,76.646650,NULL
bkpg950263031,2022-04-02,22:15:00,22:20:00,26.905190,75.810753,26.985190,75.890753,NULL
bkpw908369288,2022-03-06,23:00:00,23:15:00,22.745049,75.892471,22.815049,75.962471,NULL
bksz373658613,2022-03-16,19:00:00,19:05:00,0.000000,0.000000,0.110000,0.110000,NULL
bkxn487162491,2022-03-15,14:15:00,14:25:00,13.029780,80.208812,13.069780,80.248812,NULL
bkxv092882396,2022-03-15,22:45:00,23:00:00,22.727021,75.884167,22.757021,75.914167,NULL
bkxx489562376,2022-03-23,18:35:00,18:40:00,12.975996,80.221898,13.065996,80.311898,NULL
bkye812284353,2022-04-02,19:45:00,19:55:00,23.353783,85.326967,23.433783,85.406967,NULL
bkzq180532352,2022-03-31,19:15:00,19:20:00,17.433809,78.386744,17.563809,78.516744,NULL
blcs295276157,2022-03-24,11:25:00,11:30:00,11.025083,77.015393,11.035083,77.025393,NULL
blfn083779236,2022-03-03,17:45:00,17:50:00,23.351058,85.325731,23.401058,85.375731,NULL
blfx506276413,2022-03-21,21:25:00,21:35:00,26.921411,75.793604,26.951411,75.823604,NULL
blgx713939207,2022-03-20,20:15:00,20:30:00,12.933298,77.614293,13.023298,77.704293,NULL
blhb715688694,2022-03-16,00:00:00,00:15:00,11.000762,76.981876,11.080762,77.061876,NULL
blhl288691670,2022-02-14,19:50:00,20:05:00,26.463504,80.372929,26.593504,80.502929,NULL
blid362823734,2022-03-27,17:30:00,17:45:00,12.975377,77.696664,13.045377,77.766664,NULL
bljk600791559,2022-03-20,18:15:00,18:30:00,11.021278,76.995017,11.151278,77.125017,NULL
bljl064175614,2022-02-15,09:30:00,09:35:00,23.230791,77.437020,23.240791,77.447020,NULL
bljs286972534,2022-03-15,15:50:00,16:00:00,26.905190,75.810753,26.945190,75.850753,NULL
blks537171251,2022-03-29,21:15:00,21:30:00,21.160522,72.771477,21.250522,72.861477,NULL
bluj913410554,2022-03-20,22:00:00,22:15:00,18.516216,73.842527,18.596216,73.922527,NULL
blve797831428,2022-03-31,21:20:00,21:35:00,21.149569,72.772697,21.219569,72.842697,NULL
blwt533611656,2022-03-05,09:55:00,10:10:00,0.000000,0.000000,0.020000,0.020000,NULL
blye300107132,2022-03-06,18:45:00,19:00:00,12.284747,76.625861,12.414747,76.755861,NULL
blzi055621134,2022-03-08,21:45:00,21:55:00,11.022298,76.998349,11.152298,77.128349,NULL
bmbx969122269,2022-03-15,12:45:00,12:50:00,12.337978,76.616792,12.377978,76.656792,NULL
bmix149147356,2022-03-16,19:50:00,20:00:00,19.176269,72.836721,19.306269,72.966721,NULL
bmms962191080,2022-03-24,23:55:00,00:05:00,12.352058,76.606650,12.412058,76.666650,NULL
bmot757034837,2022-03-12,23:10:00,23:25:00,13.064181,80.236442,13.174181,80.346442,NULL
bmov105758148,2022-02-17,18:55:00,19:00:00,0.000000,0.000000,0.060000,0.060000,NULL
bmwv968397951,2022-04-01,17:35:00,17:45:00,11.024839,77.007003,11.084839,77.067003,NULL
bncl161561536,2022-03-27,21:30:00,21:35:00,0.000000,0.000000,0.080000,0.080000,NULL
bndr628170904,2022-03-29,21:00:00,21:05:00,12.939496,77.625999,13.029496,77.715999,NULL
bnep394695378,2022-03-21,10:50:00,10:55:00,11.022298,76.998349,11.042298,77.018349,NULL
bnnr851834947,2022-03-08,21:45:00,21:55:00,26.956431,75.776649,27.096431,75.916649,NULL
bnoa820478512,2022-03-14,19:30:00,19:45:00,22.307898,73.167788,22.377898,73.237788,NULL
bnoc970010542,2022-03-03,11:30:00,11:45:00,26.956431,75.776649,26.976431,75.796649,NULL
bntc174685930,2022-02-18,20:30:00,20:40:00,22.538999,88.322337,22.628999,88.412337,NULL
bnuj824696707,2022-03-04,17:35:00,17:50:00,12.310972,76.659264,12.390972,76.739264,NULL
bnun609044775,2022-04-05,20:50:00,21:05:00,17.429585,78.392621,17.459585,78.422621,NULL
bnuz609430257,2022-03-29,23:45:00,23:55:00,0.000000,0.000000,0.080000,0.080000,NULL
bnva693926602,2022-03-30,21:10:00,21:15:00,0.000000,0.000000,0.030000,0.030000,NULL
bnxs936910027,2022-03-07,09:10:00,09:20:00,12.975377,77.696664,12.985377,77.706664,NULL
bnxz123669026,2022-03-11,21:30:00,21:45:00,17.410371,78.437225,17.470371,78.497225,NULL
bobn397260160,2022-03-18,22:45:00,23:00:00,23.359407,85.325055,23.439407,85.405055,NULL
bocv646297459,2022-04-02,22:30:00,22:45:00,22.725835,75.887648,22.855835,76.017648,NULL
bocx711605816,2022-02-15,09:25:00,09:30:00,-22.539129,88.365507,22.549129,88.375507,NULL
bofv367591096,2022-02-14,19:45:00,19:50:00,15.506205,73.766668,15.616205,73.876668,NULL
boly320226090,2022-03-19,23:35:00,23:50:00,21.171060,72.789292,21.221060,72.839292,NULL
booz176813299,2022-03-02,00:00:00,00:05:00,17.431477,78.400350,17.521477,78.490350,NULL
bosk106776997,2022-03-25,18:50:00,19:00:00,22.312790,73.170283,22.382790,73.240283,NULL
botn800344578,2022-03-06,21:55:00,22:05:00,23.354422,85.332900,23.424422,85.402900,NULL
bowz636470825,2022-04-05,19:35:00,19:50:00,19.055831,72.833984,19.105831,72.883984,NULL
bpav040107359,2022-02-12,18:35:00,18:50:00,22.526461,88.364453,22.606461,88.444453,NULL
bpbi053158546,2022-03-24,21:45:00,21:50:00,17.412330,78.449654,17.472330,78.509654,NULL
bpdd377230347,2022-03-27,21:55:00,22:05:00,11.022298,76.998349,11.152298,77.128349,NULL
bpep794487426,2022-03-18,21:45:00,21:55:00,17.459710,78.368855,17.589710,78.498855,NULL
bpgk949825186,2022-02-18,18:25:00,18:35:00,30.890184,75.829615,31.000184,75.939615,NULL
bpgy427774371,2022-04-01,18:50:00,19:00:00,23.333017,85.317200,23.363017,85.347200,NULL
bphl964309399,2022-03-28,10:45:00,11:00:00,18.546258,73.904337,18.556258,73.914337,NULL
bpkl436569702,2022-03-02,17:40:00,17:45:00,23.359033,85.325347,23.469033,85.435347,NULL
bpkm613437028,2022-04-03,08:20:00,08:35:00,21.186438,72.794115,21.196438,72.804115,NULL
bpkr573708864,2022-03-12,21:20:00,21:35:00,12.316967,76.603067,12.446967,76.733067,NULL
bplj835948432,2022-04-04,18:10:00,18:15:00,0.000000,0.000000,0.130000,0.130000,NULL
bplp448802662,2022-02-15,21:00:00,21:15:00,26.479108,80.315042,26.539108,80.375042,NULL
bpms242111736,2022-03-17,11:55:00,12:05:00,13.044694,80.261470,13.054694,80.271470,NULL
bptj463968079,2022-03-26,22:45:00,22:50:00,13.066762,80.251865,13.116762,80.301865,NULL
bpup536939414,2022-03-18,20:35:00,20:45:00,22.695207,75.866059,22.765207,75.936059,NULL
bpvi453606061,2022-03-13,23:35:00,23:40:00,0.000000,0.000000,0.060000,0.060000,NULL
bpxl113144990,2022-02-17,15:25:00,15:35:00,23.232357,77.429989,23.272357,77.469989,NULL
bpyt851249485,2022-03-17,15:55:00,16:10:00,0.000000,0.000000,0.040000,0.040000,NULL
bqaj634508884,2022-03-29,17:25:00,17:30:00,23.399250,85.390464,23.529250,85.520464,NULL
bqbz087782451,2022-03-21,18:45:00,18:55:00,13.049645,80.242268,13.099645,80.292268,NULL
bqdz972925293,2022-03-13,19:15:00,19:25:00,17.411028,78.329645,17.461028,78.379645,NULL
bqgh630547963,2022-03-03,18:35:00,18:40:00,13.027018,80.254791,13.057018,80.284791,NULL
bqha472882427,2022-03-08,20:10:00,20:20:00,23.351489,85.324253,23.431489,85.404253,NULL
bqid480406898,2022-03-12,19:35:00,19:45:00,11.021278,76.995017,11.131278,77.105017,NULL
bqig096793490,2022-02-15,19:55:00,20:05:00,10.000706,76.349516,10.050706,76.399516,NULL
bqkk645156352,2022-04-01,08:20:00,08:25:00,22.310329,73.169083,22.320329,73.179083,NULL
bqnf517088787,2022-02-17,16:50:00,16:55:00,0.000000,0.000000,0.040000,0.040000,NULL
bqnl640235013,2022-02-16,20:35:00,20:50:00,27.159795,78.042990,27.249795,78.132990,NULL
bqqy755734042,2022-03-28,08:30:00,08:35:00,17.411028,78.329645,17.431028,78.349645,NULL
bqud745389563,2022-03-23,20:40:00,20:50:00,11.026117,76.944652,11.116117,77.034652,NULL
bqww917475369,2022-03-08,23:15:00,23:25:00,21.175975,72.795503,21.245975,72.865503,NULL
brbi844185855,2022-03-05,20:20:00,20:25:00,18.543626,73.905101,18.573626,73.935101,NULL
brdf648192851,2022-03-31,23:40:00,23:55:00,19.221315,72.862381,19.331315,72.972381,NULL
brdt054744279,2022-03-15,16:10:00,16:20:00,26.910262,75.783013,26.950262,75.823013,NULL
brfo817641389,2022-03-18,20:55:00,21:00:00,12.906229,77.596791,13.036229,77.726791,NULL
brjp572494933,2022-02-11,23:35:00,23:40:00,30.893234,75.821720,30.953234,75.881720,NULL
brlx645457932,2022-04-03,21:15:00,21:30:00,19.055831,72.833984,19.115831,72.893984,NULL
brmx738058250,2022-03-03,13:20:00,13:35:00,22.748060,75.893400,22.788060,75.933400,NULL
brnd208997655,2022-03-28,19:10:00,19:15:00,22.761593,75.886362,22.811593,75.936362,NULL
broc583934059,2022-02-15,10:00:00,10:15:00,26.490950,80.318656,26.500950,80.328656,NULL
brod972469988,2022-03-15,13:15:00,13:30:00,23.354422,85.332900,23.394422,85.372900,NULL
broq547988103,2022-04-06,18:10:00,18:20:00,0.000000,0.000000,0.130000,0.130000,NULL
broz062267660,2022-03-19,19:20:00,19:25:00,13.027018,80.254791,13.077018,80.304791,NULL
brpx666997593,2022-03-27,20:15:00,20:30:00,21.186438,72.794115,21.256438,72.864115,NULL
brqp262001282,2022-03-23,21:30:00,21:40:00,22.725835,75.887648,22.835835,75.997648,NULL
brrt376755570,2022-03-06,21:35:00,21:40:00,13.066762,80.251865,13.156762,80.341865,NULL
brsp138703855,2022-03-26,08:35:00,08:50:00,23.374989,85.335486,23.384989,85.345486,NULL
brub651048429,2022-03-04,17:30:00,17:40:00,12.978453,77.643685,13.068453,77.733685,NULL
brxj812073228,2022-03-15,17:20:00,17:35:00,21.160522,72.771477,21.190522,72.801477,NULL
brxl619430031,2022-03-20,23:10:00,23:20:00,12.975996,80.221898,13.055996,80.301898,NULL
bryu592650833,2022-04-04,21:55:00,22:05:00,12.939496,77.625999,13.029496,77.715999,NULL
bsfb844824303,2022-04-02,22:20:00,22:25:00,21.175104,72.804342,21.305104,72.934342,NULL
bsfi052384846,2022-03-10,21:00:00,21:05:00,23.416792,85.316842,23.486792,85.386842,NULL
bsgv191585564,2022-03-04,17:50:00,17:55:00,17.450851,78.379347,17.560851,78.489347,NULL
bslz514284237,2022-03-06,18:40:00,18:50:00,13.029780,80.208812,13.139780,80.318812,NULL
bsmy693401279,2022-02-15,12:55:00,13:05:00,25.450317,81.831681,25.490317,81.871681,NULL
bsqk265680919,2022-03-31,17:45:00,17:55:00,19.131141,72.813074,19.201141,72.883074,NULL
bsrk558755933,2022-03-23,22:20:00,22:25:00,11.003681,76.975525,11.073681,77.045525,NULL
bssa512198308,2022-03-15,21:00:00,21:15:00,12.972532,77.608179,13.022532,77.658179,NULL
bstr289972744,2022-03-13,14:10:00,14:15:00,13.026279,80.174568,13.066279,80.214568,NULL
bsuk546846869,2022-03-10,17:20:00,17:35:00,21.160522,72.771477,21.240522,72.851477,NULL
bsvm451829461,2022-03-05,21:25:00,21:35:00,13.086438,80.220672,13.136439,80.270672,NULL
bszz787750715,2022-03-20,23:20:00,23:30:00,21.157729,72.768726,21.247729,72.858726,NULL
btbg051247487,2022-03-18,17:40:00,17:45:00,0.000000,0.000000,0.080000,0.080000,NULL
bteq855312657,2022-03-16,23:30:00,23:45:00,13.091809,80.219104,13.171809,80.299104,NULL
btfi321341371,2022-03-13,18:10:00,18:25:00,12.933298,77.614293,12.963298,77.644293,NULL
btfw973451581,2022-04-04,19:30:00,19:40:00,12.334022,76.618203,12.404022,76.688203,NULL
btfz315947079,2022-03-08,20:25:00,20:40:00,11.021278,76.995017,11.111278,77.085017,NULL
btgb318984151,2022-03-28,23:20:00,23:35:00,0.000000,0.000000,0.060000,0.060000,NULL
btgo058247192,2022-04-05,21:20:00,21:35:00,22.311844,73.165081,22.341844,73.195081,NULL
btku895780834,2022-02-13,17:40:00,17:50:00,22.552996,88.352310,22.582996,88.382310,NULL
btqx706209504,2022-03-06,22:15:00,22:25:00,17.455894,78.375467,17.545894,78.465467,NULL
btsi398742989,2022-03-10,21:35:00,21:50:00,0.000000,0.000000,0.070000,0.070000,NULL
btsm806945416,2022-03-10,20:10:00,20:25:00,22.651847,75.881991,22.721847,75.951991,NULL
bttj920116966,2022-03-28,09:00:00,09:15:00,19.223840,72.841347,19.243840,72.861347,NULL
btum518016074,2022-03-26,12:40:00,12:45:00,12.986047,80.218114,13.026047,80.258114,NULL
btvb176667866,2022-03-17,17:35:00,17:45:00,11.006686,76.951736,11.056686,77.001736,NULL
btvs955652245,2022-03-26,11:50:00,11:55:00,18.636215,73.751081,18.646215,73.761081,NULL
btvv812319207,2022-03-31,21:15:00,21:20:00,17.422819,78.449578,17.512819,78.539578,NULL
buah715484957,2022-03-07,08:45:00,09:00:00,23.333017,85.317200,23.343017,85.327200,NULL
buau968210594,2022-03-05,09:20:00,09:25:00,22.310237,73.158921,22.330237,73.178921,NULL
buca343217194,2022-03-12,22:15:00,22:30:00,12.975377,77.696664,13.055377,77.776664,NULL
bufr214794960,2022-03-10,23:10:00,23:15:00,21.171060,72.789292,21.301060,72.919292,NULL
buge370381067,2022-03-31,18:50:00,19:05:00,0.000000,0.000000,0.110000,0.110000,NULL
bugx665524948,2022-03-29,18:15:00,18:25:00,11.022477,76.995667,11.132477,77.105667,NULL
bukk122624769,2022-03-20,17:25:00,17:40:00,0.000000,0.000000,0.110000,0.110000,NULL
bull762076829,2022-03-30,21:55:00,22:00:00,12.308500,76.665808,12.338500,76.695808,NULL
bulw878141846,2022-03-20,20:45:00,20:50:00,18.636215,73.751081,18.746215,73.861081,NULL
buqr100973128,2022-03-20,20:00:00,20:10:00,12.972532,77.608179,13.102532,77.738179,NULL
burj440334053,2022-04-01,16:35:00,16:45:00,19.126630,72.829976,19.166630,72.869976,NULL
burv419391377,2022-03-19,17:50:00,18:00:00,0.000000,0.000000,0.030000,0.030000,NULL
buta268332521,2022-03-06,22:50:00,23:00:00,17.411028,78.329645,17.501028,78.419645,NULL
buue136544686,2022-03-27,20:45:00,20:50:00,19.055831,72.833984,19.125831,72.903984,NULL
buux572471968,2022-03-17,14:55:00,15:05:00,11.026117,76.944652,11.066117,76.984652,NULL
buvz873944331,2022-03-26,10:15:00,10:30:00,23.359407,85.325055,23.369407,85.335055,NULL
buwc135434920,2022-03-05,09:25:00,09:30:00,26.905287,75.794592,26.915287,75.804592,NULL
buwd585339074,2022-03-30,20:35:00,20:50:00,11.024839,77.007003,11.084839,77.067003,NULL
bvee602835777,2022-03-12,18:25:00,18:40:00,23.399250,85.390464,23.529250,85.520464,NULL
bvje827756058,2022-03-04,18:50:00,19:05:00,12.326356,76.619103,12.436356,76.729103,NULL
bvjw124757048,2022-04-05,20:30:00,20:40:00,21.175975,72.795503,21.205975,72.825503,NULL
bvka348874203,2022-03-02,18:50:00,18:55:00,22.761593,75.886362,22.841593,75.966362,NULL
bvkm949558770,2022-03-26,21:55:00,22:00:00,11.025083,77.015393,11.085083,77.075393,NULL
bvni933228891,2022-03-13,09:45:00,09:55:00,13.029198,77.570997,13.039198,77.580997,NULL
bvnu990527179,2022-03-26,19:55:00,20:10:00,13.027018,80.254791,13.057018,80.284791,NULL
bvrg686620414,2022-03-26,20:45:00,20:55:00,26.891191,75.802083,26.951191,75.862083,NULL
bvvi298537483,2022-03-28,09:25:00,09:30:00,17.458998,78.500366,17.468998,78.510366,NULL
bvxr240679262,2022-03-11,13:30:00,13:45:00,0.000000,0.000000,0.040000,0.040000,NULL
bvzs665384830,2022-03-25,18:15:00,18:30:00,23.351058,85.325731,23.481058,85.455731,NULL
bwcj432800757,2022-03-07,12:15:00,12:25:00,26.911927,75.797282,26.951927,75.837282,NULL
bwdp718493458,2022-03-04,19:55:00,20:05:00,12.979096,77.640625,13.109096,77.770625,NULL
bwel617270958,2022-02-15,21:10:00,21:20:00,19.874103,75.368419,19.924103,75.418419,NULL
bwgn732175776,2022-02-13,11:15:00,11:25:00,27.163303,78.057044,27.183303,78.077044,NULL
bwgn919229310,2022-04-03,10:25:00,10:35:00,0.000000,0.000000,0.020000,0.020000,NULL
bwhs416644198,2022-03-12,20:40:00,20:45:00,21.152760,72.778059,21.282760,72.908059,NULL
bwih815497314,2022-03-09,21:55:00,22:05:00,21.185047,72.808590,21.215047,72.838590,NULL
bwjg598031514,2022-03-29,23:55:00,00:05:00,18.562450,73.916619,18.642450,73.996619,NULL
bwki417560391,2022-03-26,10:30:00,10:45:00,0.000000,0.000000,0.020000,0.020000,NULL
bwny917977716,2022-03-25,17:35:00,17:50:00,21.157735,72.768778,21.247735,72.858778,NULL
bwoc658044920,2022-04-04,23:40:00,23:55:00,0.000000,0.000000,0.130000,0.130000,NULL
bwor581840042,2022-03-14,18:50:00,19:00:00,13.086438,80.220672,13.196438,80.330672,NULL
bwtq922549564,2022-03-13,17:35:00,17:40:00,0.000000,0.000000,0.060000,0.060000,NULL
bwtx184840749,2022-03-13,15:45:00,16:00:00,19.254567,72.848923,19.294567,72.888923,NULL
bwyc270989948,2022-04-02,18:45:00,18:50:00,12.325461,76.632278,12.395461,76.702278,NULL
bwzh996131808,2022-03-28,21:15:00,21:25:00,21.152760,72.778059,21.202760,72.828059,NULL
bxbc764622114,2022-03-05,08:35:00,08:45:00,21.186438,72.794115,21.196438,72.804115,NULL
bxbe506215400,2022-03-31,17:55:00,18:10:00,26.956431,75.776649,27.036431,75.856649,NULL
bxen082154264,2022-02-17,23:15:00,23:25:00,15.585658,73.743606,15.635658,73.793606,NULL
bxgo541921210,2022-03-01,19:00:00,19:10:00,17.410371,78.437225,17.440371,78.467225,NULL
bxlg488696716,2022-03-20,18:00:00,18:05:00,19.254567,72.848923,19.364567,72.958923,NULL
bxlj064283383,2022-03-26,13:10:00,13:20:00,17.431477,78.400350,17.471477,78.440350,NULL
bxlm526556984,2022-03-28,23:50:00,00:00:00,26.902940,75.793007,26.952940,75.843007,NULL
bxmi331655934,2022-03-02,23:10:00,23:15:00,12.906229,77.596791,13.036229,77.726791,NULL
bxmp908266441,2022-03-21,22:25:00,22:30:00,13.091809,80.219104,13.121809,80.249104,NULL
bxnl262160270,2022-03-03,08:55:00,09:10:00,18.592718,73.773572,18.602718,73.783572,NULL
bxoi380263099,2022-03-10,23:25:00,23:35:00,18.563934,73.915367,18.693935,74.045367,NULL
bxud477239008,2022-03-19,21:45:00,21:50:00,12.323194,76.630583,12.373194,76.680583,NULL
bxug703222814,2022-02-16,21:10:00,21:20:00,0.000000,0.000000,0.090000,0.090000,NULL
bxwu675591328,2022-03-13,22:30:00,22:35:00,12.933298,77.614293,12.993298,77.674293,NULL
bxxa580431182,2022-03-13,11:50:00,11:55:00,17.428294,78.404423,17.448294,78.424423,NULL
bxzu811551410,2022-03-11,09:10:00,09:25:00,0.000000,0.000000,0.010000,0.010000,NULL
byam584717780,2022-03-25,20:10:00,20:20:00,12.321214,76.621094,12.411214,76.711094,NULL
bybv091237648,2022-02-17,14:50:00,14:55:00,15.546594,73.760431,15.586594,73.800431,NULL
bycp511272071,2022-03-13,09:50:00,10:00:00,17.458998,78.500366,17.478998,78.520366,NULL
bydh712324869,2022-03-12,20:35:00,20:50:00,22.308096,73.167753,22.388096,73.247753,NULL
byef268008279,2022-03-09,21:10:00,21:20:00,17.422819,78.449578,17.452819,78.479578,NULL
byex291572480,2022-02-12,23:25:00,23:35:00,26.474986,80.342796,26.554986,80.422796,NULL
byfk022912806,2022-03-11,17:35:00,17:50:00,13.049645,80.242268,13.079645,80.272268,NULL
byhp076235734,2022-03-31,21:40:00,21:55:00,18.563934,73.915367,18.653934,74.005367,NULL
byid638877531,2022-03-09,13:50:00,14:05:00,23.371292,85.327872,23.411292,85.367872,NULL
byii728520830,2022-03-26,19:10:00,19:20:00,13.054347,80.257221,13.084347,80.287221,NULL
bylx265481445,2022-03-28,09:20:00,09:30:00,0.000000,0.000000,0.010000,0.010000,NULL
bypw424881426,2022-03-13,08:10:00,08:15:00,0.000000,0.000000,0.020000,0.020000,NULL
byrl145718874,2022-03-01,20:35:00,20:40:00,23.359033,85.325347,23.409033,85.375347,NULL
byrs937160243,2022-02-13,09:50:00,10:05:00,0.000000,0.000000,0.010000,0.010000,NULL
byuz199136633,2022-02-17,09:15:00,09:20:00,22.526461,88.364453,22.546461,88.384453,NULL
byvw299869734,2022-02-14,20:25:00,20:30:00,30.359722,78.067079,30.439722,78.147079,NULL
bzai141915686,2022-03-10,23:30:00,23:35:00,19.065838,72.832658,19.175838,72.942658,NULL
bzbo055691492,2022-03-30,19:50:00,20:00:00,19.003517,72.827650,19.033517,72.857650,NULL
bzew781025332,2022-03-13,22:35:00,22:40:00,22.308096,73.167753,22.338096,73.197753,NULL
bzfi640257129,2022-03-08,17:30:00,17:45:00,22.727021,75.884167,22.807021,75.964167,NULL
bzgr186220857,2022-04-03,12:40:00,12:50:00,13.058616,80.264151,13.098616,80.304151,NULL
bzhb372120028,2022-03-05,12:35:00,12:50:00,17.450851,78.379347,17.490851,78.419347,NULL
bzjn003680849,2022-03-14,18:40:00,18:55:00,23.374878,85.335739,23.444878,85.405739,NULL
bzlc676951478,2022-03-30,09:15:00,09:20:00,12.975996,80.221898,12.995996,80.241898,NULL
bzlh759776481,2022-03-26,16:35:00,16:45:00,18.593481,73.785901,18.633481,73.825901,NULL
bzly705064197,2022-03-05,19:45:00,19:50:00,26.766536,75.837333,26.826536,75.897333,NULL
bzmo195847037,2022-04-03,19:35:00,19:45:00,12.308500,76.665808,12.358500,76.715808,NULL
bzoo769001078,2022-03-04,22:20:00,22:25:00,18.563934,73.915367,18.693935,74.045367,NULL
bzow998509352,2022-03-05,23:20:00,23:25:00,11.001852,76.976268,11.061852,77.036268,NULL
bzrn053286078,2022-03-16,19:00:00,19:10:00,12.914264,77.678400,12.994264,77.758400,NULL
bzru027859331,2022-02-17,22:40:00,22:50:00,19.875908,75.358888,19.925908,75.408888,NULL
bzxl453732432,2022-04-01,11:20:00,11:30:00,22.745536,75.893106,22.765536,75.913106,NULL
bzxn977256068,2022-03-19,12:40:00,12:45:00,19.223840,72.841347,19.263840,72.881347,NULL
bzxr793741775,2022-02-17,10:15:00,10:30:00,22.569358,88.433452,22.579358,88.443452,NULL
cabx854440058,2022-04-05,23:35:00,23:40:00,22.751234,75.889490,22.811234,75.949490,NULL
cadf552182650,2022-04-03,08:50:00,08:55:00,12.352058,76.606650,12.372058,76.626650,NULL
cads491909704,2022-03-09,12:00:00,12:15:00,18.520016,73.830547,18.530016,73.840547,NULL
cadv789384507,2022-03-16,21:55:00,22:05:00,12.323194,76.630583,12.453194,76.760583,NULL
cadw629582238,2022-03-24,20:55:00,21:05:00,18.546947,73.900626,18.576947,73.930626,NULL
caej993435956,2022-03-10,20:15:00,20:25:00,12.308500,76.665808,12.438500,76.795808,NULL
cagj364190224,2022-03-09,08:25:00,08:40:00,19.103249,72.846749,19.113249,72.856749,NULL
cags146398544,2022-03-19,09:30:00,09:35:00,17.412330,78.449654,17.422330,78.459654,NULL
cahp579938973,2022-03-13,22:30:00,22:40:00,23.354422,85.332900,23.384422,85.362900,NULL
cahz369940900,2022-03-12,18:50:00,18:55:00,11.008638,76.984311,11.088638,77.064311,NULL
caja224507886,2022-04-01,10:10:00,10:20:00,23.374878,85.335739,23.384878,85.345739,NULL
cajf615675658,2022-03-15,17:35:00,17:50:00,12.933284,77.615428,12.983284,77.665428,NULL
cami809156320,2022-03-06,19:55:00,20:05:00,23.399250,85.390464,23.529250,85.520464,NULL
carl449634661,2022-03-10,17:55:00,18:00:00,10.961850,76.971082,11.051850,77.061082,NULL
carl757119263,2022-03-21,09:40:00,09:50:00,12.352058,76.606650,12.362058,76.616650,NULL
cary103758997,2022-03-18,19:40:00,19:50:00,10.961850,76.971082,11.051850,77.061082,NULL
caty508037770,2022-02-18,17:20:00,17:35:00,0.000000,0.000000,0.080000,0.080000,NULL
caud542922851,2022-03-21,09:50:00,09:55:00,21.149569,72.772697,21.159569,72.782697,NULL
cawv262403481,2022-03-11,09:00:00,09:15:00,26.911927,75.797282,26.921927,75.807282,NULL
caxr431205903,2022-03-12,17:50:00,17:55:00,12.284747,76.625861,12.354747,76.695861,NULL
cbda431078502,2022-03-06,21:10:00,21:15:00,22.750040,75.902847,22.880040,76.032847,NULL
cbdu754397706,2022-03-16,23:20:00,23:30:00,11.021278,76.995017,11.101278,77.075017,NULL
cblf689184054,2022-03-26,15:50:00,15:55:00,22.312790,73.170283,22.352790,73.210283,NULL
cbpf736712066,2022-03-31,18:40:00,18:55:00,12.934179,77.615797,13.014179,77.695797,NULL
ccbn538977724,2022-03-02,23:10:00,23:20:00,19.207222,72.972281,19.287222,73.052281,NULL
ccdq506656768,2022-03-15,13:40:00,13:55:00,12.299524,76.642620,12.339524,76.682620,NULL
ccfp640974906,2022-04-01,14:45:00,14:55:00,0.000000,0.000000,0.040000,0.040000,NULL
ccft609794798,2022-03-29,23:00:00,23:05:00,23.399250,85.390464,23.509250,85.500464,NULL
cchl911029852,2022-03-30,23:30:00,23:35:00,13.081878,80.248519,13.141878,80.308519,NULL
ccmt683908290,2022-02-13,22:10:00,22:25:00,30.327968,78.046106,30.357968,78.076106,NULL
ccnr488509764,2022-04-03,19:45:00,19:55:00,23.353783,85.326967,23.403783,85.376967,NULL
ccrc624389058,2022-03-05,21:30:00,21:45:00,11.022298,76.998349,11.072298,77.048349,NULL
ccrm067831964,2022-03-19,08:20:00,08:35:00,18.546258,73.904337,18.566258,73.924337,NULL
ccty677683718,2022-03-29,22:35:00,22:50:00,22.312790,73.170283,22.402790,73.260283,NULL
ccvj862813862,2022-03-21,20:10:00,20:20:00,19.181300,72.836191,19.241300,72.896191,NULL
ccxh091636259,2022-03-26,09:35:00,09:45:00,13.049645,80.242268,13.059645,80.252268,NULL
ccxl975190322,2022-03-04,20:50:00,20:55:00,12.914264,77.678400,13.024264,77.788400,NULL
cczw781780314,2022-03-02,22:25:00,22:40:00,19.221315,72.862381,19.291315,72.932381,NULL
cdaq777399914,2022-03-30,16:00:00,16:05:00,0.000000,0.000000,0.040000,0.040000,NULL
cdcp647446675,2022-03-16,18:25:00,18:30:00,13.022394,80.242439,13.092394,80.312439,NULL
cddf063695641,2022-04-01,23:45:00,00:00:00,11.016298,76.972076,11.046298,77.002076,NULL
cdgz889278707,2022-04-03,10:55:00,11:05:00,22.761226,75.887522,22.771226,75.897522,NULL
cdib560996781,2022-03-19,10:40:00,10:50:00,12.975996,80.221898,12.995996,80.241898,NULL
cdjf356575860,2022-03-26,17:50:00,18:05:00,22.307898,73.167788,22.367898,73.227788,NULL
cdjj772199500,2022-03-17,17:40:00,17:50:00,23.359407,85.325055,23.419407,85.385055,NULL
cdkz589624699,2022-02-16,22:35:00,22:45:00,19.875016,75.322405,19.965016,75.412405,NULL
cdlq288536848,2022-03-20,20:00:00,20:15:00,22.725748,75.898497,22.835748,76.008497,NULL
cdly910960822,2022-02-11,08:30:00,08:40:00,30.892978,75.821847,30.902978,75.831847,NULL
cdmh900502105,2022-02-18,22:40:00,22:55:00,26.481547,80.299775,26.561547,80.379775,NULL
cdmn013747827,2022-03-29,20:40:00,20:55:00,26.905190,75.810753,26.995190,75.900753,NULL
cdne177121922,2022-03-01,19:20:00,19:35:00,18.543626,73.905101,18.603626,73.965101,NULL
cdod614418270,2022-03-24,15:15:00,15:25:00,18.994049,72.825203,19.034049,72.865203,NULL
cdrl505786345,2022-03-12,17:40:00,17:55:00,17.422819,78.449578,17.552819,78.579578,NULL
cdwl637096872,2022-03-10,17:50:00,18:00:00,19.103249,72.846749,19.233249,72.976749,NULL
cdxv458360424,2022-03-30,22:20:00,22:25:00,11.000762,76.981876,11.050762,77.031876,NULL
cdyc438548517,2022-03-09,18:10:00,18:20:00,11.026117,76.944652,11.056117,76.974652,NULL
cdyv282871134,2022-03-02,19:10:00,19:25:00,21.185047,72.808590,21.275047,72.898590,NULL
cdzs984508907,2022-03-20,20:55:00,21:00:00,22.311844,73.165081,22.391844,73.245081,NULL
ceed295586354,2022-03-23,18:30:00,18:40:00,12.980410,77.640489,13.060410,77.720489,NULL
cefd783030875,2022-03-01,13:15:00,13:30:00,23.354422,85.332900,23.394422,85.372900,NULL
cejy226046554,2022-03-11,20:25:00,20:30:00,12.986047,80.218114,13.046047,80.278114,NULL
cekk672369587,2022-03-03,18:35:00,18:40:00,26.905190,75.810753,26.955190,75.860753,NULL
cekm700036235,2022-03-13,10:10:00,10:25:00,19.103249,72.846749,19.113249,72.856749,NULL
celp851762888,2022-03-30,09:30:00,09:35:00,12.297954,76.665169,12.317954,76.685169,NULL
ceoa860679195,2022-03-11,10:20:00,10:25:00,23.359033,85.325347,23.379033,85.345347,NULL
ceqm645550570,2022-02-12,18:35:00,18:45:00,27.161694,78.034714,27.231694,78.104714,NULL
ceqy188352375,2022-03-28,08:45:00,09:00:00,12.934179,77.615797,12.954179,77.635797,NULL
ceti487463119,2022-03-13,22:35:00,22:40:00,26.913483,75.803139,26.973483,75.863139,NULL
cetr695743914,2022-03-12,20:55:00,21:10:00,11.003681,76.975525,11.133681,77.105525,NULL
ceui034729353,2022-03-15,10:30:00,10:35:00,12.321214,76.621094,12.331214,76.631094,NULL
cewm528633352,2022-03-08,23:50:00,23:55:00,19.207222,72.972281,19.337222,73.102281,NULL
cexf303393992,2022-03-09,17:45:00,17:55:00,12.980410,77.640489,13.030410,77.690489,NULL
cexu168374219,2022-04-06,22:10:00,22:15:00,11.021278,76.995017,11.091278,77.065017,NULL
cezg106088049,2022-03-17,11:15:00,11:30:00,21.170096,72.789122,21.190096,72.809122,NULL
cfad095996697,2022-02-16,21:50:00,22:05:00,26.492106,80.327797,26.602106,80.437797,NULL
cfcj527162957,2022-03-10,20:55:00,21:05:00,26.902328,75.794257,27.012328,75.904257,NULL
cfcp902545449,2022-03-05,19:35:00,19:50:00,12.975377,77.696664,13.025377,77.746664,NULL
cfhn315113890,2022-03-16,23:35:00,23:50:00,12.972793,80.249982,13.102793,80.379982,NULL
cfhu822617281,2022-03-25,00:00:00,00:10:00,12.979096,77.640625,13.089096,77.750625,NULL
cfke035220754,2022-03-10,20:15:00,20:30:00,12.316967,76.603067,12.386967,76.673067,NULL
cfmv030881123,2022-04-04,20:55:00,21:00:00,17.410371,78.437225,17.490371,78.517225,NULL
cfpe957153569,2022-03-11,10:00:00,10:15:00,21.173343,72.792731,21.193343,72.812731,NULL
cfsy600621039,2022-03-21,09:10:00,09:15:00,21.160437,72.774209,21.170437,72.784209,NULL
cfwx749215851,2022-03-14,22:25:00,22:40:00,21.186608,72.794136,21.256608,72.864136,NULL
cfys075752851,2022-03-27,20:20:00,20:30:00,22.750040,75.902847,22.820040,75.972847,NULL
cgbh866759258,2022-03-03,08:50:00,08:55:00,13.026286,80.275235,13.046286,80.295235,NULL
cgiu577086946,2022-03-23,22:20:00,22:30:00,26.905287,75.794592,27.035287,75.924592,NULL
cgpi035551383,2022-03-12,19:20:00,19:25:00,13.086438,80.220672,13.196438,80.330672,NULL
cgpx093464671,2022-04-04,17:30:00,17:35:00,19.091458,72.827808,19.201458,72.937808,NULL
cgqf097454052,2022-03-13,09:10:00,09:20:00,26.913483,75.803139,26.933483,75.823139,NULL
cgru962651419,2022-03-31,20:25:00,20:30:00,12.972793,80.249982,13.082793,80.359982,NULL
cgud027808797,2022-03-11,11:10:00,11:15:00,12.310972,76.659264,12.330972,76.679264,NULL
cgvf233858977,2022-04-01,08:15:00,08:30:00,12.934179,77.615797,12.954179,77.635797,NULL
cgwg179731553,2022-03-02,17:35:00,17:40:00,21.157729,72.768726,21.227729,72.838726,NULL
cgwo139001104,2022-04-01,14:35:00,14:40:00,12.975996,80.221898,13.015996,80.261898,NULL
chbv093562000,2022-04-06,20:55:00,21:00:00,12.321214,76.621094,12.431214,76.731094,NULL
chie747779021,2022-02-11,23:55:00,00:00:00,30.885814,75.786976,30.915814,75.816976,NULL
chsq177485822,2022-03-30,23:50:00,00:00:00,11.021278,76.995017,11.081278,77.055017,NULL
chvl673315111,2022-03-17,23:15:00,23:20:00,18.592718,73.773572,18.652718,73.833572,NULL
chwm737299798,2022-04-04,23:00:00,23:15:00,22.761226,75.887522,22.851226,75.977522,NULL
chxj877906808,2022-02-13,22:20:00,22:35:00,23.234631,77.401663,23.284631,77.451663,NULL
chyk419857221,2022-03-07,10:40:00,10:50:00,12.978453,77.643685,12.988453,77.653685,NULL
chyq620541252,2022-03-11,19:15:00,19:25:00,12.352058,76.606650,12.382058,76.636650,NULL
cidy786503759,2022-03-29,18:00:00,18:05:00,11.022298,76.998349,11.112298,77.088349,NULL
cigz943877450,2022-02-18,22:45:00,22:50:00,27.163303,78.057044,27.233303,78.127044,NULL
ciiu227813992,2022-03-05,21:50:00,22:00:00,12.352058,76.606650,12.402058,76.656650,NULL
ciiu507888693,2022-03-29,23:10:00,23:20:00,12.325461,76.632278,12.395461,76.702278,NULL
cild577195779,2022-03-18,20:40:00,20:50:00,21.175975,72.795503,21.305975,72.925503,NULL
cino379834334,2022-03-04,20:30:00,20:40:00,19.120083,72.907385,19.250083,73.037385,NULL
ciog947587990,2022-03-03,16:50:00,17:05:00,22.311603,73.165012,22.351603,73.205012,NULL
cioy299432831,2022-03-27,17:50:00,18:05:00,11.003008,76.975440,11.113008,77.085440,NULL
cirx448951809,2022-03-11,09:45:00,09:55:00,22.312790,73.170283,22.332790,73.190283,NULL
citq018255549,2022-03-16,22:40:00,22:50:00,22.308096,73.167753,22.378096,73.237753,NULL
ciws908979627,2022-02-11,17:20:00,17:25:00,25.457116,81.859682,25.517116,81.919682,NULL
cixh704825378,2022-04-03,13:55:00,14:00:00,26.902908,75.792934,26.942908,75.832934,NULL
cixr373324277,2022-03-11,22:25:00,22:35:00,17.459710,78.368855,17.519710,78.428855,NULL
ciyx781859233,2022-03-17,10:35:00,10:45:00,22.727021,75.884167,22.747021,75.904167,NULL
cjap907596459,2022-03-06,23:10:00,23:15:00,18.536562,73.896485,18.606562,73.966485,NULL
cjde711414646,2022-03-31,18:15:00,18:30:00,18.534080,73.898520,18.624080,73.988520,NULL
cjed094889801,2022-03-18,21:15:00,21:25:00,11.003008,76.975440,11.093008,77.065440,NULL
cjgz554460850,2022-02-16,23:10:00,23:25:00,15.574828,73.766883,15.644828,73.836883,NULL
cjhk414294530,2022-03-04,19:40:00,19:50:00,11.003669,76.976494,11.073669,77.046494,NULL
cjho394349723,2022-03-13,08:40:00,08:50:00,26.849596,75.800512,26.869596,75.820512,NULL
cjio287115783,2022-03-16,17:55:00,18:10:00,26.902328,75.794257,27.042328,75.934257,NULL
cjjl456791050,2022-04-04,21:30:00,21:40:00,12.321214,76.621094,12.431214,76.731094,NULL
cjjo868809435,2022-03-24,10:35:00,10:45:00,22.307898,73.167788,22.327898,73.187788,NULL
cjkb682529361,2022-04-03,23:35:00,23:40:00,18.551440,73.804855,18.581440,73.834855,NULL
cjld200477837,2022-02-15,21:40:00,21:50:00,19.876106,75.340775,19.926106,75.390775,NULL
cjls475751655,2022-03-04,23:30:00,23:45:00,0.000000,0.000000,0.070000,0.070000,NULL
cjpi766737238,2022-03-17,18:15:00,18:25:00,19.065838,72.832658,19.115838,72.882658,NULL
cjqu270126486,2022-03-15,11:40:00,11:50:00,23.359407,85.325055,23.379407,85.345055,NULL
cjrc537275742,2022-03-20,20:40:00,20:45:00,22.751234,75.889490,22.861234,75.999490,NULL
cjso948392676,2022-03-16,21:10:00,21:15:00,26.766536,75.837333,26.896536,75.967333,NULL
cjyd880805473,2022-03-23,19:40:00,19:55:00,0.000000,0.000000,0.070000,0.070000,NULL
cjyy075030880,2022-02-18,23:50:00,00:00:00,19.876219,75.346017,19.946219,75.416017,NULL
ckdm633727029,2022-03-31,21:50:00,22:00:00,21.170096,72.789122,21.280096,72.899122,NULL
ckgk578696273,2022-03-31,22:50:00,22:55:00,18.636215,73.751081,18.726215,73.841081,NULL
ckgq579754719,2022-03-25,20:45:00,20:50:00,23.399250,85.390464,23.469250,85.460464,NULL
ckgu502252849,2022-03-11,23:35:00,23:40:00,26.921411,75.793604,26.981411,75.853604,NULL
ckha229261280,2022-03-25,19:40:00,19:55:00,22.695207,75.866059,22.805207,75.976059,NULL
ckja885026409,2022-03-14,19:55:00,20:10:00,18.563934,73.915367,18.673935,74.025367,NULL
ckln267374203,2022-02-14,21:15:00,21:20:00,0.000000,0.000000,0.110000,0.110000,NULL
ckmf042880708,2022-02-11,23:10:00,23:20:00,25.450377,81.834236,25.500377,81.884236,NULL
cknf175496356,2022-02-16,17:10:00,17:15:00,0.000000,0.000000,0.090000,0.090000,NULL
ckow584739470,2022-04-04,19:00:00,19:15:00,12.981615,80.231598,13.051615,80.301598,NULL
ckoz514175734,2022-03-31,18:10:00,18:25:00,18.516216,73.842527,18.606216,73.932527,NULL
ckpw807680084,2022-03-27,20:45:00,20:55:00,22.312790,73.170283,22.382790,73.240283,NULL
cksq821112424,2022-03-23,23:40:00,23:50:00,19.126630,72.829976,19.236630,72.939976,NULL
ckti883681308,2022-03-13,10:45:00,11:00:00,12.284747,76.625861,12.304747,76.645861,NULL
ckvh339384547,2022-03-21,15:35:00,15:45:00,12.297954,76.665169,12.337954,76.705169,NULL
ckyd140968560,2022-02-12,21:50:00,21:55:00,19.876219,75.346017,19.966219,75.436017,NULL
claf475816331,2022-03-06,18:25:00,18:30:00,26.849596,75.800512,26.919596,75.870512,NULL
clba647777560,2022-03-12,17:10:00,17:15:00,22.751234,75.889490,22.821234,75.959490,NULL
clbg042839171,2022-03-25,20:20:00,20:30:00,12.981615,80.231598,13.111615,80.361598,NULL
cldl219142663,2022-03-19,15:25:00,15:35:00,0.000000,0.000000,0.040000,0.040000,NULL
clea768636923,2022-03-01,12:10:00,12:25:00,22.761593,75.886362,22.801593,75.926362,NULL
clem453437680,2022-03-27,20:15:00,20:25:00,11.020910,76.940432,11.100910,77.020432,NULL
clet305799189,2022-03-07,23:40:00,23:45:00,12.935662,77.614130,12.995662,77.674130,NULL
clez598689236,2022-02-18,17:20:00,17:30:00,30.885814,75.786976,31.025814,75.926976,NULL
clfr717681811,2022-04-02,22:55:00,23:05:00,26.910262,75.783013,26.990262,75.863013,NULL
clhu804165445,2022-04-03,08:20:00,08:25:00,0.000000,0.000000,0.020000,0.020000,NULL
clie087050399,2022-03-25,22:30:00,22:35:00,18.546947,73.900626,18.616947,73.970626,NULL
clis964142692,2022-04-06,17:25:00,17:40:00,18.994049,72.825203,19.084049,72.915203,NULL
cljl522287977,2022-03-10,23:55:00,00:05:00,12.334022,76.618203,12.404022,76.688203,NULL
cllz782632280,2022-03-11,19:00:00,19:15:00,21.149569,72.772697,21.199569,72.822697,NULL
clmm291955148,2022-03-08,17:45:00,17:55:00,13.049645,80.242268,13.119645,80.312268,NULL
clrg353537076,2022-04-05,09:50:00,09:55:00,12.297954,76.665169,12.307954,76.675169,NULL
clrz788320004,2022-02-16,20:30:00,20:35:00,15.556561,73.763633,15.686561,73.893633,NULL
clsu192700726,2022-03-17,11:40:00,11:45:00,23.416792,85.316842,23.436792,85.336842,NULL
cluj031199232,2022-03-07,10:15:00,10:30:00,12.337978,76.616792,12.357978,76.636792,NULL
clvc293477624,2022-03-23,23:40:00,23:45:00,11.008638,76.984311,11.098638,77.074311,NULL
clwi082352299,2022-03-28,14:40:00,14:45:00,23.359407,85.325055,23.399407,85.365055,NULL
clws429861604,2022-03-21,20:20:00,20:25:00,12.970221,77.645396,13.030221,77.705396,NULL
clyo793281448,2022-02-13,09:45:00,09:50:00,10.000706,76.349516,10.020706,76.369516,NULL
cmcr825937399,2022-03-27,19:25:00,19:35:00,19.178321,72.834715,19.258321,72.914715,NULL
cmiy697846170,2022-03-06,21:40:00,21:45:00,22.761226,75.887522,22.841226,75.967522,NULL
cmkh755271485,2022-03-08,23:25:00,23:40:00,26.913987,75.752891,27.053987,75.892891,NULL
cmll352228728,2022-03-31,19:55:00,20:00:00,12.975377,77.696664,13.085377,77.806664,NULL
cmnb407956530,2022-03-14,23:25:00,23:40:00,12.914264,77.678400,13.004264,77.768400,NULL
cmnr733682904,2022-02-11,23:15:00,23:30:00,19.875522,75.367127,19.925522,75.417127,NULL
cmpk662161758,2022-03-01,11:30:00,11:40:00,22.722634,75.886959,22.742634,75.906959,NULL
cmqf429277404,2022-03-05,18:45:00,18:50:00,12.297954,76.665169,12.347954,76.715169,NULL
cmrf220925027,2022-03-09,11:20:00,11:25:00,12.935662,77.614130,12.945662,77.624130,NULL
cmsf891130376,2022-04-03,16:45:00,16:50:00,19.221315,72.862381,19.261315,72.902381,NULL
cmsj487800595,2022-03-03,09:25:00,09:35:00,12.914264,77.678400,12.934264,77.698400,NULL
cmso682914700,2022-02-12,23:40:00,23:50:00,-26.474986,80.342796,26.584986,80.452796,NULL
cmsv924016136,2022-03-07,13:10:00,13:15:00,22.311603,73.165012,22.351603,73.205012,NULL
cmvs014428179,2022-04-04,21:15:00,21:25:00,12.308500,76.665808,12.398500,76.755808,NULL
cmvy535179545,2022-03-15,11:15:00,11:20:00,19.120083,72.907385,19.130083,72.917385,NULL
cnch697139952,2022-03-15,22:55:00,23:05:00,26.914142,75.805704,26.974142,75.865704,NULL
cncl866915421,2022-03-20,17:55:00,18:00:00,19.207222,72.972281,19.317222,73.082281,NULL
cncn447893445,2022-03-21,11:40:00,11:45:00,17.412330,78.449654,17.422330,78.459654,NULL
cnfn581369754,2022-03-18,21:30:00,21:45:00,21.183434,72.814492,21.273434,72.904492,NULL
cnha846875587,2022-03-31,22:55:00,23:05:00,18.636215,73.751081,18.706215,73.821081,NULL
cnjs885991793,2022-03-24,17:15:00,17:20:00,12.337928,76.617889,12.397928,76.677889,NULL
cnpm288427857,2022-04-04,20:20:00,20:30:00,17.422819,78.449578,17.502819,78.529578,NULL
cnqq112821067,2022-02-14,19:10:00,19:20:00,23.232537,77.429845,23.312537,77.509845,NULL
cnrp994636102,2022-03-09,17:55:00,18:00:00,19.055831,72.833984,19.115831,72.893984,NULL
cnwv923137842,2022-03-14,23:25:00,23:40:00,11.008638,76.984311,11.088638,77.064311,NULL
cnyu894505160,2022-04-05,10:35:00,10:40:00,12.978453,77.643685,12.988453,77.653685,NULL
cnzj238909732,2022-03-06,19:55:00,20:10:00,12.972161,77.596014,13.052161,77.676014,NULL
coaj903548525,2022-03-08,23:55:00,00:10:00,23.399250,85.390464,23.489250,85.480464,NULL
cobd690450363,2022-04-01,17:35:00,17:50:00,26.910262,75.783013,26.960262,75.833013,NULL
cobg673354857,2022-03-12,23:25:00,23:30:00,22.311844,73.165081,22.421844,73.275081,NULL
cobx423154877,2022-04-02,17:35:00,17:40:00,17.411028,78.329645,17.501028,78.419645,NULL
cods807399269,2022-03-03,10:10:00,10:15:00,0.000000,0.000000,0.010000,0.010000,NULL
coeb720270892,2022-03-16,23:55:00,00:00:00,0.000000,0.000000,0.070000,0.070000,NULL
coeb919829448,2022-03-13,21:20:00,21:30:00,22.745049,75.892471,22.795049,75.942471,NULL
coeg797177713,2022-03-06,23:20:00,23:30:00,17.428294,78.404423,17.518294,78.494423,NULL
cogc323463630,2022-02-13,20:15:00,20:30:00,0.000000,0.000000,0.060000,0.060000,NULL
cojh317905873,2022-03-25,20:20:00,20:35:00,18.530963,73.828972,18.610963,73.908972,NULL
coka448113567,2022-03-06,20:25:00,20:40:00,12.939496,77.625999,13.019496,77.705999,NULL
conj750841112,2022-03-16,20:40:00,20:45:00,23.357804,85.325146,23.487804,85.455146,NULL
conr443234846,2022-03-05,17:35:00,17:45:00,23.333017,85.317200,23.383017,85.367200,NULL
cood815350899,2022-04-06,23:10:00,23:20:00,12.308500,76.665808,12.418500,76.775808,NULL
cooo780065125,2022-03-28,10:10:00,10:15:00,11.024839,77.007003,11.044839,77.027003,NULL
cosw588396825,2022-03-23,19:50:00,20:05:00,22.311844,73.165081,22.441844,73.295081,NULL
cotk461791489,2022-03-29,18:00:00,18:15:00,17.440827,78.393391,17.520827,78.473391,NULL
cpai239579459,2022-03-29,23:10:00,23:15:00,17.412330,78.449654,17.502330,78.539654,NULL
cpan607764297,2022-02-18,19:50:00,19:55:00,19.874733,75.353942,19.954733,75.433942,NULL
cpbk549517303,2022-02-17,15:40:00,15:55:00,30.366322,78.070453,30.406322,78.110453,NULL
cpff156483028,2022-02-18,20:20:00,20:25:00,25.451646,81.832796,25.541646,81.922796,NULL
cpfm815458784,2022-04-02,23:50:00,00:00:00,11.022477,76.995667,11.112477,77.085667,NULL
cpgd103201716,2022-03-21,20:45:00,21:00:00,17.428294,78.404423,17.488294,78.464423,NULL
cpii045567932,2022-03-15,09:20:00,09:30:00,21.157729,72.768726,21.167729,72.778726,NULL
cpjx201147838,2022-04-02,17:30:00,17:45:00,21.152760,72.778059,21.262760,72.888059,NULL
cpmi432982353,2022-03-30,10:00:00,10:05:00,26.905190,75.810753,26.915190,75.820753,NULL
cpmm388334904,2022-03-20,22:30:00,22:35:00,12.311072,76.654878,12.381072,76.724878,NULL
cpol665989034,2022-04-04,22:35:00,22:40:00,13.022394,80.242439,13.102394,80.322439,NULL
cpph344973735,2022-04-06,19:20:00,19:30:00,12.337928,76.617889,12.407928,76.687889,NULL
cpqb861489888,2022-04-01,22:45:00,23:00:00,0.000000,0.000000,0.060000,0.060000,NULL
cpqc729859461,2022-02-14,20:45:00,20:55:00,23.184992,77.417227,23.264992,77.497227,NULL
cpve320172532,2022-03-10,20:50:00,21:00:00,0.000000,0.000000,0.080000,0.080000,NULL
cpvr325667079,2022-04-04,20:15:00,20:30:00,0.000000,0.000000,0.090000,0.090000,NULL
cpvr765393098,2022-03-08,19:55:00,20:05:00,26.914142,75.805704,26.984142,75.875704,NULL
cpwi139978716,2022-02-13,08:10:00,08:25:00,19.876994,75.372353,19.896994,75.392353,NULL
cpya420089193,2022-02-12,19:45:00,19:50:00,26.482581,80.315628,26.572581,80.405628,NULL
cpyh108297145,2022-03-09,22:30:00,22:40:00,22.744648,75.894377,22.804648,75.954377,NULL
cpzl031546207,2022-03-16,18:55:00,19:10:00,12.914264,77.678400,13.024264,77.788400,NULL
cqcw728343857,2022-03-01,10:55:00,11:00:00,19.131141,72.813074,19.151141,72.833074,NULL
cqdj292944121,2022-04-02,23:25:00,23:40:00,26.905287,75.794592,26.995287,75.884592,NULL
cqek456893737,2022-03-02,18:55:00,19:00:00,12.906229,77.596791,13.016229,77.706791,NULL
cqfv625098152,2022-03-19,14:00:00,14:05:00,12.334022,76.618203,12.374022,76.658203,NULL
cqga093128032,2022-03-17,23:00:00,23:10:00,19.181300,72.836191,19.211300,72.866191,NULL
cqgf277187595,2022-03-16,20:00:00,20:05:00,23.374989,85.335486,23.464989,85.425486,NULL
cqgi781535457,2022-03-28,18:50:00,19:05:00,17.410371,78.437225,17.440371,78.467225,NULL
cqgv466592344,2022-04-03,13:30:00,13:35:00,26.910262,75.783013,26.950262,75.823013,NULL
cqkf340722182,2022-04-03,17:25:00,17:30:00,23.359194,85.325447,23.389194,85.355447,NULL
cqmn798613920,2022-03-18,21:45:00,21:50:00,22.732225,75.874765,22.802225,75.944765,NULL
cqon627212805,2022-03-24,21:45:00,21:50:00,12.913041,77.683237,12.963041,77.733237,NULL
cqpr587286765,2022-03-21,23:10:00,23:25:00,13.044694,80.261470,13.104694,80.321470,NULL
cqqe522644508,2022-03-13,17:50:00,18:05:00,11.021278,76.995017,11.051278,77.025017,NULL
cqts775287609,2022-02-14,20:40:00,20:50:00,15.544419,73.755736,15.614419,73.825736,NULL
cqvf666442918,2022-04-06,20:20:00,20:35:00,11.022477,76.995667,11.092477,77.065667,NULL
cqwb920860132,2022-03-25,19:20:00,19:35:00,13.029198,77.570997,13.109198,77.650997,NULL
cqwc154282395,2022-03-03,19:10:00,19:25:00,12.334022,76.618203,12.384022,76.668203,NULL
cqwc162426362,2022-03-10,22:20:00,22:35:00,17.430448,78.418213,17.510448,78.498213,NULL
cqxz509653902,2022-04-05,00:00:00,00:05:00,26.913987,75.752891,26.943987,75.782891,NULL
crbr715084575,2022-03-09,11:20:00,11:30:00,13.044694,80.261470,13.054694,80.271470,NULL
crel423783635,2022-03-17,17:20:00,17:30:00,18.569156,73.774723,18.599156,73.804723,NULL
crfc316556140,2022-03-13,14:15:00,14:20:00,26.892312,75.806896,26.932312,75.846896,NULL
crga609559116,2022-03-05,21:45:00,21:50:00,23.359407,85.325055,23.419407,85.385055,NULL
crht420988961,2022-02-14,22:20:00,22:30:00,30.359722,78.067079,30.429722,78.137079,NULL
crix919885083,2022-03-02,22:30:00,22:40:00,26.902328,75.794257,26.982328,75.874257,NULL
crjn356951228,2022-03-10,17:50:00,17:55:00,22.760072,75.892574,22.890072,76.022574,NULL
crju251791970,2022-03-24,17:20:00,17:25:00,22.745049,75.892471,22.805049,75.952471,NULL
crkq926827558,2022-04-06,19:15:00,19:20:00,22.751857,75.866699,22.821857,75.936699,NULL
crlx359093566,2022-03-11,17:20:00,17:30:00,26.902940,75.793007,26.962940,75.853007,NULL
crmx668806875,2022-02-16,18:10:00,18:20:00,10.027364,76.308258,10.097364,76.378258,NULL
crno574476346,2022-03-28,08:45:00,08:50:00,17.455894,78.375467,17.465894,78.385467,NULL
crnw343135981,2022-04-02,19:00:00,19:10:00,21.175975,72.795503,21.255975,72.875503,NULL
crvk669796515,2022-03-31,23:20:00,23:30:00,12.326356,76.619103,12.396356,76.689103,NULL
crvv772667478,2022-02-14,21:25:00,21:40:00,0.000000,0.000000,0.080000,0.080000,NULL
crwj681968834,2022-04-01,18:30:00,18:45:00,10.961850,76.971082,11.011850,77.021082,NULL
crxi343328771,2022-02-13,11:00:00,11:05:00,0.000000,0.000000,0.010000,0.010000,NULL
cryp935421924,2022-03-19,14:10:00,14:15:00,18.554382,73.798206,18.594382,73.838206,NULL
csdg936549131,2022-03-18,19:50:00,20:05:00,13.064181,80.236442,13.144181,80.316442,NULL
csgn171859917,2022-03-16,23:00:00,23:15:00,12.975377,77.696664,13.045377,77.766664,NULL
csix428143212,2022-03-03,17:25:00,17:30:00,26.902908,75.792934,26.952908,75.842934,NULL
csmd302328105,2022-03-30,23:40:00,23:50:00,22.695207,75.866059,22.755207,75.926059,NULL
cssu734802309,2022-03-09,15:50:00,16:05:00,0.000000,0.000000,0.040000,0.040000,NULL
csuf015589323,2022-03-13,08:35:00,08:50:00,22.760072,75.892574,22.770072,75.902574,NULL
csuj203440663,2022-03-06,21:35:00,21:50:00,21.173343,72.792731,21.253343,72.872731,NULL
csxo580403185,2022-03-31,20:50:00,21:05:00,0.000000,0.000000,0.090000,0.090000,NULL
csyn869746139,2022-02-13,09:15:00,09:20:00,-23.230791,77.437020,23.250791,77.457020,NULL
ctac199591737,2022-03-12,20:35:00,20:45:00,11.006686,76.951736,11.076686,77.021736,NULL
ctah598517487,2022-03-25,23:55:00,00:10:00,18.536718,73.830327,18.666719,73.960327,NULL
ctal531292161,2022-03-02,22:30:00,22:40:00,21.186438,72.794115,21.266438,72.874115,NULL
ctan677524336,2022-02-17,17:20:00,17:25:00,30.342509,78.061187,30.372509,78.091187,NULL
ctaz505322464,2022-03-01,12:55:00,13:10:00,22.760072,75.892574,22.800072,75.932574,NULL
ctdg315169109,2022-03-07,18:15:00,18:30:00,26.911927,75.797282,26.941927,75.827282,NULL
ctls152298766,2022-03-06,22:10:00,22:15:00,19.126630,72.829976,19.256630,72.959976,NULL
ctmw261279101,2022-03-11,00:00:00,00:05:00,26.913987,75.752891,26.973987,75.812891,NULL
ctmx471172317,2022-02-18,23:00:00,23:05:00,0.000000,0.000000,0.070000,0.070000,NULL
ctoj872363102,2022-04-01,21:10:00,21:20:00,11.010375,76.952950,11.060375,77.002950,NULL
ctom720434720,2022-03-15,19:10:00,19:15:00,10.961850,76.971082,11.021850,77.031082,NULL
ctrz248374321,2022-03-16,19:10:00,19:25:00,26.849596,75.800512,26.939596,75.890512,NULL
ctsp923465790,2022-03-16,21:20:00,21:35:00,19.207222,72.972281,19.297222,73.062281,NULL
ctuq635558958,2022-02-18,21:45:00,22:00:00,9.988483,76.295211,10.118483,76.425211,NULL
cuaz852537354,2022-03-08,18:45:00,19:00:00,18.994237,72.825553,19.084237,72.915553,NULL
cucg223916129,2022-03-08,22:00:00,22:10:00,26.911378,75.789034,27.051378,75.929034,NULL
cudd916667637,2022-03-12,19:30:00,19:40:00,0.000000,0.000000,0.130000,0.130000,NULL
cuea140622083,2022-03-15,10:40:00,10:50:00,19.091458,72.827808,19.111458,72.847808,NULL
cuio180405271,2022-03-20,17:20:00,17:25:00,12.337978,76.616792,12.447978,76.726792,NULL
cuiw911715335,2022-03-21,23:55:00,00:00:00,17.426228,78.407495,17.456228,78.437495,NULL
cuoq192053871,2022-02-17,21:45:00,21:55:00,19.878028,75.317475,19.928028,75.367475,NULL
cupt590919703,2022-03-08,19:45:00,19:50:00,0.000000,0.000000,0.070000,0.070000,NULL
cuqa826872050,2022-03-26,10:15:00,10:30:00,11.001852,76.976268,11.011852,76.986268,NULL
cuql549797849,2022-02-17,21:25:00,21:35:00,10.000706,76.349516,10.060706,76.409516,NULL
cusm366401609,2022-04-02,17:45:00,17:55:00,12.986047,80.218114,13.116047,80.348114,NULL
cusu248875311,2022-03-30,21:55:00,22:00:00,23.371292,85.327872,23.431292,85.387872,NULL
cuua000583789,2022-03-10,22:45:00,22:55:00,12.972793,80.249982,13.042793,80.319982,NULL
cuuj851464765,2022-03-14,19:35:00,19:50:00,13.045479,80.233110,13.175479,80.363110,NULL
cuup503587906,2022-04-05,20:00:00,20:10:00,12.352058,76.606650,12.402058,76.656650,NULL
cuvn026839996,2022-03-28,20:55:00,21:10:00,11.006686,76.951736,11.036686,76.981736,NULL
cuws624420685,2022-04-02,20:50:00,21:00:00,17.426228,78.407495,17.496228,78.477495,NULL
cuxp944897396,2022-04-01,09:35:00,09:50:00,26.911927,75.797282,26.921927,75.807282,NULL
cvaa438332321,2022-02-17,18:35:00,18:50:00,15.498603,73.826911,15.558603,73.886911,NULL
cvax995988949,2022-03-25,20:00:00,20:10:00,13.044694,80.261470,13.174694,80.391470,NULL
cvdl990253127,2022-03-24,23:50:00,00:00:00,26.846156,75.802300,26.896156,75.852300,NULL
cvgc921363778,2022-03-26,11:35:00,11:45:00,17.430448,78.418213,17.450448,78.438213,NULL
cvhb426199767,2022-04-04,21:30:00,21:35:00,19.121999,72.908493,19.211999,72.998493,NULL
cvjc765889292,2022-03-09,17:30:00,17:35:00,12.914264,77.678400,12.974264,77.738400,NULL
cvld939168136,2022-02-13,09:55:00,10:05:00,9.979186,76.317361,9.999186,76.337361,NULL
cvnh082856354,2022-04-04,19:30:00,19:40:00,13.029780,80.208812,13.119780,80.298812,NULL
cvog500284478,2022-03-26,18:30:00,18:35:00,23.359407,85.325055,23.409407,85.375055,NULL
cvxh524001080,2022-04-02,22:40:00,22:50:00,18.927584,72.832585,19.017584,72.922585,NULL
cvzi504035207,2022-04-02,22:55:00,23:05:00,22.651847,75.881991,22.731847,75.961991,NULL
cwcg164027955,2022-03-14,20:00:00,20:10:00,17.440827,78.393391,17.520827,78.473391,NULL
cwcu741446841,2022-03-20,22:30:00,22:40:00,12.326356,76.619103,12.456356,76.749103,NULL
cwdl560378142,2022-03-27,21:55:00,22:10:00,26.846156,75.802300,26.976156,75.932300,NULL
cwdq665046223,2022-03-16,17:10:00,17:20:00,12.933284,77.615428,13.043284,77.725428,NULL
cwef233436075,2022-03-15,12:10:00,12:20:00,17.440827,78.393391,17.480827,78.433391,NULL
cwek898950037,2022-03-17,12:00:00,12:15:00,12.972532,77.608179,12.982532,77.618179,NULL
cweu921108847,2022-03-23,17:55:00,18:10:00,17.429585,78.392621,17.519585,78.482621,NULL
cwfm659732337,2022-03-15,18:50:00,19:05:00,11.000762,76.981876,11.030762,77.011876,NULL
cwhy284186349,2022-02-17,22:15:00,22:30:00,27.160832,78.011608,27.190832,78.041608,NULL
cwja636184741,2022-02-13,23:15:00,23:20:00,27.201725,78.007553,27.261725,78.067553,NULL
cwlq374820149,2022-03-14,21:10:00,21:15:00,22.320000,73.170000,22.400000,73.250000,NULL
cwus831984822,2022-03-08,23:35:00,23:45:00,21.160437,72.774209,21.240437,72.854209,NULL
cwvq091479872,2022-02-15,10:20:00,10:30:00,25.449659,81.839744,25.469659,81.859744,NULL
cwwg701038216,2022-02-13,22:40:00,22:50:00,0.000000,0.000000,0.050000,0.050000,NULL
cwye364325410,2022-04-02,21:25:00,21:30:00,12.323994,76.626167,12.413994,76.716167,NULL
cxdl352949745,2022-04-06,18:35:00,18:45:00,18.551440,73.804855,18.631440,73.884855,NULL
cxdm586689398,2022-04-06,18:00:00,18:10:00,0.000000,0.000000,0.080000,0.080000,NULL
cxdq919532708,2022-04-02,22:35:00,22:50:00,11.026117,76.944652,11.106117,77.024652,NULL
cxgl261855359,2022-02-11,14:45:00,14:50:00,0.000000,0.000000,0.040000,0.040000,NULL
cxgm999801052,2022-03-10,21:40:00,21:55:00,17.430448,78.418213,17.500448,78.488213,NULL
cxgo956698634,2022-03-12,22:10:00,22:25:00,19.221315,72.862381,19.311315,72.952381,NULL
cxku317860532,2022-03-06,20:55:00,21:00:00,11.020910,76.940432,11.110910,77.030432,NULL
cxkz278966765,2022-02-18,17:15:00,17:25:00,15.561550,73.749092,15.641550,73.829092,NULL
cxlj168928511,2022-02-16,19:35:00,19:40:00,27.160934,78.044095,27.250934,78.134095,NULL
cxnl465359102,2022-04-04,21:45:00,21:50:00,12.304569,76.643622,12.434569,76.773622,NULL
cxnr329300306,2022-03-14,17:25:00,17:35:00,13.049645,80.242268,13.129645,80.322268,NULL
cxrq076334789,2022-02-13,22:40:00,22:45:00,30.328174,78.049117,30.358174,78.079117,NULL
cxtv063245234,2022-03-29,19:55:00,20:00:00,17.422819,78.449578,17.502819,78.529578,NULL
cxvd133693964,2022-03-07,23:55:00,00:10:00,23.355164,85.324097,23.385164,85.354097,NULL
cxzb232191213,2022-03-26,21:15:00,21:25:00,21.186608,72.794136,21.236608,72.844136,NULL
cxzh730094584,2022-04-05,11:40:00,11:45:00,19.176269,72.836721,19.196269,72.856721,NULL
cyce878235586,2022-04-04,17:20:00,17:30:00,12.934179,77.615797,13.064179,77.745797,NULL
cyci952506356,2022-03-05,22:10:00,22:15:00,13.058616,80.264151,13.088616,80.294151,NULL
cyga872040977,2022-04-04,22:20:00,22:25:00,23.369746,85.339820,23.479746,85.449820,NULL
cygc777632977,2022-04-03,08:35:00,08:40:00,22.725748,75.898497,22.745748,75.918497,NULL
cyht603397035,2022-03-03,11:35:00,11:50:00,12.323225,76.630028,12.333225,76.640028,NULL
cyhv014346167,2022-03-10,22:00:00,22:05:00,21.170096,72.789122,21.300096,72.919122,NULL
cyjz116991692,2022-03-02,20:55:00,21:00:00,22.751857,75.866699,22.881857,75.996699,NULL
cyko979976221,2022-02-14,21:35:00,21:40:00,0.000000,0.000000,0.130000,0.130000,NULL
cylc812387570,2022-03-16,21:55:00,22:00:00,26.956431,75.776649,27.026431,75.846649,NULL
cynm740325829,2022-03-26,09:35:00,09:45:00,12.979096,77.640625,12.989096,77.650625,NULL
cypx969023715,2022-03-25,17:10:00,17:25:00,22.725835,75.887648,22.835835,75.997648,NULL
cyqv099297669,2022-03-08,21:55:00,22:05:00,12.978453,77.643685,13.058453,77.723685,NULL
cyrc691029044,2022-03-20,23:00:00,23:10:00,21.152760,72.778059,21.282760,72.908059,NULL
cyry644771683,2022-03-24,09:15:00,09:25:00,26.956431,75.776649,26.976431,75.796649,NULL
cysy005074742,2022-03-30,12:40:00,12:55:00,12.323978,76.627961,12.363978,76.667961,NULL
cyuk063488228,2022-03-12,21:45:00,21:50:00,13.005801,80.250744,13.085801,80.330744,NULL
cywj467789158,2022-03-03,08:20:00,08:30:00,11.000762,76.981876,11.020762,77.001876,NULL
cyye995820696,2022-04-04,20:45:00,20:55:00,26.849596,75.800512,26.989596,75.940512,NULL
czbk447524604,2022-03-08,19:00:00,19:10:00,22.728163,75.884212,22.818163,75.974212,NULL
czcx927585766,2022-03-07,20:55:00,21:00:00,26.902908,75.792934,26.962908,75.852934,NULL
czeo283262742,2022-03-23,18:30:00,18:40:00,13.066762,80.251865,13.156762,80.341865,NULL
czhg412216928,2022-03-10,21:40:00,21:55:00,0.000000,0.000000,0.070000,0.070000,NULL
czij388098959,2022-03-28,10:40:00,10:50:00,12.334022,76.618203,12.344022,76.628203,NULL
czir998618128,2022-03-10,21:25:00,21:30:00,13.066762,80.251865,13.136762,80.321865,NULL
czis944259836,2022-03-29,18:15:00,18:30:00,12.978453,77.643685,13.048453,77.713685,NULL
czjt755903822,2022-04-01,09:45:00,09:55:00,17.451976,78.385883,17.471976,78.405883,NULL
czjw338778127,2022-03-02,17:25:00,17:40:00,13.054347,80.257221,13.134347,80.337221,NULL
cznn329360135,2022-03-17,09:30:00,09:35:00,12.323994,76.626167,12.343994,76.646167,NULL
czoz990324199,2022-03-30,19:55:00,20:00:00,18.533811,73.899315,18.593811,73.959315,NULL
czrj276469828,2022-03-12,18:00:00,18:15:00,22.751234,75.889490,22.841234,75.979490,NULL
czti747793375,2022-03-21,15:50:00,16:05:00,18.543626,73.905101,18.583626,73.945101,NULL
cztn664544436,2022-03-21,10:20:00,10:30:00,22.761226,75.887522,22.771226,75.897522,NULL
czug829774208,2022-03-08,20:40:00,20:55:00,19.091458,72.827808,19.171458,72.907808,NULL
czuq335114215,2022-03-12,18:45:00,19:00:00,23.359194,85.325447,23.489194,85.455447,NULL
czwb550778310,2022-03-26,10:35:00,10:40:00,12.284747,76.625861,12.304747,76.645861,NULL
czxl618797439,2022-03-01,17:45:00,18:00:00,21.186438,72.794115,21.236438,72.844115,NULL
czyt145124850,2022-03-03,10:15:00,10:25:00,23.355164,85.324097,23.365164,85.334097,NULL
czzf932935668,2022-03-31,19:10:00,19:20:00,21.183434,72.814492,21.273434,72.904492,NULL
czzy614384783,2022-03-11,18:25:00,18:40:00,17.429585,78.392621,17.479585,78.442621,NULL
daek783960291,2022-03-12,17:55:00,18:05:00,17.450851,78.379347,17.560851,78.489347,NULL
dagf977452306,2022-02-15,19:45:00,19:55:00,0.000000,0.000000,0.050000,0.050000,NULL
dahw022547497,2022-04-03,18:45:00,18:50:00,12.979096,77.640625,13.009096,77.670625,NULL
daip363813833,2022-03-17,23:50:00,00:05:00,13.005801,80.250744,13.055801,80.300744,NULL
daiz242462804,2022-03-18,17:10:00,17:20:00,0.000000,0.000000,0.090000,0.090000,NULL
dakf547481920,2022-03-07,23:45:00,00:00:00,21.160437,72.774209,21.210437,72.824209,NULL
daks436987191,2022-03-05,23:50:00,00:00:00,12.316967,76.603067,12.366967,76.653067,NULL
dalb286426430,2022-03-08,18:10:00,18:25:00,23.353783,85.326967,23.463783,85.436967,NULL
damh928053683,2022-04-01,22:30:00,22:45:00,0.000000,0.000000,0.060000,0.060000,NULL
dams615026578,2022-03-26,18:10:00,18:20:00,11.020910,76.940432,11.050910,76.970432,NULL
daqc256498677,2022-03-23,19:00:00,19:10:00,17.431477,78.400350,17.511477,78.480350,NULL
daqz149437319,2022-03-21,21:15:00,21:20:00,11.016298,76.972076,11.066298,77.022076,NULL
davf256821898,2022-03-29,19:40:00,19:50:00,22.744648,75.894377,22.824648,75.974377,NULL
dazn920097032,2022-03-06,23:40:00,23:45:00,26.913483,75.803139,27.043483,75.933139,NULL
dbae184160400,2022-03-13,15:45:00,15:55:00,19.003517,72.827650,19.043517,72.867650,NULL
dbbs025052952,2022-03-07,17:15:00,17:30:00,12.978453,77.643685,13.008453,77.673685,NULL
dbcj590506042,2022-03-27,20:30:00,20:45:00,26.891191,75.802083,27.001191,75.912083,NULL
dbhi370401810,2022-03-20,23:15:00,23:30:00,0.000000,0.000000,0.130000,0.130000,NULL
dbja800656619,2022-04-06,21:00:00,21:05:00,17.412330,78.449654,17.482330,78.519654,NULL
dblf441738927,2022-04-03,08:45:00,08:50:00,0.000000,0.000000,0.020000,0.020000,NULL
dbtf640513575,2022-03-16,22:00:00,22:10:00,12.980410,77.640489,13.060410,77.720489,NULL
dbuw981669021,2022-03-25,20:00:00,20:10:00,21.175975,72.795503,21.285975,72.905503,NULL
dbvc932925300,2022-03-13,12:20:00,12:30:00,18.592718,73.773572,18.632718,73.813572,NULL
dbve468302250,2022-04-03,18:50:00,19:00:00,23.374878,85.335739,23.424878,85.385739,NULL
dbvr196769299,2022-03-11,18:00:00,18:10:00,22.751857,75.866699,22.781857,75.896699,NULL
dbyg819334603,2022-02-17,13:50:00,13:55:00,15.496162,73.825364,15.536162,73.865364,NULL
dbyl071409679,2022-02-16,21:10:00,21:15:00,30.366322,78.070453,30.456322,78.160453,NULL
dbyo111314339,2022-04-02,18:35:00,18:40:00,22.310237,73.158921,22.380237,73.228921,NULL
dbzl917480789,2022-03-28,08:55:00,09:00:00,26.921411,75.793604,26.941411,75.813604,NULL
dbzs987064853,2022-03-09,21:20:00,21:25:00,26.849596,75.800512,26.899596,75.850512,NULL
dccp423479401,2022-02-11,13:00:00,13:05:00,0.000000,0.000000,0.040000,0.040000,NULL
dcdm719150402,2022-02-13,22:10:00,22:25:00,0.000000,0.000000,0.030000,0.030000,NULL
dcds980796204,2022-03-29,23:40:00,23:50:00,22.725748,75.898497,22.855747,76.028497,NULL
dcey829014808,2022-04-06,22:15:00,22:25:00,12.979096,77.640625,13.069096,77.730625,NULL
dchw954393247,2022-02-11,15:15:00,15:30:00,30.335259,78.053162,30.375259,78.093162,NULL
dcjj953152249,2022-03-11,22:25:00,22:35:00,0.000000,0.000000,0.030000,0.030000,NULL
dcjq369735860,2022-03-11,20:25:00,20:30:00,19.181300,72.836191,19.231300,72.886191,NULL
dclo232045784,2022-03-01,20:30:00,20:40:00,22.745536,75.893106,22.775536,75.923106,NULL
dcmc072175296,2022-03-08,23:45:00,00:00:00,13.066762,80.251865,13.156762,80.341865,NULL
dcnb847115268,2022-03-29,20:00:00,20:05:00,22.310526,73.170937,22.400526,73.260937,NULL
dctv391325983,2022-03-17,19:55:00,20:05:00,17.459710,78.368855,17.489710,78.398855,NULL
dcud054627845,2022-03-17,16:35:00,16:45:00,21.186608,72.794136,21.226608,72.834136,NULL
dcxw148749009,2022-04-01,11:25:00,11:30:00,17.412330,78.449654,17.432330,78.469654,NULL
dcxy075320033,2022-03-25,19:25:00,19:40:00,19.091458,72.827808,19.161458,72.897808,NULL
dcyv640821977,2022-03-04,17:35:00,17:50:00,11.003008,76.975440,11.133009,77.105440,NULL
ddas793336742,2022-04-05,15:35:00,15:45:00,13.086438,80.220672,13.126439,80.260672,NULL
ddci421776188,2022-03-02,21:45:00,22:00:00,23.369746,85.339820,23.499746,85.469820,NULL
ddcj641220424,2022-03-25,22:50:00,23:05:00,19.055831,72.833984,19.125831,72.903984,NULL
ddep263446795,2022-03-19,19:45:00,19:50:00,12.934365,77.616155,12.984365,77.666155,NULL
ddgl328467246,2022-03-15,08:50:00,09:05:00,17.455894,78.375467,17.475894,78.395467,NULL
ddiq799884651,2022-03-08,19:50:00,20:05:00,22.308096,73.167753,22.388096,73.247753,NULL
ddog692519738,2022-03-21,15:30:00,15:40:00,17.455894,78.375467,17.495894,78.415467,NULL
ddpd142210383,2022-03-14,19:30:00,19:35:00,12.913041,77.683237,13.003041,77.773237,NULL
ddpu976700157,2022-04-01,09:15:00,09:25:00,22.751857,75.866699,22.771857,75.886699,NULL
ddsc471670071,2022-03-27,18:45:00,18:50:00,17.433809,78.386744,17.523809,78.476744,NULL
ddsp480778882,2022-03-11,19:55:00,20:05:00,11.008638,76.984311,11.068638,77.044311,NULL
ddui421234447,2022-02-16,21:50:00,22:00:00,0.000000,0.000000,0.090000,0.090000,NULL
ddwe130317174,2022-03-15,22:25:00,22:40:00,22.320000,73.170000,22.370000,73.220000,NULL
ddxa491219684,2022-03-07,10:50:00,10:55:00,21.149669,72.772629,21.169669,72.792629,NULL
ddxn882571522,2022-03-31,19:50:00,20:00:00,22.311358,73.164798,22.421358,73.274798,NULL
ddzs228615814,2022-03-27,20:55:00,21:00:00,19.065838,72.832658,19.155838,72.922658,NULL
ddzv949486558,2022-03-16,19:35:00,19:50:00,12.972532,77.608179,13.082532,77.718179,NULL
dedb951272088,2022-03-20,22:50:00,23:05:00,17.455894,78.375467,17.545894,78.465467,NULL
dedm133953264,2022-03-17,22:10:00,22:15:00,12.310972,76.659264,12.370972,76.719264,NULL
deff957321361,2022-03-21,22:50:00,23:00:00,18.530963,73.828972,18.590963,73.888972,NULL
degr021834558,2022-04-02,19:25:00,19:35:00,23.359407,85.325055,23.429407,85.395055,NULL
deho398510931,2022-03-09,18:15:00,18:25:00,23.354422,85.332900,23.404422,85.382900,NULL
deht279742428,2022-03-02,19:00:00,19:10:00,17.455894,78.375467,17.525894,78.445467,NULL
deiq873321111,2022-03-27,19:25:00,19:30:00,12.284747,76.625861,12.354747,76.695861,NULL
deiz748348812,2022-03-05,18:50:00,19:05:00,22.307898,73.167788,22.357898,73.217788,NULL
dels616248747,2022-02-12,23:35:00,23:50:00,0.000000,0.000000,0.080000,0.080000,NULL
denx901565248,2022-03-04,17:30:00,17:45:00,23.416792,85.316842,23.526792,85.426842,NULL
deod908038975,2022-03-24,10:20:00,10:35:00,19.181300,72.836191,19.191300,72.846191,NULL
deru285311888,2022-02-18,23:45:00,00:00:00,0.000000,0.000000,0.110000,0.110000,NULL
dery049143006,2022-04-05,20:10:00,20:15:00,22.310329,73.169083,22.370329,73.229083,NULL
derz738330059,2022-03-11,20:20:00,20:35:00,12.299524,76.642620,12.359524,76.702620,NULL
desr792822677,2022-03-21,09:00:00,09:10:00,12.933284,77.615428,12.953284,77.635428,NULL
deub162191633,2022-03-12,19:50:00,19:55:00,22.722634,75.886959,22.832634,75.996959,NULL
devi951778776,2022-03-15,09:45:00,09:50:00,19.109300,72.825451,19.129300,72.845451,NULL
dewb836987374,2022-04-01,10:00:00,10:15:00,13.044694,80.261470,13.054694,80.271470,NULL
dewu325155548,2022-03-26,23:15:00,23:30:00,17.433809,78.386744,17.493809,78.446744,NULL
dexv002071664,2022-03-23,18:55:00,19:10:00,12.308500,76.665808,12.398500,76.755808,NULL
dfac164006762,2022-03-30,08:10:00,08:20:00,26.902908,75.792934,26.922908,75.812934,NULL
dfby633227952,2022-02-12,21:00:00,21:10:00,27.163303,78.057044,27.253303,78.147044,NULL
dfcz433171569,2022-03-28,11:10:00,11:15:00,17.411028,78.329645,17.421028,78.339645,NULL
dffv975102048,2022-03-28,19:40:00,19:45:00,18.994237,72.825553,19.024237,72.855553,NULL
dfgr441487763,2022-03-05,11:20:00,11:30:00,23.355164,85.324097,23.375164,85.344097,NULL
dfit633531471,2022-02-16,23:40:00,23:55:00,0.000000,0.000000,0.110000,0.110000,NULL
dfok769837192,2022-04-06,21:30:00,21:45:00,11.008638,76.984311,11.118638,77.094311,NULL
dfoo760104452,2022-04-01,11:30:00,11:45:00,17.458998,78.500366,17.478998,78.520366,NULL
dfpe572786594,2022-03-17,11:35:00,11:40:00,23.351058,85.325731,23.361058,85.335731,NULL
dfyq691194583,2022-02-17,20:50:00,21:05:00,9.966783,76.242981,9.996783,76.272981,NULL
dfyy949417213,2022-03-30,09:25:00,09:30:00,26.913987,75.752891,26.933987,75.772891,NULL
dgbp529598420,2022-04-06,20:00:00,20:05:00,13.027018,80.254791,13.137018,80.364791,NULL
dgeb122522165,2022-03-13,08:55:00,09:10:00,12.334022,76.618203,12.354022,76.638203,NULL
dgjv917710924,2022-03-30,15:45:00,15:50:00,11.021278,76.995017,11.061278,77.035017,NULL
dgke967553115,2022-04-03,09:15:00,09:30:00,18.636215,73.751081,18.646215,73.761081,NULL
dgou377052892,2022-03-10,19:50:00,20:00:00,17.429585,78.392621,17.499585,78.462621,NULL
dgry532903313,2022-02-16,21:55:00,22:05:00,0.000000,0.000000,0.110000,0.110000,NULL
dgtk904099518,2022-03-26,20:55:00,21:00:00,21.171060,72.789292,21.221060,72.839292,NULL
dgwg859078855,2022-03-03,13:50:00,14:05:00,12.323994,76.626167,12.363994,76.666167,NULL
dgxf616461351,2022-03-27,21:30:00,21:40:00,12.334022,76.618203,12.404022,76.688203,NULL
dgxh981158152,2022-03-25,19:20:00,19:35:00,23.357804,85.325146,23.487804,85.455146,NULL
dgxs800270933,2022-02-17,10:35:00,10:40:00,26.463504,80.372929,26.483504,80.392929,NULL
dgye215214408,2022-03-30,20:40:00,20:50:00,13.058616,80.264151,13.108616,80.314151,NULL
dhcj032141629,2022-03-11,17:20:00,17:25:00,26.911927,75.797282,26.971927,75.857282,NULL
dhdw314738710,2022-02-13,12:20:00,12:25:00,15.546594,73.760431,15.586594,73.800431,NULL
dhev987075905,2022-03-15,22:50:00,23:00:00,26.846156,75.802300,26.896156,75.852300,NULL
dhgl730067904,2022-02-13,22:45:00,22:50:00,30.885814,75.786976,30.945814,75.846976,NULL
dhhq038646489,2022-03-24,08:25:00,08:40:00,12.978453,77.643685,12.998453,77.663685,NULL
dhjk593597775,2022-04-05,10:40:00,10:55:00,19.121999,72.908493,19.131999,72.918493,NULL
dhmd768797034,2022-03-25,20:25:00,20:40:00,13.086438,80.220672,13.166438,80.300672,NULL
dhpm144565111,2022-03-23,18:10:00,18:15:00,18.562450,73.916619,18.632450,73.986619,NULL
dhpp321348306,2022-03-14,21:25:00,21:35:00,21.175975,72.795503,21.255975,72.875503,NULL
dhpt580023376,2022-03-19,10:35:00,10:45:00,17.450851,78.379347,17.460851,78.389347,NULL
dhpy791411508,2022-04-03,15:30:00,15:40:00,19.121999,72.908493,19.161999,72.948493,NULL
dhru296264034,2022-03-30,20:55:00,21:00:00,17.440827,78.393391,17.500827,78.453391,NULL
dhsc528296331,2022-02-11,11:45:00,11:50:00,15.493950,73.827423,15.503950,73.837423,NULL
dhxs177781066,2022-03-06,22:20:00,22:25:00,10.961850,76.971082,11.031850,77.041082,NULL
dici497667188,2022-02-15,18:20:00,18:30:00,0.000000,0.000000,0.030000,0.030000,NULL
digj377657140,2022-03-17,20:50:00,20:55:00,26.766536,75.837333,26.816536,75.887333,NULL
diig821213816,2022-03-28,10:35:00,10:45:00,22.753839,75.897429,22.763838,75.907429,NULL
diis051997798,2022-04-05,22:30:00,22:40:00,12.299524,76.642620,12.329524,76.672620,NULL
dijx239222824,2022-03-05,19:30:00,19:40:00,22.728163,75.884212,22.788163,75.944212,NULL
diln123443380,2022-03-15,22:20:00,22:25:00,19.221315,72.862381,19.251315,72.892381,NULL
dilo909515816,2022-03-24,22:45:00,23:00:00,12.935662,77.614130,12.995662,77.674130,NULL
dink449243715,2022-02-16,20:15:00,20:30:00,19.878028,75.317475,19.958028,75.397475,NULL
dioo430441730,2022-03-18,17:15:00,17:30:00,13.022394,80.242439,13.132394,80.352439,NULL
dirj189805171,2022-02-13,16:35:00,16:45:00,23.264015,77.408236,23.304015,77.448236,NULL
disg294491177,2022-03-13,09:40:00,09:55:00,26.892312,75.806896,26.912312,75.826896,NULL
ditc248682024,2022-03-20,23:25:00,23:35:00,26.902908,75.792934,27.042908,75.932934,NULL
dium696812209,2022-03-26,21:35:00,21:45:00,18.543626,73.905101,18.603626,73.965101,NULL
diuo905966696,2022-04-05,19:30:00,19:40:00,12.352058,76.606650,12.412058,76.666650,NULL
divn686570524,2022-03-21,23:45:00,23:50:00,11.020910,76.940432,11.080910,77.000432,NULL
diyv349478250,2022-03-31,23:55:00,00:10:00,26.911378,75.789034,27.041378,75.919034,NULL
diyx055802815,2022-03-14,17:40:00,17:50:00,22.727021,75.884167,22.857021,76.014167,NULL
djac839427113,2022-02-18,23:35:00,23:40:00,0.000000,0.000000,0.080000,0.080000,NULL
djix264206361,2022-04-05,17:25:00,17:35:00,23.351058,85.325731,23.401058,85.375731,NULL
djni578384701,2022-02-12,22:10:00,22:20:00,30.899992,75.831338,30.969992,75.901338,NULL
djnl860407613,2022-04-04,21:00:00,21:15:00,10.961850,76.971082,11.041850,77.051082,NULL
djrk815210722,2022-03-26,11:15:00,11:20:00,21.152760,72.778059,21.162760,72.788059,NULL
djrw974238657,2022-03-29,18:15:00,18:25:00,23.359194,85.325447,23.449194,85.415447,NULL
djsf506467629,2022-02-12,23:50:00,00:05:00,9.985697,76.281128,10.095697,76.391128,NULL
dkav222497595,2022-04-03,20:35:00,20:45:00,12.979166,77.640709,13.029166,77.690709,NULL
dkbx581039348,2022-03-11,23:15:00,23:30:00,18.593481,73.785901,18.653481,73.845901,NULL
dkcd563849140,2022-03-29,22:25:00,22:35:00,13.044694,80.261470,13.154694,80.371470,NULL
dkcx289564509,2022-03-03,17:55:00,18:10:00,12.323978,76.627961,12.353978,76.657961,NULL
dkgi875489081,2022-03-13,17:15:00,17:20:00,21.149834,72.778666,21.209834,72.838666,NULL
dkha069000208,2022-04-04,22:30:00,22:35:00,13.049645,80.242268,13.179645,80.372268,NULL
dkju949608812,2022-02-16,18:10:00,18:25:00,25.451646,81.832796,25.591646,81.972796,NULL
dklc220087063,2022-03-09,22:00:00,22:15:00,23.369746,85.339820,23.419746,85.389820,NULL
dkle439437143,2022-02-13,16:30:00,16:40:00,26.483042,80.317833,26.523042,80.357833,NULL
dkly190694902,2022-03-05,23:15:00,23:30:00,0.000000,0.000000,0.050000,0.050000,NULL
dkpd207931762,2022-03-23,23:30:00,23:45:00,12.316967,76.603067,12.426967,76.713067,NULL
dkqw733112801,2022-03-09,08:50:00,08:55:00,21.186438,72.794115,21.196438,72.804115,NULL
dksc898699214,2022-03-13,17:40:00,17:50:00,13.022394,80.242439,13.052394,80.272439,NULL
dksj720442749,2022-03-14,23:55:00,00:10:00,11.026117,76.944652,11.156117,77.074652,NULL
dktl160833310,2022-03-20,19:55:00,20:10:00,21.160437,72.774209,21.250437,72.864209,NULL
dkvz876862315,2022-03-09,10:40:00,10:55:00,12.323994,76.626167,12.343994,76.646167,NULL
dkwr628917133,2022-03-25,23:25:00,23:35:00,21.183434,72.814492,21.273434,72.904492,NULL
dkxa328289320,2022-04-04,18:40:00,18:50:00,11.003681,76.975525,11.093681,77.065525,NULL
dkxy390365412,2022-04-02,21:10:00,21:25:00,12.321214,76.621094,12.451214,76.751094,NULL
dkzl018372340,2022-04-06,23:55:00,00:05:00,12.326356,76.619103,12.416356,76.709103,NULL
dlbj662884017,2022-03-21,20:20:00,20:25:00,13.026279,80.174568,13.076279,80.224568,NULL
dldg042762770,2022-03-21,18:00:00,18:15:00,0.000000,0.000000,0.030000,0.030000,NULL
dled321505653,2022-03-26,11:30:00,11:45:00,23.353783,85.326967,23.373783,85.346967,NULL
dlhp456140272,2022-03-12,17:45:00,17:55:00,17.422819,78.449578,17.532819,78.559578,NULL
dlix556952151,2022-02-15,17:40:00,17:45:00,22.539129,88.365507,22.569129,88.395507,NULL
dlkc567444231,2022-03-05,10:15:00,10:25:00,22.311844,73.165081,22.331844,73.185081,NULL
dlkf093512932,2022-03-08,19:10:00,19:20:00,22.310526,73.170937,22.420526,73.280937,NULL
dlox069569501,2022-03-11,16:15:00,16:20:00,12.970324,77.645748,13.010324,77.685748,NULL
dlox342269348,2022-03-01,19:50:00,20:05:00,13.029198,77.570997,13.059198,77.600997,NULL
dlpe842847385,2022-03-19,22:25:00,22:40:00,22.751857,75.866699,22.781857,75.896699,NULL
dlqd558708532,2022-03-29,22:00:00,22:10:00,23.351489,85.324253,23.481489,85.454253,NULL
dlva748096287,2022-03-06,17:15:00,17:25:00,22.695207,75.866059,22.825207,75.996059,NULL
dlvl503126548,2022-03-20,23:40:00,23:50:00,0.000000,0.000000,0.110000,0.110000,NULL
dlvw644909106,2022-02-11,19:55:00,20:05:00,10.020683,76.310631,10.080683,76.370631,NULL
dlxs382799710,2022-03-23,22:35:00,22:45:00,18.539299,73.897902,18.609299,73.967902,NULL
dlyg771416066,2022-04-06,20:25:00,20:35:00,13.005801,80.250744,13.075801,80.320744,NULL
dmdk860360874,2022-03-17,11:10:00,11:25:00,18.536562,73.896485,18.556562,73.916485,NULL
dmfj519519219,2022-03-18,21:45:00,22:00:00,26.892312,75.806896,27.022313,75.936896,NULL
dmfn307541025,2022-03-12,20:40:00,20:55:00,0.000000,0.000000,0.070000,0.070000,NULL
dmfu023290610,2022-02-11,22:40:00,22:45:00,0.000000,0.000000,0.050000,0.050000,NULL
dmgc331436098,2022-03-06,20:40:00,20:45:00,23.333017,85.317200,23.403017,85.387200,NULL
dmgj641048442,2022-03-19,16:10:00,16:15:00,18.514210,73.838429,18.554210,73.878429,NULL
dmhe783246303,2022-03-11,09:30:00,09:40:00,17.410371,78.437225,17.420371,78.447225,NULL
dmhf504623023,2022-03-30,17:10:00,17:20:00,0.000000,0.000000,0.060000,0.060000,NULL
dmhl262485503,2022-03-13,09:35:00,09:45:00,0.000000,0.000000,0.010000,0.010000,NULL
dmhy044472637,2022-03-02,18:30:00,18:45:00,22.748060,75.893400,22.878060,76.023400,NULL
dmjc960621711,2022-03-02,20:50:00,20:55:00,26.913726,75.752820,26.993726,75.832820,NULL
dmlb392137609,2022-03-09,21:35:00,21:40:00,22.310329,73.169083,22.370329,73.229083,NULL
dmmp119908815,2022-03-01,23:00:00,23:15:00,19.003517,72.827650,19.033517,72.857650,NULL
dmps249322564,2022-03-24,23:45:00,00:00:00,23.416792,85.316842,23.476792,85.376842,NULL
dmqc837301408,2022-03-10,18:15:00,18:25:00,22.311358,73.164798,22.421358,73.274798,NULL
dmrl564554163,2022-03-12,17:10:00,17:20:00,19.003517,72.827650,19.073517,72.897650,NULL
dmsk844297844,2022-03-11,18:25:00,18:40:00,11.001852,76.976268,11.061852,77.036268,NULL
dmus962572859,2022-03-08,21:40:00,21:45:00,12.913041,77.683237,13.043041,77.813237,NULL
dmwe831468475,2022-04-04,20:00:00,20:15:00,12.337928,76.617889,12.447928,76.727889,NULL
dmyg638155216,2022-03-20,17:25:00,17:35:00,18.592718,73.773572,18.672718,73.853572,NULL
dmzy197077255,2022-03-27,21:40:00,21:55:00,19.091458,72.827808,19.161458,72.897808,NULL
dnai501018778,2022-03-19,09:40:00,09:50:00,22.310329,73.169083,22.330329,73.189083,NULL
dncc496646545,2022-03-09,13:30:00,13:35:00,12.972532,77.608179,13.012532,77.648179,NULL
dnhx318897704,2022-02-15,08:10:00,08:25:00,23.232537,77.429845,23.252537,77.449845,NULL
dnju382673641,2022-03-13,17:50:00,17:55:00,17.458998,78.500366,17.508998,78.550366,NULL
dnka590262378,2022-03-30,18:15:00,18:25:00,12.978453,77.643685,13.008453,77.673685,NULL
dnlt735878104,2022-03-18,22:15:00,22:25:00,11.016298,76.972076,11.126298,77.082076,NULL
dnnl731928453,2022-03-06,18:25:00,18:30:00,22.745049,75.892471,22.855049,76.002471,NULL
dnoo159789919,2022-03-18,22:35:00,22:50:00,12.939496,77.625999,13.049496,77.735999,NULL
dnpb349034653,2022-03-26,09:20:00,09:25:00,19.120083,72.907385,19.140083,72.927385,NULL
dnpp080681394,2022-03-02,20:40:00,20:55:00,22.725748,75.898497,22.795748,75.968497,NULL
dnto049997897,2022-02-16,23:35:00,23:50:00,22.569358,88.433452,22.699358,88.563452,NULL
dntw194845873,2022-03-21,19:10:00,19:25:00,22.728163,75.884212,22.778163,75.934212,NULL
dnva109898087,2022-03-20,20:30:00,20:40:00,11.001852,76.976268,11.111852,77.086268,NULL
dnvq084670731,2022-04-05,10:15:00,10:25:00,22.744648,75.894377,22.764648,75.914377,NULL
dnwn299909581,2022-03-20,18:00:00,18:10:00,21.173343,72.792731,21.243343,72.862731,NULL
dnxr830862385,2022-03-12,20:35:00,20:50:00,26.913726,75.752820,27.043726,75.882820,NULL
dnyz196253923,2022-03-31,21:55:00,22:10:00,12.972532,77.608179,13.052532,77.688179,NULL
doai643866562,2022-03-14,17:15:00,17:30:00,18.520016,73.830547,18.590016,73.900547,NULL
dobk840835029,2022-02-12,21:30:00,21:40:00,10.027364,76.308258,10.107364,76.388258,NULL
dogf869138642,2022-03-31,19:50:00,20:00:00,26.766536,75.837333,26.906536,75.977333,NULL
dohi246751853,2022-03-02,19:20:00,19:25:00,18.546258,73.904337,18.656258,74.014337,NULL
dohj449204747,2022-03-20,22:45:00,22:50:00,23.355164,85.324097,23.445164,85.414097,NULL
dojl605806455,2022-03-07,18:30:00,18:45:00,18.530963,73.828972,18.590963,73.888972,NULL
dokc627256618,2022-03-30,14:35:00,14:40:00,19.055831,72.833984,19.095831,72.873984,NULL
dolb410546503,2022-04-02,17:40:00,17:50:00,23.374989,85.335486,23.464989,85.425486,NULL
domk096049222,2022-03-27,20:10:00,20:25:00,18.546258,73.904337,18.656258,74.014337,NULL
doon224879164,2022-02-14,21:15:00,21:30:00,10.006881,76.345397,10.116881,76.455397,NULL
doqb199367737,2022-04-02,17:25:00,17:40:00,26.911927,75.797282,26.991927,75.877282,NULL
dorg298021577,2022-04-04,21:40:00,21:45:00,12.975996,80.221898,13.085996,80.331898,NULL
dorg301737169,2022-04-05,14:10:00,14:20:00,12.310972,76.659264,12.350972,76.699264,NULL
douk686069071,2022-03-08,21:15:00,21:20:00,21.175104,72.804342,21.285104,72.914342,NULL
dout933915633,2022-03-12,17:45:00,17:50:00,12.325461,76.632278,12.395461,76.702278,NULL
dowq522268038,2022-04-01,18:30:00,18:35:00,12.980410,77.640489,13.010410,77.670489,NULL
dozk221349186,2022-03-26,13:40:00,13:55:00,18.994049,72.825203,19.034049,72.865203,NULL
dpcr770207794,2022-03-12,23:45:00,23:55:00,12.935662,77.614130,13.015662,77.694130,NULL
dpde241081229,2022-03-12,21:25:00,21:30:00,22.728163,75.884212,22.808163,75.964212,NULL
dpfm586616832,2022-03-28,16:40:00,16:55:00,18.994049,72.825203,19.034049,72.865203,NULL
dpjw233132061,2022-03-02,19:00:00,19:10:00,12.297954,76.665169,12.427954,76.795169,NULL
dpoh148759286,2022-03-03,21:35:00,21:40:00,11.006686,76.951736,11.066686,77.011736,NULL
dpon199283102,2022-02-11,21:45:00,21:50:00,30.327968,78.046106,30.377968,78.096106,NULL
dpta205888457,2022-03-18,18:10:00,18:15:00,12.323225,76.630028,12.413225,76.720028,NULL
dptj721061120,2022-03-10,21:25:00,21:40:00,17.450851,78.379347,17.540851,78.469347,NULL
dpuf563272492,2022-03-01,10:00:00,10:10:00,17.428294,78.404423,17.438294,78.414423,NULL
dpvv641405060,2022-03-28,20:10:00,20:20:00,11.025083,77.015393,11.055083,77.045393,NULL
dpwh040219272,2022-03-11,17:10:00,17:15:00,26.911378,75.789034,26.941378,75.819034,NULL
dqap256542351,2022-04-05,09:35:00,09:50:00,18.539299,73.897902,18.549299,73.907902,NULL
dqbw873374460,2022-03-13,10:30:00,10:45:00,21.152760,72.778059,21.172760,72.798059,NULL
dqce231312436,2022-02-15,21:35:00,21:45:00,-23.211529,77.419399,23.241529,77.449399,NULL
dqdo441155586,2022-04-06,19:15:00,19:20:00,18.546258,73.904337,18.626258,73.984337,NULL
dqdp450555221,2022-03-20,21:40:00,21:55:00,22.311844,73.165081,22.401844,73.255081,NULL
dqeb755107627,2022-03-02,19:55:00,20:10:00,21.186884,72.793616,21.266884,72.873616,NULL
dqgo624546930,2022-03-24,11:25:00,11:35:00,23.351058,85.325731,23.371058,85.345731,NULL
dqha770938362,2022-03-27,17:25:00,17:35:00,0.000000,0.000000,0.070000,0.070000,NULL
dqhf485609376,2022-03-29,23:25:00,23:30:00,0.000000,0.000000,0.130000,0.130000,NULL
dqhy413880374,2022-03-18,18:00:00,18:05:00,0.000000,0.000000,0.130000,0.130000,NULL
dqkw257561772,2022-03-29,20:20:00,20:25:00,22.748060,75.893400,22.838060,75.983400,NULL
dqml870257443,2022-02-18,17:40:00,17:55:00,30.359722,78.067079,30.499722,78.207079,NULL
dqmv180460752,2022-04-01,18:30:00,18:45:00,13.029780,80.208812,13.079780,80.258812,NULL
dqpm652217306,2022-04-02,21:10:00,21:15:00,21.157729,72.768726,21.247729,72.858726,NULL
dqtc450243651,2022-03-24,08:45:00,08:55:00,23.374878,85.335739,23.384878,85.345739,NULL
dqug743314878,2022-03-30,17:00:00,17:10:00,22.307898,73.167788,22.347898,73.207788,NULL
dqvx337659942,2022-03-20,20:15:00,20:30:00,19.109300,72.825451,19.199300,72.915451,NULL
dqwj529709333,2022-03-12,18:35:00,18:45:00,23.374878,85.335739,23.454878,85.415739,NULL
drah040595646,2022-03-11,08:55:00,09:05:00,13.026286,80.275235,13.046286,80.295235,NULL
drco868097423,2022-03-11,10:35:00,10:45:00,0.000000,0.000000,0.010000,0.010000,NULL
drcr835765083,2022-03-06,20:30:00,20:40:00,12.304569,76.643622,12.434569,76.773622,NULL
drdr957134932,2022-03-10,23:20:00,23:35:00,21.173343,72.792731,21.283343,72.902731,NULL
drgh498946193,2022-03-26,23:35:00,23:50:00,12.934179,77.615797,12.994179,77.675797,NULL
drhi978784270,2022-03-11,18:40:00,18:55:00,23.355164,85.324097,23.405164,85.374097,NULL
drir663128253,2022-03-08,20:35:00,20:45:00,11.000762,76.981876,11.130762,77.111876,NULL
drix495674647,2022-03-12,22:10:00,22:15:00,26.902328,75.794257,26.992328,75.884257,NULL
drjt166777414,2022-03-03,22:30:00,22:35:00,23.416792,85.316842,23.476792,85.376842,NULL
drkf046187668,2022-03-11,09:20:00,09:25:00,18.546258,73.904337,18.566258,73.924337,NULL
drnq455410643,2022-03-10,23:10:00,23:20:00,26.766536,75.837333,26.846536,75.917333,NULL
drpa686493872,2022-03-21,22:45:00,23:00:00,22.725835,75.887648,22.775835,75.937648,NULL
drxp267042138,2022-03-06,20:25:00,20:40:00,18.563934,73.915367,18.673935,74.025367,NULL
dryc672402519,2022-03-02,19:40:00,19:50:00,17.458998,78.500366,17.568998,78.610366,NULL
dsbe906886027,2022-02-13,23:50:00,23:55:00,22.538731,88.364878,22.598731,88.424878,NULL
dsbo768130372,2022-03-11,18:40:00,18:45:00,11.003008,76.975440,11.033008,77.005440,NULL
dsdr256348370,2022-03-31,18:35:00,18:50:00,12.970221,77.645396,13.040221,77.715396,NULL
dshk783743547,2022-03-13,20:55:00,21:10:00,13.081878,80.248519,13.131878,80.298519,NULL
dshx903514425,2022-03-03,22:15:00,22:30:00,13.054347,80.257221,13.114347,80.317221,NULL
dspb683841024,2022-03-20,18:10:00,18:20:00,12.321214,76.621094,12.411214,76.711094,NULL
dsre398844470,2022-03-19,12:00:00,12:05:00,22.745049,75.892471,22.755049,75.902471,NULL
dsug059594228,2022-03-11,17:45:00,17:55:00,0.000000,0.000000,0.060000,0.060000,NULL
dswj723760119,2022-03-30,19:10:00,19:25:00,22.727021,75.884167,22.757021,75.914167,NULL
dsyl658069912,2022-03-09,16:45:00,16:55:00,13.064181,80.236442,13.104181,80.276442,NULL
dtcn438586111,2022-03-27,21:55:00,22:10:00,11.016298,76.972076,11.096298,77.052076,NULL
dtms399122184,2022-02-11,23:10:00,23:25:00,0.000000,0.000000,0.030000,0.030000,NULL
dtol335740319,2022-02-13,14:50:00,15:00:00,15.506205,73.766668,15.546205,73.806668,NULL
dtoz235571108,2022-02-13,09:25:00,09:40:00,30.885814,75.786976,30.895814,75.796976,NULL
dtqc898271527,2022-02-14,17:55:00,18:05:00,22.549100,88.400467,22.619100,88.470467,NULL
dtqr409751988,2022-04-04,17:40:00,17:45:00,22.761593,75.886362,22.841593,75.966362,NULL
dtti158803088,2022-03-31,20:55:00,21:05:00,22.311844,73.165081,22.381844,73.235081,NULL
dtyh080013405,2022-03-12,17:10:00,17:15:00,26.911378,75.789034,27.021378,75.899034,NULL
dtzs077015277,2022-02-18,23:30:00,23:40:00,26.463504,80.372929,26.603504,80.512929,NULL
ducs397950185,2022-04-06,22:00:00,22:10:00,21.186884,72.793616,21.276884,72.883616,NULL
dudh860055837,2022-04-02,19:00:00,19:15:00,18.994237,72.825553,19.124237,72.955553,NULL
duep227896601,2022-04-05,21:25:00,21:40:00,13.026279,80.174568,13.086279,80.234568,NULL
duey350408555,2022-03-20,18:20:00,18:35:00,22.744648,75.894377,22.824648,75.974377,NULL
dufo978751909,2022-04-03,09:15:00,09:30:00,13.026286,80.275235,13.046286,80.295235,NULL
dufp775941792,2022-03-06,17:45:00,17:55:00,17.426228,78.407495,17.496228,78.477495,NULL
dugp528900701,2022-02-11,20:30:00,20:45:00,10.027014,76.308053,10.057014,76.338053,NULL
dugs815204733,2022-03-10,23:45:00,00:00:00,11.024839,77.007003,11.104839,77.087003,NULL
dujz066229565,2022-04-03,21:15:00,21:30:00,26.892312,75.806896,26.942312,75.856896,NULL
dujz464372048,2022-03-29,00:00:00,00:10:00,18.530963,73.828972,18.640963,73.938972,NULL
dupa654131848,2022-04-01,12:55:00,13:00:00,18.569156,73.774723,18.609156,73.814723,NULL
duqt374243366,2022-03-01,12:00:00,12:15:00,18.636215,73.751081,18.646215,73.761081,NULL
dusj709972309,2022-03-18,19:10:00,19:25:00,26.766536,75.837333,26.836536,75.907333,NULL
dutq679720537,2022-04-05,08:25:00,08:30:00,12.975996,80.221898,12.985996,80.231898,NULL
duwh849295111,2022-03-29,19:50:00,20:05:00,19.131141,72.813074,19.211140,72.893074,NULL
duyb690355362,2022-03-05,19:20:00,19:25:00,12.981615,80.231598,13.031615,80.281598,NULL
duza174947053,2022-03-05,11:35:00,11:45:00,17.455894,78.375467,17.475894,78.395467,NULL
duzf504414566,2022-03-08,19:25:00,19:35:00,23.353783,85.326967,23.423783,85.396967,NULL
dvcn913139316,2022-04-02,21:00:00,21:05:00,26.913483,75.803139,27.043483,75.933139,NULL
dvgw027189717,2022-03-10,18:30:00,18:45:00,12.986047,80.218114,13.056047,80.288114,NULL
dvkw198193286,2022-03-08,00:00:00,00:15:00,22.725748,75.898497,22.815748,75.988497,NULL
dvlh130754771,2022-02-13,14:50:00,14:55:00,22.539129,88.365507,22.579129,88.405507,NULL
dvmq392406893,2022-02-18,21:30:00,21:40:00,19.888716,75.321461,19.998716,75.431461,NULL
dvop930848829,2022-03-27,21:35:00,21:40:00,21.149669,72.772629,21.229669,72.852629,NULL
dvox190075241,2022-03-01,09:00:00,09:05:00,19.120083,72.907385,19.130083,72.917385,NULL
dvqx720021993,2022-02-17,17:50:00,18:05:00,0.000000,0.000000,0.030000,0.030000,NULL
dvvt114289457,2022-03-09,10:00:00,10:15:00,12.308500,76.665808,12.328500,76.685808,NULL
dvxs973693503,2022-03-06,21:50:00,21:55:00,17.450851,78.379347,17.540851,78.469347,NULL
dwbe988990866,2022-03-09,22:45:00,22:50:00,19.223840,72.841347,19.253840,72.871347,NULL
dwbj696634532,2022-02-12,22:20:00,22:30:00,0.000000,0.000000,0.090000,0.090000,NULL
dwei364960569,2022-02-13,23:15:00,23:25:00,25.457116,81.859682,25.507116,81.909682,NULL
dwgb644836368,2022-03-15,13:20:00,13:35:00,22.725835,75.887648,22.765835,75.927648,NULL
dwgr078925134,2022-03-21,19:45:00,20:00:00,26.892312,75.806896,26.942312,75.856896,NULL
dwgu589584877,2022-03-11,11:00:00,11:05:00,18.562450,73.916619,18.572450,73.926619,NULL
dwgu964602157,2022-03-05,23:15:00,23:20:00,26.849596,75.800512,26.879596,75.830512,NULL
dwhc074822149,2022-02-17,12:10:00,12:25:00,26.469003,80.316344,26.509003,80.356344,NULL
dwhf060902421,2022-03-16,23:20:00,23:25:00,22.727021,75.884167,22.807021,75.964167,NULL
dwhn136262490,2022-03-12,17:40:00,17:55:00,10.994136,76.963303,11.084136,77.053303,NULL
dwnh519656346,2022-04-03,15:10:00,15:15:00,23.369746,85.339820,23.409746,85.379820,NULL
dwoe331045409,2022-03-04,17:35:00,17:50:00,11.022477,76.995667,11.112477,77.085667,NULL
dwpi800871102,2022-03-31,21:20:00,21:25:00,11.000762,76.981876,11.080762,77.061876,NULL
dwpz461110458,2022-03-24,17:00:00,17:15:00,23.374878,85.335739,23.414878,85.375739,NULL
dwra898564743,2022-04-01,12:20:00,12:30:00,13.026286,80.275235,13.066286,80.315235,NULL
dwrg715009940,2022-03-21,12:35:00,12:40:00,17.458998,78.500366,17.498998,78.540366,NULL
dwsf105854878,2022-03-13,09:20:00,09:35:00,23.371292,85.327872,23.381292,85.337872,NULL
dwsf425746236,2022-04-04,23:00:00,23:10:00,23.353783,85.326967,23.433783,85.406967,NULL
dwsy215214562,2022-03-05,22:30:00,22:40:00,0.000000,0.000000,0.050000,0.050000,NULL
dwwv424456165,2022-03-24,11:55:00,12:05:00,13.091809,80.219104,13.111809,80.239104,NULL
dwxm048253374,2022-04-05,11:00:00,11:15:00,26.913726,75.752820,26.923726,75.762821,NULL
dwzr238923058,2022-03-02,22:35:00,22:50:00,19.207222,72.972281,19.277222,73.042281,NULL
dxgf368981190,2022-03-14,20:55:00,21:05:00,21.173493,72.801953,21.243493,72.871953,NULL
dxgy027687517,2022-02-14,18:15:00,18:20:00,15.561295,73.749478,15.631295,73.819478,NULL
dxjx101152677,2022-03-03,10:55:00,11:10:00,13.081878,80.248519,13.091878,80.258519,NULL
dxkk416274533,2022-03-01,20:40:00,20:45:00,12.311072,76.654878,12.361072,76.704878,NULL
dxoe380581524,2022-02-15,17:45:00,17:55:00,0.000000,0.000000,0.050000,0.050000,NULL
dxpn089261018,2022-03-14,20:40:00,20:55:00,13.054347,80.257221,13.164347,80.367221,NULL
dxpp270325088,2022-03-06,21:40:00,21:55:00,21.186884,72.793616,21.296884,72.903616,NULL
dxpw138794880,2022-03-11,12:00:00,12:05:00,13.066762,80.251865,13.076762,80.261865,NULL
dxrl758847749,2022-02-13,15:35:00,15:45:00,30.362686,78.068890,30.402686,78.108890,NULL
dxsn980391538,2022-03-29,21:45:00,22:00:00,12.972532,77.608179,13.052532,77.688179,NULL
dxtj319166247,2022-03-30,15:15:00,15:20:00,26.913987,75.752891,26.953987,75.792891,NULL
dxtm262432925,2022-02-17,23:20:00,23:25:00,25.449872,81.836167,25.509872,81.896167,NULL
dxuq411671723,2022-03-27,21:00:00,21:15:00,22.308096,73.167753,22.378096,73.237753,NULL
dxwe064299401,2022-03-02,22:50:00,23:05:00,18.530963,73.828972,18.620963,73.918972,NULL
dxxm707931137,2022-02-17,19:45:00,19:55:00,25.449872,81.836167,25.479872,81.866167,NULL
dxxu171623513,2022-03-06,20:45:00,20:55:00,21.170096,72.789122,21.240096,72.859122,NULL
dxzs167085678,2022-03-01,23:15:00,23:20:00,13.064181,80.236442,13.124181,80.296442,NULL
dyea729626342,2022-02-15,22:35:00,22:50:00,30.328174,78.049117,30.378174,78.099117,NULL
dyei026194050,2022-02-17,13:20:00,13:35:00,10.027014,76.308053,10.067014,76.348053,NULL
dyhw743350086,2022-03-09,14:40:00,14:50:00,12.284747,76.625861,12.324747,76.665861,NULL
dyjt645128755,2022-03-26,11:45:00,12:00:00,22.311844,73.165081,22.331844,73.185081,NULL
dymy001679530,2022-04-04,23:40:00,23:45:00,17.422819,78.449578,17.532819,78.559578,NULL
dyoi565037666,2022-04-01,11:35:00,11:45:00,12.972532,77.608179,12.982532,77.618179,NULL
dypb040671273,2022-03-11,10:25:00,10:40:00,17.431477,78.400350,17.451477,78.420350,NULL
dyqn470935235,2022-03-05,20:00:00,20:15:00,0.000000,0.000000,0.030000,0.030000,NULL
dyrm101245903,2022-03-14,21:35:00,21:45:00,22.751234,75.889490,22.821234,75.959490,NULL
dysf153025141,2022-03-01,18:20:00,18:30:00,11.025083,77.015393,11.085083,77.075393,NULL
dysg140829070,2022-03-17,18:45:00,18:50:00,23.333017,85.317200,23.383017,85.367200,NULL
dysx080654111,2022-03-03,08:45:00,08:50:00,11.010375,76.952950,11.020375,76.962950,NULL
dyul555137824,2022-02-17,18:55:00,19:10:00,0.000000,0.000000,0.050000,0.050000,NULL
dyvz726449687,2022-03-15,18:20:00,18:25:00,17.410371,78.437225,17.470371,78.497225,NULL
dyxh796626241,2022-02-12,23:55:00,00:05:00,9.957144,76.296783,10.027144,76.366783,NULL
dyyv405381763,2022-03-01,18:30:00,18:35:00,11.003008,76.975440,11.033008,77.005440,NULL
dyzj190479466,2022-03-09,19:50:00,19:55:00,11.024839,77.007003,11.054839,77.037003,NULL
dzaq162805222,2022-03-13,22:40:00,22:55:00,0.000000,0.000000,0.030000,0.030000,NULL
dzcs575936167,2022-03-28,21:00:00,21:10:00,12.981615,80.231598,13.031615,80.281598,NULL
dzja169620854,2022-03-03,14:30:00,14:35:00,26.921411,75.793604,26.961411,75.833604,NULL
dzlq830319347,2022-03-28,09:40:00,09:45:00,11.003681,76.975525,11.023681,76.995525,NULL
dzml078342865,2022-03-26,17:55:00,18:10:00,12.304569,76.643622,12.334569,76.673622,NULL
dzqf492245797,2022-02-16,17:50:00,18:05:00,26.474986,80.342796,26.604986,80.472796,NULL
dzsv176037783,2022-04-05,11:10:00,11:25:00,11.025083,77.015393,11.045083,77.035393,NULL
dzwi532874822,2022-04-01,19:45:00,19:50:00,0.000000,0.000000,0.060000,0.060000,NULL
dzyt393596306,2022-03-23,00:00:00,00:10:00,22.310329,73.169083,22.420329,73.279083,NULL
eaap875960074,2022-03-23,23:15:00,23:30:00,23.374878,85.335739,23.484878,85.445739,NULL
eaci293897732,2022-03-21,11:45:00,11:55:00,13.044694,80.261470,13.064694,80.281470,NULL
eadk515854274,2022-03-26,09:00:00,09:15:00,21.170096,72.789122,21.190096,72.809122,NULL
eaht932002474,2022-03-09,20:15:00,20:20:00,11.022477,76.995667,11.082477,77.055667,NULL
eaio834910937,2022-03-17,17:50:00,18:05:00,22.727021,75.884167,22.787021,75.944167,NULL
ealq049268168,2022-03-27,21:40:00,21:50:00,22.760072,75.892574,22.850072,75.982574,NULL
eamn881338159,2022-03-13,08:20:00,08:30:00,22.722634,75.886959,22.742634,75.906959,NULL
eath944123739,2022-03-26,09:20:00,09:30:00,17.450851,78.379347,17.460851,78.389347,NULL
eatw866682011,2022-03-12,21:25:00,21:35:00,12.914264,77.678400,12.984264,77.748400,NULL
eaur513715420,2022-03-20,19:00:00,19:15:00,12.935662,77.614130,13.065662,77.744130,NULL
eaxa421414015,2022-03-12,20:10:00,20:15:00,12.970221,77.645396,13.060221,77.735396,NULL
eaxf794953602,2022-04-05,11:55:00,12:00:00,21.157729,72.768726,21.177729,72.788726,NULL
eaxy628363992,2022-02-11,09:55:00,10:00:00,15.556561,73.763633,15.576561,73.783633,NULL
ebbw455400213,2022-03-09,23:20:00,23:35:00,13.027018,80.254791,13.087018,80.314791,NULL
ebcr394872687,2022-03-15,10:00:00,10:05:00,11.006686,76.951736,11.026686,76.971736,NULL
ebea601870001,2022-03-28,21:30:00,21:40:00,0.000000,0.000000,0.060000,0.060000,NULL
ebex772833261,2022-02-16,21:25:00,21:30:00,0.000000,0.000000,0.080000,0.080000,NULL
ebfn435266127,2022-04-05,10:40:00,10:50:00,23.355164,85.324097,23.365164,85.334097,NULL
ebqi453262943,2022-02-11,20:25:00,20:40:00,22.538731,88.364878,22.588731,88.414878,NULL
ebrg866900923,2022-03-11,11:55:00,12:10:00,26.888420,75.800689,26.908420,75.820689,NULL
ebtw655648192,2022-03-10,21:40:00,21:45:00,26.902940,75.793007,26.992940,75.883007,NULL
ebub567728147,2022-03-05,18:35:00,18:45:00,17.410371,78.437225,17.440371,78.467225,NULL
ebwu550566813,2022-04-01,13:55:00,14:05:00,21.173493,72.801953,21.213493,72.841953,NULL
ebyw245529080,2022-03-27,19:15:00,19:30:00,26.902940,75.793007,26.992940,75.883007,NULL
ecac160978596,2022-03-01,19:30:00,19:35:00,19.091458,72.827808,19.151458,72.887808,NULL
ecar963502319,2022-03-03,09:00:00,09:10:00,26.911378,75.789034,26.921378,75.799034,NULL
ecbr637836582,2022-03-13,18:30:00,18:35:00,23.359407,85.325055,23.419407,85.385055,NULL
ecdj272605091,2022-03-09,17:50:00,17:55:00,23.374878,85.335739,23.404878,85.365739,NULL
ecee946215258,2022-03-12,21:15:00,21:30:00,22.310526,73.170937,22.390526,73.250937,NULL
ecem060800309,2022-04-04,23:35:00,23:45:00,12.337978,76.616792,12.447978,76.726792,NULL
ecif323908521,2022-02-11,09:55:00,10:10:00,22.514119,88.362504,22.534119,88.382504,NULL
eciz076285667,2022-02-17,08:25:00,08:35:00,26.474986,80.342796,26.494986,80.362796,NULL
ecng782041750,2022-03-19,09:55:00,10:05:00,13.049645,80.242268,13.069645,80.262268,NULL
ecpu371715054,2022-04-03,08:50:00,09:00:00,17.459710,78.368855,17.469710,78.378855,NULL
ectk718944481,2022-03-09,20:30:00,20:40:00,12.323194,76.630583,12.383194,76.690583,NULL
ecuf331094488,2022-04-05,19:40:00,19:50:00,12.323978,76.627961,12.353978,76.657961,NULL
ecug393171219,2022-03-21,20:10:00,20:25:00,11.010375,76.952950,11.070375,77.012950,NULL
ecxi736615019,2022-03-07,08:25:00,08:30:00,22.753839,75.897429,22.763838,75.907429,NULL
edco522391392,2022-03-10,19:35:00,19:50:00,23.351058,85.325731,23.421058,85.395731,NULL
eddg433605983,2022-03-20,18:45:00,18:50:00,0.000000,0.000000,0.130000,0.130000,NULL
eddt314765083,2022-03-24,08:25:00,08:30:00,12.297954,76.665169,12.307954,76.675169,NULL
eddw455533484,2022-04-06,20:20:00,20:25:00,0.000000,0.000000,0.070000,0.070000,NULL
edfs098823359,2022-03-26,14:20:00,14:35:00,13.054347,80.257221,13.094347,80.297221,NULL
edhf270235821,2022-04-05,16:15:00,16:20:00,21.173493,72.801953,21.213493,72.841953,NULL
edjr006930495,2022-03-18,20:20:00,20:35:00,17.455894,78.375467,17.525894,78.445467,NULL
edjv264246217,2022-03-13,18:55:00,19:00:00,12.980410,77.640489,13.030410,77.690489,NULL
edkv222710750,2022-04-03,21:45:00,21:55:00,23.374989,85.335486,23.424989,85.385486,NULL
edqi600515891,2022-03-24,10:40:00,10:45:00,18.514210,73.838429,18.524210,73.848429,NULL
edrh271340988,2022-04-05,20:35:00,20:40:00,26.849596,75.800512,26.879596,75.830512,NULL
edtn302157182,2022-03-31,20:00:00,20:10:00,12.311072,76.654878,12.381072,76.724878,NULL
edtn476458353,2022-03-13,19:55:00,20:00:00,18.530963,73.828972,18.580963,73.878972,NULL
edub432604051,2022-04-01,17:15:00,17:20:00,22.311844,73.165081,22.361844,73.215081,NULL
eduj539795968,2022-03-08,17:25:00,17:40:00,11.022169,76.999594,11.112169,77.089594,NULL
edvq628679858,2022-03-28,19:00:00,19:15:00,21.183434,72.814492,21.243434,72.874492,NULL
edvv847023510,2022-02-12,17:15:00,17:20:00,30.887220,75.804893,30.997220,75.914893,NULL
edwd524990217,2022-02-16,20:50:00,20:55:00,27.165108,78.015053,27.295108,78.145053,NULL
edxx482704762,2022-03-17,08:40:00,08:55:00,12.975996,80.221898,12.985996,80.231898,NULL
eeaa240160362,2022-03-19,17:25:00,17:40:00,22.751857,75.866699,22.801857,75.916699,NULL
eede583188057,2022-03-18,18:00:00,18:05:00,26.910262,75.783013,26.990262,75.863013,NULL
eeec780549688,2022-03-01,23:00:00,23:15:00,22.725748,75.898497,22.785747,75.958497,NULL
eein393878639,2022-03-06,21:55:00,22:10:00,19.065838,72.832658,19.175838,72.942658,NULL
eeju630093738,2022-03-04,20:30:00,20:40:00,18.534080,73.898520,18.644080,74.008520,NULL
eejw336732074,2022-03-30,20:15:00,20:30:00,12.311072,76.654878,12.371072,76.714878,NULL
eent441915214,2022-03-31,21:25:00,21:35:00,13.027018,80.254791,13.097018,80.324791,NULL
eeor602854307,2022-03-14,22:50:00,23:00:00,17.424114,78.347554,17.504114,78.427554,NULL
eepj633309508,2022-03-03,23:55:00,00:00:00,18.516216,73.842527,18.576216,73.902527,NULL
eeqy390976659,2022-03-04,23:30:00,23:45:00,21.160437,72.774209,21.250437,72.864209,NULL
eeur086873724,2022-03-14,19:40:00,19:50:00,18.539299,73.897902,18.669299,74.027902,NULL
efbl990029217,2022-03-01,21:10:00,21:20:00,18.569156,73.774723,18.619156,73.824723,NULL
efbv094320974,2022-03-17,23:50:00,23:55:00,21.157729,72.768726,21.217729,72.828726,NULL
efco017697800,2022-03-19,09:00:00,09:10:00,12.970324,77.645748,12.980324,77.655748,NULL
efcr592528237,2022-03-11,20:35:00,20:50:00,18.543626,73.905101,18.603626,73.965101,NULL
efdx471867417,2022-04-06,22:15:00,22:25:00,22.307898,73.167788,22.437898,73.297788,NULL
efeg240565729,2022-03-28,13:20:00,13:35:00,12.972793,80.249982,13.012793,80.289982,NULL
efku184795963,2022-03-07,17:55:00,18:05:00,17.428294,78.404423,17.488294,78.464423,NULL
efrs776811164,2022-03-01,18:25:00,18:40:00,10.994136,76.963303,11.024136,76.993303,NULL
eftv183377462,2022-03-14,17:35:00,17:50:00,26.902908,75.792934,27.012908,75.902934,NULL
efvu537913767,2022-03-05,15:25:00,15:40:00,0.000000,0.000000,0.040000,0.040000,NULL
egba579809683,2022-02-18,19:55:00,20:00:00,0.000000,0.000000,0.110000,0.110000,NULL
egbd976209344,2022-03-04,17:30:00,17:40:00,22.761226,75.887522,22.841226,75.967522,NULL
egcs797272370,2022-03-21,10:50:00,10:55:00,21.175975,72.795503,21.195975,72.815503,NULL
egdq153549049,2022-03-13,22:00:00,22:15:00,13.066762,80.251865,13.116762,80.301865,NULL
egdw888984147,2022-03-28,22:30:00,22:35:00,17.412330,78.449654,17.442330,78.479654,NULL
egfn580044034,2022-03-29,17:45:00,17:55:00,0.000000,0.000000,0.130000,0.130000,NULL
eggk782414616,2022-04-06,19:55:00,20:05:00,18.546258,73.904337,18.676258,74.034337,NULL
egnd579949904,2022-03-11,16:35:00,16:40:00,18.927584,72.832585,18.967584,72.872585,NULL
egnx581239069,2022-03-20,21:30:00,21:40:00,22.312790,73.170283,22.422790,73.280283,NULL
egob793405990,2022-03-20,22:55:00,23:05:00,22.751857,75.866699,22.881857,75.996699,NULL
egpv662559058,2022-03-19,08:50:00,09:00:00,26.902328,75.794257,26.922328,75.814257,NULL
eguc623790772,2022-03-03,13:10:00,13:25:00,21.173493,72.801953,21.213493,72.841953,NULL
egyg586560007,2022-03-08,19:00:00,19:10:00,21.185047,72.808590,21.295047,72.918590,NULL
egyj062777532,2022-03-21,23:40:00,23:55:00,26.849596,75.800512,26.909596,75.860512,NULL
ehal838646635,2022-03-24,00:00:00,00:05:00,17.431477,78.400350,17.461477,78.430350,NULL
ehcl469358781,2022-03-21,09:35:00,09:45:00,0.000000,0.000000,0.010000,0.010000,NULL
ehkl718437490,2022-03-26,23:15:00,23:25:00,18.551440,73.804855,18.581440,73.834855,NULL
ehll134605719,2022-03-01,21:50:00,22:05:00,0.000000,0.000000,0.050000,0.050000,NULL
ehmd109032646,2022-02-13,18:30:00,18:35:00,22.552996,88.352310,22.612996,88.412310,NULL
ehnm611881222,2022-03-11,18:35:00,18:40:00,26.902328,75.794257,26.932328,75.824257,NULL
ehqz124608703,2022-04-01,11:45:00,11:50:00,17.422819,78.449578,17.432819,78.459578,NULL
ehvw826781202,2022-03-27,23:30:00,23:40:00,11.024839,77.007003,11.094839,77.077003,NULL
ehxs238150701,2022-03-25,22:55:00,23:10:00,26.902940,75.793007,27.012940,75.903007,NULL
ehyx773839563,2022-02-15,19:55:00,20:10:00,25.457116,81.859682,25.517116,81.919682,NULL
ehzg459981304,2022-03-03,13:55:00,14:05:00,22.311844,73.165081,22.351844,73.205081,NULL
ehzu427474267,2022-03-21,10:45:00,11:00:00,11.001852,76.976268,11.011852,76.986268,NULL
eibc335635387,2022-02-11,18:40:00,18:50:00,0.000000,0.000000,0.060000,0.060000,NULL
eibm127781911,2022-03-31,17:45:00,18:00:00,17.410371,78.437225,17.480371,78.507225,NULL
eicj404137643,2022-04-01,15:25:00,15:40:00,12.316967,76.603067,12.356967,76.643067,NULL
eihy643202396,2022-03-06,22:10:00,22:20:00,0.000000,0.000000,0.110000,0.110000,NULL
eiid073265772,2022-03-26,13:45:00,13:55:00,0.000000,0.000000,0.040000,0.040000,NULL
eijt772813227,2022-03-08,20:50:00,20:55:00,17.450851,78.379347,17.520851,78.449347,NULL
eine077974529,2022-03-05,12:55:00,13:00:00,22.651847,75.881991,22.691847,75.921991,NULL
einm278796358,2022-03-27,19:45:00,19:50:00,12.972793,80.249982,13.042793,80.319982,NULL
eion905755710,2022-03-06,22:45:00,23:00:00,18.593481,73.785901,18.723481,73.915901,NULL
eioz812261832,2022-03-26,09:15:00,09:30:00,17.412330,78.449654,17.432330,78.469654,NULL
eird128379203,2022-03-26,12:30:00,12:35:00,17.431668,78.408321,17.471668,78.448321,NULL
eirp313471493,2022-03-15,10:40:00,10:50:00,19.121999,72.908493,19.141999,72.928493,NULL
eisc007554108,2022-03-15,23:40:00,23:50:00,22.732225,75.874765,22.762225,75.904765,NULL
eiug703797186,2022-03-01,08:45:00,08:55:00,21.183434,72.814492,21.203434,72.834492,NULL
eiyl932765073,2022-02-12,20:55:00,21:05:00,22.515082,88.367830,22.625082,88.477830,NULL
ejcv009693712,2022-03-31,18:40:00,18:50:00,11.000762,76.981876,11.090762,77.071876,NULL
ejek449499789,2022-02-17,08:10:00,08:20:00,27.160934,78.044095,27.180934,78.064095,NULL
ejfb505125957,2022-02-11,10:15:00,10:25:00,10.035573,76.336958,10.045573,76.346958,NULL
ejfn072421482,2022-02-14,19:00:00,19:10:00,0.000000,0.000000,0.070000,0.070000,NULL
ejif509684669,2022-03-21,19:00:00,19:05:00,11.003008,76.975440,11.033008,77.005440,NULL
ejjb219940486,2022-03-02,20:15:00,20:25:00,12.308500,76.665808,12.378500,76.735808,NULL
ejju671284530,2022-03-18,17:20:00,17:35:00,17.412330,78.449654,17.492330,78.529654,NULL
ejlv735866644,2022-02-16,18:45:00,18:55:00,27.161850,78.040165,27.241850,78.120165,NULL
ejpc593482151,2022-03-16,19:50:00,19:55:00,21.149834,72.778666,21.279834,72.908666,NULL
ejqu806139144,2022-03-13,22:20:00,22:25:00,18.554382,73.798206,18.584382,73.828206,NULL
ejsm804372650,2022-03-31,19:30:00,19:45:00,12.352058,76.606650,12.442058,76.696650,NULL
ejsq217046138,2022-04-05,22:30:00,22:35:00,18.994049,72.825203,19.044049,72.875203,NULL
ejuk580023608,2022-02-14,17:55:00,18:00:00,30.893081,75.821495,31.023081,75.951495,NULL
ejwt816198497,2022-03-16,17:20:00,17:25:00,12.337928,76.617889,12.427928,76.707889,NULL
ejxa607233543,2022-03-02,22:00:00,22:15:00,23.357804,85.325146,23.437804,85.405146,NULL
ejxk624051488,2022-03-04,21:55:00,22:10:00,12.972161,77.596014,13.042161,77.666014,NULL
ekad349691543,2022-03-26,11:10:00,11:25:00,0.000000,0.000000,0.020000,0.020000,NULL
ekbk572647748,2022-03-17,15:55:00,16:00:00,0.000000,0.000000,0.040000,0.040000,NULL
ekbw877607857,2022-03-24,20:50:00,20:55:00,21.175104,72.804342,21.225104,72.854342,NULL
ekcs472553643,2022-03-23,23:20:00,23:25:00,26.921411,75.793604,27.001411,75.873604,NULL
ekgv873810880,2022-03-29,18:20:00,18:30:00,17.483216,78.552111,17.553216,78.622111,NULL
ekhn051985926,2022-03-28,18:40:00,18:50:00,12.316967,76.603067,12.346967,76.633067,NULL
ekjh891800289,2022-04-04,23:00:00,23:10:00,18.516216,73.842527,18.596216,73.922527,NULL
ekky480083748,2022-03-16,17:15:00,17:25:00,22.727021,75.884167,22.817021,75.974167,NULL
ekmm327655889,2022-04-05,12:30:00,12:45:00,12.352058,76.606650,12.392058,76.646650,NULL
eknc506011207,2022-03-19,11:35:00,11:45:00,11.003669,76.976494,11.023669,76.996494,NULL
ekpg306822596,2022-04-05,23:20:00,23:25:00,23.359033,85.325347,23.389033,85.355347,NULL
ekpx250329832,2022-03-01,17:00:00,17:05:00,18.516216,73.842527,18.556216,73.882527,NULL
ekrp465666541,2022-04-03,13:55:00,14:05:00,12.323225,76.630028,12.363225,76.670028,NULL
ekuk573847217,2022-03-01,18:15:00,18:30:00,26.902908,75.792934,26.952908,75.842934,NULL
ekux803260293,2022-03-23,19:45:00,19:55:00,12.978453,77.643685,13.088453,77.753685,NULL
ekxm324218183,2022-02-15,23:20:00,23:25:00,23.214294,77.435361,23.264294,77.485361,NULL
elbo831922275,2022-03-18,18:40:00,18:55:00,26.902908,75.792934,27.012908,75.902934,NULL
elcp839245372,2022-03-01,21:45:00,21:55:00,12.337978,76.616792,12.397978,76.676792,NULL
eleu714010991,2022-03-03,18:25:00,18:40:00,11.020910,76.940432,11.050910,76.970432,NULL
elis065040088,2022-02-17,10:25:00,10:35:00,19.875337,75.316722,19.885337,75.326722,NULL
elky685615740,2022-03-27,20:15:00,20:25:00,11.021278,76.995017,11.091278,77.065017,NULL
elnv479630016,2022-03-05,17:50:00,18:05:00,19.109300,72.825451,19.159300,72.875451,NULL
elot462283055,2022-02-11,15:10:00,15:15:00,0.000000,0.000000,0.040000,0.040000,NULL
elqx886823325,2022-02-12,19:00:00,19:05:00,15.544419,73.755736,15.634419,73.845736,NULL
elrp114539975,2022-03-29,17:45:00,18:00:00,12.939496,77.625999,13.069496,77.755999,NULL
elsg835291442,2022-02-11,21:30:00,21:35:00,23.184992,77.417227,23.244992,77.477227,NULL
elvn659445819,2022-03-04,23:50:00,23:55:00,26.914142,75.805704,26.984142,75.875704,NULL
elwh173962474,2022-03-24,12:10:00,12:20:00,21.157729,72.768726,21.197729,72.808726,NULL
emah913486097,2022-02-13,10:00:00,10:05:00,22.538731,88.364878,22.548731,88.374878,NULL
emba089749528,2022-03-04,17:35:00,17:40:00,13.005801,80.250744,13.085801,80.330744,NULL
embj114299167,2022-03-31,22:20:00,22:30:00,13.081878,80.248519,13.211878,80.378519,NULL
emft153158078,2022-03-21,19:55:00,20:00:00,12.933284,77.615428,12.983284,77.665428,NULL
emgy985319720,2022-03-20,19:40:00,19:45:00,19.091458,72.827808,19.161458,72.897808,NULL
emhh568791054,2022-03-20,19:45:00,19:50:00,23.369746,85.339820,23.499746,85.469820,NULL
emix456531173,2022-02-16,17:30:00,17:45:00,22.527893,88.368628,22.617893,88.458628,NULL
emki208355100,2022-03-28,12:15:00,12:30:00,22.308096,73.167753,22.348096,73.207753,NULL
emlt327861941,2022-03-07,10:40:00,10:50:00,0.000000,0.000000,0.020000,0.020000,NULL
emmh308942954,2022-03-31,20:00:00,20:10:00,17.411028,78.329645,17.521028,78.439645,NULL
emod429890974,2022-02-15,13:40:00,13:50:00,10.003064,76.307589,10.043064,76.347589,NULL
emqc714354617,2022-03-04,22:55:00,23:00:00,13.027018,80.254791,13.117018,80.344791,NULL
emrr201950815,2022-03-14,22:55:00,23:05:00,23.354422,85.332900,23.464422,85.442900,NULL
emsx540656394,2022-04-06,21:40:00,21:50:00,13.029198,77.570997,13.119198,77.660997,NULL
emwe467794784,2022-04-02,19:45:00,20:00:00,12.986047,80.218114,13.096047,80.328114,NULL
enbh652843765,2022-03-07,19:40:00,19:55:00,12.914264,77.678400,12.964264,77.728400,NULL
encm814394395,2022-03-18,22:25:00,22:35:00,11.022298,76.998349,11.112298,77.088349,NULL
enet971025377,2022-04-02,19:00:00,19:10:00,11.020910,76.940432,11.110910,77.030432,NULL
enfz731622474,2022-02-18,20:45:00,21:00:00,0.000000,0.000000,0.110000,0.110000,NULL
enid664313563,2022-04-02,18:55:00,19:10:00,21.160437,72.774209,21.270437,72.884209,NULL
enld417016844,2022-04-05,14:40:00,14:45:00,22.311603,73.165012,22.351603,73.205012,NULL
enri450494062,2022-02-13,18:20:00,18:25:00,19.866969,75.318894,19.926969,75.378894,NULL
ensj867097283,2022-04-02,23:55:00,00:05:00,17.431668,78.408321,17.511668,78.488321,NULL
enss823884956,2022-03-30,23:10:00,23:15:00,12.311072,76.654878,12.361072,76.704878,NULL
enwc770077643,2022-03-08,22:30:00,22:45:00,11.025083,77.015393,11.095083,77.085393,NULL
enww399699472,2022-03-02,21:15:00,21:20:00,12.337928,76.617889,12.407928,76.687889,NULL
enxi221751683,2022-04-01,08:55:00,09:00:00,12.981615,80.231598,12.991615,80.241598,NULL
enyy231080655,2022-03-27,19:40:00,19:55:00,17.451976,78.385883,17.521976,78.455883,NULL
eobc613595076,2022-03-18,18:45:00,19:00:00,12.981615,80.231598,13.091615,80.341598,NULL
eocv301500338,2022-03-27,21:10:00,21:15:00,13.029780,80.208812,13.139780,80.318812,NULL
eogj328079080,2022-03-14,22:20:00,22:30:00,12.934365,77.616155,13.064365,77.746155,NULL
eohb824200168,2022-04-01,13:30:00,13:35:00,12.935662,77.614130,12.975662,77.654130,NULL
eoif570502947,2022-03-14,20:50:00,20:55:00,22.750040,75.902847,22.830040,75.982847,NULL
eoiq357794412,2022-03-29,18:45:00,18:50:00,22.745049,75.892471,22.855049,76.002471,NULL
eojl463410166,2022-03-04,20:30:00,20:40:00,23.351058,85.325731,23.431058,85.405731,NULL
eoki291187567,2022-03-08,22:55:00,23:10:00,17.459710,78.368855,17.539710,78.448855,NULL
eokl644903832,2022-04-05,14:40:00,14:45:00,12.933298,77.614293,12.973298,77.654293,NULL
eomn347057905,2022-03-13,08:10:00,08:25:00,22.744648,75.894377,22.764648,75.914377,NULL
eomo720108929,2022-03-08,21:40:00,21:55:00,11.016298,76.972076,11.126298,77.082076,NULL
eopb042502334,2022-03-27,23:55:00,00:00:00,11.020910,76.940432,11.130910,77.050432,NULL
eorh230669872,2022-04-02,22:40:00,22:50:00,12.935662,77.614130,13.005662,77.684130,NULL
eouq054451370,2022-03-23,20:00:00,20:15:00,18.539299,73.897902,18.619299,73.977902,NULL
eowx845198513,2022-02-13,17:30:00,17:40:00,0.000000,0.000000,0.030000,0.030000,NULL
eoyw264695592,2022-03-16,21:45:00,22:00:00,19.207222,72.972281,19.317222,73.082281,NULL
epbi850868748,2022-03-15,13:10:00,13:20:00,17.410371,78.437225,17.450371,78.477225,NULL
epcp570626556,2022-04-01,10:45:00,11:00:00,22.310237,73.158921,22.320237,73.168921,NULL
epjt871243143,2022-03-25,17:20:00,17:30:00,22.310237,73.158921,22.420237,73.268921,NULL
epnz418384749,2022-02-17,22:40:00,22:55:00,15.576683,73.755750,15.626683,73.805750,NULL
eppq695303109,2022-04-05,00:00:00,00:10:00,18.546258,73.904337,18.606258,73.964337,NULL
epqo617115133,2022-03-26,11:50:00,12:05:00,19.126630,72.829976,19.136630,72.839976,NULL
epqy876867355,2022-03-10,21:00:00,21:05:00,21.149669,72.772629,21.239669,72.862629,NULL
eprj703695903,2022-03-01,13:00:00,13:15:00,12.913041,77.683237,12.953041,77.723237,NULL
eptu807202071,2022-03-04,20:40:00,20:50:00,26.910262,75.783013,26.990262,75.863013,NULL
epuj428385727,2022-03-01,18:50:00,18:55:00,19.091458,72.827808,19.121458,72.857808,NULL
epws628648070,2022-03-28,22:00:00,22:05:00,13.066762,80.251865,13.096762,80.281865,NULL
eqbi399767321,2022-02-16,22:00:00,22:05:00,0.000000,0.000000,0.070000,0.070000,NULL
eqdt022361259,2022-03-04,21:15:00,21:30:00,21.149569,72.772697,21.219569,72.842697,NULL
eqea220893444,2022-04-04,18:40:00,18:45:00,18.593481,73.785901,18.703481,73.895901,NULL
eqgq209646477,2022-03-15,11:55:00,12:05:00,18.533811,73.899315,18.553811,73.919315,NULL
eqin473976919,2022-03-13,09:00:00,09:15:00,17.411028,78.329645,17.431028,78.349645,NULL
eqjj256745709,2022-02-13,19:30:00,19:45:00,25.452350,81.841889,25.512350,81.901889,NULL
eqjp450810876,2022-04-03,13:55:00,14:00:00,17.411028,78.329645,17.451028,78.369645,NULL
eqkm334397454,2022-03-27,20:10:00,20:15:00,13.044694,80.261470,13.114694,80.331470,NULL
eqkn117175350,2022-03-19,23:10:00,23:25:00,22.695207,75.866059,22.745207,75.916059,NULL
eqko291188915,2022-02-13,00:00:00,00:10:00,19.866969,75.318894,19.916969,75.368894,NULL
eqpa180791219,2022-03-26,17:10:00,17:25:00,26.914142,75.805704,26.964142,75.855704,NULL
eqrb644761656,2022-03-01,08:45:00,09:00:00,12.323994,76.626167,12.343994,76.646167,NULL
eqrf802120191,2022-02-17,17:20:00,17:25:00,0.000000,0.000000,0.030000,0.030000,NULL
eqwq850498922,2022-03-05,20:45:00,21:00:00,23.359407,85.325055,23.389407,85.355055,NULL
eqxh200875384,2022-03-21,12:55:00,13:10:00,23.374878,85.335739,23.414878,85.375739,NULL
eqxl525572586,2022-03-10,17:30:00,17:35:00,26.849596,75.800512,26.979596,75.930512,NULL
erap841821582,2022-03-07,19:00:00,19:10:00,19.131141,72.813074,19.161140,72.843074,NULL
erba227075825,2022-03-26,21:20:00,21:30:00,12.986047,80.218114,13.046047,80.278114,NULL
erca634689212,2022-03-10,23:40:00,23:50:00,26.902908,75.792934,27.042908,75.932934,NULL
erct887772140,2022-04-05,10:15:00,10:25:00,23.371292,85.327872,23.391292,85.347872,NULL
erdk906739044,2022-02-16,19:00:00,19:05:00,27.195928,77.998092,27.265928,78.068092,NULL
erex274540214,2022-03-20,19:45:00,20:00:00,13.086438,80.220672,13.196438,80.330672,NULL
ergl278236447,2022-02-12,19:20:00,19:25:00,30.895204,75.822103,31.025204,75.952103,NULL
ergo980996454,2022-03-31,18:45:00,18:55:00,17.431668,78.408321,17.511668,78.488321,NULL
ergv999019021,2022-03-12,19:00:00,19:05:00,17.433809,78.386744,17.503809,78.456744,NULL
erip921318127,2022-03-21,08:20:00,08:25:00,22.320000,73.170000,22.330000,73.180000,NULL
eriw525139226,2022-04-06,18:10:00,18:20:00,12.981615,80.231598,13.051615,80.301598,NULL
erki105686660,2022-02-15,10:50:00,11:00:00,30.340722,78.060221,30.350722,78.070221,NULL
ermb760444705,2022-04-02,20:40:00,20:55:00,19.055831,72.833984,19.135831,72.913984,NULL
ermn886478618,2022-03-10,19:50:00,20:00:00,18.593481,73.785901,18.673481,73.865901,NULL
ernz529124172,2022-03-17,18:35:00,18:50:00,22.761226,75.887522,22.821226,75.947522,NULL
eroj631264495,2022-03-19,11:50:00,11:55:00,0.000000,0.000000,0.010000,0.010000,NULL
erom032268806,2022-03-02,21:20:00,21:30:00,22.753839,75.897429,22.883838,76.027429,NULL
erpm304253288,2022-04-03,09:00:00,09:15:00,13.022394,80.242439,13.032394,80.252439,NULL
errg879075930,2022-04-05,11:10:00,11:15:00,12.972793,80.249982,12.982793,80.259982,NULL
erss189184360,2022-02-12,19:20:00,19:30:00,0.000000,0.000000,0.080000,0.080000,NULL
ersz046238543,2022-03-13,23:10:00,23:15:00,12.304569,76.643622,12.364569,76.703622,NULL
ervj934596417,2022-03-16,22:15:00,22:20:00,12.975377,77.696664,13.055377,77.776664,NULL
erxk043077314,2022-03-29,22:40:00,22:45:00,0.000000,0.000000,0.080000,0.080000,NULL
eryo305964744,2022-03-03,12:00:00,12:05:00,23.359194,85.325447,23.369194,85.335447,NULL
esay527159586,2022-03-27,21:30:00,21:45:00,10.961850,76.971082,11.071850,77.081082,NULL
esbq589393902,2022-03-26,11:10:00,11:15:00,17.426228,78.407495,17.446228,78.427495,NULL
escq078763525,2022-03-23,19:35:00,19:45:00,12.970221,77.645396,13.100221,77.775396,NULL
esdn377927856,2022-02-18,17:50:00,17:55:00,27.157772,78.047250,27.297772,78.187250,NULL
esfo438688258,2022-04-02,19:35:00,19:50:00,26.902328,75.794257,26.992328,75.884257,NULL
esfy340783096,2022-03-06,22:30:00,22:40:00,22.310329,73.169083,22.400329,73.259083,NULL
eshz692112293,2022-03-02,19:50:00,19:55:00,23.357804,85.325146,23.467804,85.435146,NULL
esjb872223468,2022-03-06,19:25:00,19:35:00,12.914264,77.678400,13.004264,77.768400,NULL
esol020476019,2022-03-24,20:20:00,20:35:00,13.029780,80.208812,13.059780,80.238812,NULL
espi076414652,2022-03-01,13:15:00,13:20:00,11.003669,76.976494,11.043669,77.016494,NULL
esqb204353842,2022-04-04,18:20:00,18:35:00,17.412330,78.449654,17.492330,78.529654,NULL
essk207754652,2022-03-07,19:30:00,19:35:00,18.563934,73.915367,18.593934,73.945367,NULL
essy604523183,2022-02-11,17:40:00,17:45:00,15.496162,73.825364,15.526162,73.855364,NULL
eswa250609147,2022-04-01,09:50:00,10:00:00,19.131141,72.813074,19.141140,72.823074,NULL
eswc894938741,2022-03-10,19:20:00,19:35:00,12.933284,77.615428,13.023284,77.705428,NULL
esxa231447008,2022-03-26,17:15:00,17:20:00,12.972161,77.596014,13.002161,77.626014,NULL
esxe877634833,2022-02-17,08:15:00,08:30:00,27.195928,77.998092,27.215928,78.018092,NULL
esya663770882,2022-03-06,18:35:00,18:40:00,12.975377,77.696664,13.105377,77.826664,NULL
esyw330128586,2022-03-18,21:15:00,21:25:00,17.438263,78.397865,17.528263,78.487865,NULL
etao304541989,2022-03-05,21:35:00,21:50:00,12.284747,76.625861,12.314747,76.655861,NULL
etbo778054342,2022-03-28,10:55:00,11:00:00,19.176269,72.836721,19.186269,72.846721,NULL
etbs054349621,2022-03-19,22:10:00,22:20:00,21.171060,72.789292,21.231060,72.849292,NULL
etfw210622764,2022-03-18,17:35:00,17:45:00,21.186608,72.794136,21.256608,72.864136,NULL
etlj814004241,2022-02-13,21:20:00,21:25:00,26.473698,80.352677,26.533698,80.412677,NULL
etnr995589799,2022-03-07,10:00:00,10:15:00,26.902940,75.793007,26.912940,75.803007,NULL
etrb713294735,2022-03-26,09:40:00,09:45:00,12.323994,76.626167,12.333994,76.636167,NULL
etrv648439532,2022-03-25,22:45:00,23:00:00,23.359407,85.325055,23.439407,85.405055,NULL
etso153321751,2022-03-27,20:50:00,20:55:00,22.732225,75.874765,22.822225,75.964765,NULL
etss702593505,2022-03-13,20:15:00,20:20:00,0.000000,0.000000,0.060000,0.060000,NULL
etwh953875737,2022-03-07,13:15:00,13:25:00,23.351489,85.324253,23.391489,85.364253,NULL
etxw310817190,2022-04-06,18:00:00,18:15:00,12.970221,77.645396,13.100221,77.775396,NULL
etye558290475,2022-03-08,21:10:00,21:20:00,0.000000,0.000000,0.110000,0.110000,NULL
eudq679995513,2022-02-16,00:00:00,00:15:00,26.481547,80.299775,26.621547,80.439775,NULL
euea467890264,2022-03-14,22:00:00,22:05:00,12.334022,76.618203,12.424022,76.708203,NULL
eugi360070100,2022-02-15,20:10:00,20:20:00,26.470000,80.350000,26.500000,80.380000,NULL
eugl572358278,2022-03-01,18:35:00,18:45:00,22.761226,75.887522,22.811226,75.937522,NULL
euku626650108,2022-03-15,19:10:00,19:25:00,17.455894,78.375467,17.505894,78.425467,NULL
eukz429725395,2022-03-25,22:50:00,22:55:00,22.312790,73.170283,22.442790,73.300283,NULL
euov740148063,2022-03-20,23:45:00,00:00:00,22.732225,75.874765,22.812225,75.954765,NULL
eupk857933553,2022-03-17,10:35:00,10:45:00,12.935662,77.614130,12.955662,77.634130,NULL
eurq496537657,2022-04-05,09:00:00,09:05:00,18.994237,72.825553,19.004237,72.835553,NULL
eusj311861071,2022-03-02,17:55:00,18:00:00,23.359033,85.325347,23.489033,85.455347,NULL
eusq362307594,2022-03-01,12:00:00,12:05:00,13.081878,80.248519,13.091878,80.258519,NULL
euwt699884991,2022-03-13,17:25:00,17:35:00,17.483216,78.552111,17.543216,78.612111,NULL
euxg770358866,2022-03-23,22:00:00,22:15:00,12.939496,77.625999,13.019496,77.705999,NULL
evcg662518376,2022-03-08,22:40:00,22:45:00,26.905287,75.794592,27.045287,75.934592,NULL
evfg719847858,2022-02-16,20:15:00,20:25:00,0.000000,0.000000,0.090000,0.090000,NULL
evga830339015,2022-03-12,21:50:00,22:00:00,21.186438,72.794115,21.276438,72.884115,NULL
evgj038305492,2022-03-11,08:15:00,08:25:00,22.732225,75.874765,22.742225,75.884765,NULL
evif527678874,2022-03-08,19:30:00,19:40:00,22.651847,75.881991,22.741847,75.971991,NULL
evlv591279627,2022-03-27,22:35:00,22:45:00,26.910262,75.783013,27.050262,75.923013,NULL
evnj232279195,2022-03-03,20:35:00,20:40:00,18.533811,73.899315,18.593811,73.959315,NULL
evqz616370365,2022-03-30,08:55:00,09:00:00,26.902940,75.793007,26.922940,75.813007,NULL
evra171723643,2022-04-04,22:30:00,22:40:00,17.431668,78.408321,17.511668,78.488321,NULL
evto530786855,2022-03-27,23:15:00,23:25:00,13.026286,80.275235,13.136286,80.385235,NULL
evvs500014087,2022-03-15,10:35:00,10:50:00,11.006686,76.951736,11.016686,76.961736,NULL
evxu421725172,2022-03-02,18:35:00,18:50:00,18.516216,73.842527,18.596216,73.922527,NULL
evxu984613744,2022-03-29,21:20:00,21:35:00,18.569156,73.774723,18.639156,73.844723,NULL
evzc748467090,2022-03-03,00:00:00,00:15:00,21.173343,72.792731,21.223343,72.842731,NULL
evzr452255970,2022-03-28,22:45:00,22:50:00,11.006686,76.951736,11.056686,77.001736,NULL
ewby792147160,2022-03-15,10:00:00,10:10:00,21.186608,72.794136,21.206608,72.814136,NULL
eweq750933774,2022-03-05,18:25:00,18:40:00,18.530963,73.828972,18.580963,73.878972,NULL
ewlg605464826,2022-04-04,19:30:00,19:40:00,22.310329,73.169083,22.420329,73.279083,NULL
ewpp375344054,2022-03-24,11:30:00,11:40:00,23.354422,85.332900,23.374422,85.352900,NULL
ewqv824715436,2022-03-18,22:35:00,22:40:00,22.745536,75.893106,22.855536,76.003106,NULL
ewue043176477,2022-03-20,19:35:00,19:45:00,18.593481,73.785901,18.703481,73.895901,NULL
ewuh817538675,2022-03-06,17:25:00,17:30:00,22.750040,75.902847,22.860040,76.012847,NULL
ewwa816941016,2022-02-11,10:50:00,10:55:00,30.914057,75.839820,30.934057,75.859820,NULL
ewye976989972,2022-03-23,17:10:00,17:15:00,21.152760,72.778059,21.282760,72.908059,NULL
ewyf327708648,2022-02-16,23:55:00,00:00:00,23.214294,77.435361,23.294294,77.515361,NULL
ewzk113230427,2022-04-02,21:25:00,21:40:00,22.732225,75.874765,22.812225,75.954765,NULL
exbe957740058,2022-04-05,12:00:00,12:10:00,26.911378,75.789034,26.931378,75.809034,NULL
exdm444066579,2022-03-30,16:35:00,16:45:00,19.121999,72.908493,19.161999,72.948493,NULL
exdn815186285,2022-03-31,19:40:00,19:55:00,19.003517,72.827650,19.083517,72.907650,NULL
exfu010508785,2022-03-31,22:10:00,22:15:00,22.760072,75.892574,22.830072,75.962574,NULL
exhb514786492,2022-03-26,09:20:00,09:35:00,22.728163,75.884212,22.738163,75.894212,NULL
exil020073001,2022-04-06,17:55:00,18:00:00,19.091458,72.827808,19.201458,72.937808,NULL
exiw191810888,2022-03-14,22:25:00,22:40:00,19.223840,72.841347,19.353840,72.971347,NULL
exkw289497053,2022-03-04,19:35:00,19:45:00,13.045479,80.233110,13.175479,80.363110,NULL
exlm680160754,2022-04-02,20:40:00,20:50:00,13.027018,80.254791,13.117018,80.344791,NULL
exls008167851,2022-03-13,09:25:00,09:30:00,19.181300,72.836191,19.201300,72.856191,NULL
exmw746352827,2022-04-02,22:15:00,22:20:00,22.320000,73.170000,22.450000,73.300000,NULL
exna142928220,2022-03-16,23:15:00,23:30:00,13.045479,80.233110,13.125479,80.313110,NULL
exqp821768693,2022-04-04,18:00:00,18:10:00,12.972532,77.608179,13.062532,77.698179,NULL
extd941092460,2022-03-03,20:25:00,20:35:00,18.534080,73.898520,18.584080,73.948520,NULL
extg545016598,2022-03-30,23:45:00,00:00:00,26.913483,75.803139,26.943483,75.833139,NULL
exuk620425298,2022-02-11,18:45:00,19:00:00,0.000000,0.000000,0.030000,0.030000,NULL
exuy523131129,2022-03-29,19:10:00,19:15:00,0.000000,0.000000,0.130000,0.130000,NULL
exvp175615766,2022-03-13,14:35:00,14:40:00,10.994136,76.963303,11.034136,77.003303,NULL
exvw361329215,2022-04-06,19:45:00,19:50:00,18.539299,73.897902,18.669299,74.027902,NULL
exyc683633861,2022-03-12,23:00:00,23:15:00,21.152760,72.778059,21.222760,72.848059,NULL
eycb718837854,2022-03-31,18:10:00,18:20:00,21.185047,72.808590,21.295047,72.918590,NULL
eycj408795668,2022-04-04,20:25:00,20:35:00,11.025083,77.015393,11.155083,77.145393,NULL
eydi774832979,2022-03-25,17:20:00,17:25:00,21.157729,72.768726,21.247729,72.858726,NULL
eydi821801216,2022-03-15,13:35:00,13:45:00,18.534080,73.898520,18.574080,73.938520,NULL
eydz072703920,2022-03-18,21:45:00,21:50:00,17.455894,78.375467,17.585894,78.505467,NULL
eyeu199401587,2022-04-06,18:45:00,18:55:00,11.025083,77.015393,11.135083,77.125393,NULL
eyft826215536,2022-03-16,18:20:00,18:35:00,10.994136,76.963303,11.074136,77.043303,NULL
eyhb114631241,2022-02-18,22:50:00,23:00:00,19.876428,75.364792,19.986428,75.474792,NULL
eyhi411597126,2022-03-25,23:10:00,23:15:00,22.751857,75.866699,22.861857,75.976699,NULL
eyhw538677164,2022-04-01,20:25:00,20:30:00,22.751234,75.889490,22.801234,75.939490,NULL
eyhx467155501,2022-02-17,11:00:00,11:10:00,10.020683,76.310631,10.030683,76.320631,NULL
eyjf899103254,2022-03-02,23:50:00,00:05:00,23.399250,85.390464,23.479250,85.470464,NULL
eynm000731182,2022-03-26,18:35:00,18:40:00,26.902328,75.794257,26.932328,75.824257,NULL
eyns365083316,2022-03-11,11:15:00,11:25:00,13.054347,80.257221,13.074347,80.277221,NULL
eyqk256786365,2022-02-14,23:50:00,00:05:00,26.474133,80.348100,26.604133,80.478100,NULL
eyvf277742911,2022-03-07,18:40:00,18:45:00,13.026286,80.275235,13.086286,80.335235,NULL
eywe784726899,2022-03-30,23:15:00,23:30:00,17.410371,78.437225,17.460371,78.487225,NULL
eyzv882591129,2022-03-19,21:35:00,21:40:00,12.979166,77.640709,13.029166,77.690709,NULL
ezbh648863877,2022-03-15,19:35:00,19:40:00,0.000000,0.000000,0.060000,0.060000,NULL
ezcz192587464,2022-02-13,19:35:00,19:45:00,26.471529,80.313458,26.521529,80.363458,NULL
ezdi889570216,2022-03-08,20:25:00,20:30:00,12.316967,76.603067,12.406967,76.693067,NULL
ezey707538655,2022-03-20,20:55:00,21:10:00,18.546947,73.900626,18.636947,73.990626,NULL
ezfe461858589,2022-03-08,20:20:00,20:35:00,13.005801,80.250744,13.085801,80.330744,NULL
ezif478391605,2022-03-08,18:55:00,19:10:00,18.551440,73.804855,18.621440,73.874855,NULL
ezko262586665,2022-02-18,21:55:00,22:00:00,30.914057,75.839820,31.024057,75.949820,NULL
ezlf952262048,2022-02-11,08:55:00,09:05:00,19.880256,75.323503,19.900256,75.343503,NULL
ezmg581092917,2022-03-12,20:20:00,20:30:00,12.316967,76.603067,12.396967,76.683067,NULL
ezpn394629625,2022-03-07,19:55:00,20:10:00,18.536718,73.830327,18.566719,73.860327,NULL
ezsf421774500,2022-03-15,16:55:00,17:05:00,12.981615,80.231598,13.021615,80.271598,NULL
eztk468187811,2022-02-15,22:20:00,22:35:00,26.483042,80.317833,26.533042,80.367833,NULL
ezuu985369530,2022-03-20,23:20:00,23:25:00,11.016298,76.972076,11.096298,77.052076,NULL
ezxe128319748,2022-03-06,17:55:00,18:10:00,12.933284,77.615428,13.003284,77.685428,NULL
ezzw148258870,2022-03-03,10:35:00,10:50:00,13.005801,80.250744,13.025801,80.270744,NULL
faae210025176,2022-04-01,16:40:00,16:45:00,12.934179,77.615797,12.974179,77.655797,NULL
faav081396855,2022-02-17,20:20:00,20:30:00,19.876994,75.372353,19.906994,75.402353,NULL
fabb670462124,2022-03-23,19:50:00,20:00:00,23.351489,85.324253,23.461489,85.434253,NULL
fadh338235466,2022-03-17,10:35:00,10:40:00,12.321214,76.621094,12.341214,76.641094,NULL
faga714662182,2022-03-17,12:40:00,12:50:00,26.902328,75.794257,26.942328,75.834257,NULL
fakz515425358,2022-03-29,21:10:00,21:25:00,18.994237,72.825553,19.124237,72.955553,NULL
fapc187374683,2022-03-25,17:25:00,17:30:00,18.546947,73.900626,18.656947,74.010626,NULL
faro898931902,2022-03-16,23:45:00,00:00:00,22.753839,75.897429,22.883838,76.027429,NULL
faxb344799626,2022-03-19,08:50:00,08:55:00,22.751234,75.889490,22.761234,75.899490,NULL
faxz667594118,2022-03-21,15:00:00,15:15:00,26.911927,75.797282,26.951927,75.837282,NULL
fayn559990391,2022-03-01,09:45:00,10:00:00,12.981615,80.231598,12.991615,80.241598,NULL
fbea375548270,2022-02-13,18:50:00,18:55:00,25.453436,81.833167,25.503436,81.883167,NULL
fbge038191249,2022-03-10,20:30:00,20:40:00,22.750040,75.902847,22.860040,76.012847,NULL
fbjw641867610,2022-02-13,12:25:00,12:35:00,19.876106,75.340775,19.916106,75.380775,NULL
fbkf253274000,2022-03-16,18:20:00,18:25:00,11.025083,77.015393,11.155083,77.145393,NULL
fbkj721286149,2022-02-17,10:00:00,10:10:00,0.000000,0.000000,0.020000,0.020000,NULL
fbpw169529142,2022-04-04,20:45:00,20:50:00,18.927584,72.832585,19.057584,72.962585,NULL
fbpw994270287,2022-03-13,22:00:00,22:05:00,22.310526,73.170937,22.360526,73.220937,NULL
fbpx585853966,2022-03-09,22:50:00,22:55:00,21.149569,72.772697,21.179569,72.802697,NULL
fbqt319010454,2022-02-17,23:30:00,23:35:00,25.449659,81.839744,25.509659,81.899744,NULL
fbqv619657664,2022-02-11,10:50:00,11:05:00,10.027014,76.308053,10.037014,76.318053,NULL
fbrw310385669,2022-02-14,23:45:00,00:00:00,26.463504,80.372929,26.543504,80.452929,NULL
fbxp453046329,2022-03-21,20:35:00,20:50:00,12.906229,77.596791,12.936229,77.626791,NULL
fbyl066221415,2022-02-17,11:15:00,11:30:00,30.893234,75.821720,30.913234,75.841720,NULL
fbze627299505,2022-03-19,19:15:00,19:25:00,19.065838,72.832658,19.125838,72.892658,NULL
fccr100788977,2022-02-12,20:30:00,20:40:00,0.000000,0.000000,0.080000,0.080000,NULL
fcdl102409456,2022-03-21,21:35:00,21:40:00,0.000000,0.000000,0.050000,0.050000,NULL
fchd642284940,2022-02-15,14:35:00,14:40:00,22.569367,88.433187,22.609367,88.473187,NULL
fcib257172141,2022-03-29,23:35:00,23:50:00,26.846156,75.802300,26.986156,75.942300,NULL
fckl629373259,2022-04-03,10:40:00,10:45:00,10.994136,76.963303,11.004136,76.973303,NULL
fcnb234104812,2022-03-26,22:25:00,22:30:00,17.451976,78.385883,17.501976,78.435883,NULL
fcrs278154582,2022-03-01,22:10:00,22:25:00,17.455894,78.375467,17.505894,78.425467,NULL
fcsw815059106,2022-03-13,19:20:00,19:25:00,26.956431,75.776649,27.016431,75.836649,NULL
fcwh604082225,2022-03-03,19:30:00,19:45:00,26.849596,75.800512,26.899596,75.850512,NULL
fcwx986408790,2022-03-10,17:55:00,18:00:00,0.000000,0.000000,0.110000,0.110000,NULL
fcxm427823800,2022-03-21,11:35:00,11:45:00,0.000000,0.000000,0.010000,0.010000,NULL
fcxs241296251,2022-03-09,14:30:00,14:45:00,19.126630,72.829976,19.166630,72.869976,NULL
fcyd326572609,2022-04-01,21:45:00,21:55:00,21.186608,72.794136,21.236608,72.844136,NULL
fdbq459891744,2022-03-28,19:50:00,19:55:00,0.000000,0.000000,0.060000,0.060000,NULL
fdii118780907,2022-03-16,17:15:00,17:20:00,22.725748,75.898497,22.795748,75.968497,NULL
fdjp742606171,2022-03-16,23:10:00,23:15:00,0.000000,0.000000,0.110000,0.110000,NULL
fdjt838218777,2022-03-11,18:00:00,18:05:00,21.186608,72.794136,21.236608,72.844136,NULL
fdmz977521058,2022-02-18,22:45:00,22:55:00,30.895204,75.822103,30.975204,75.902103,NULL
fdne028872547,2022-02-16,21:25:00,21:40:00,0.000000,0.000000,0.070000,0.070000,NULL
fdng780283298,2022-03-02,23:20:00,23:35:00,19.055831,72.833984,19.165831,72.943984,NULL
fdpe933502593,2022-03-02,17:55:00,18:10:00,23.416792,85.316842,23.496792,85.396842,NULL
fdqj004168316,2022-02-14,18:50:00,19:05:00,19.866969,75.318894,19.996969,75.448894,NULL
fdrc040921103,2022-02-17,08:40:00,08:45:00,9.970717,76.285447,9.990717,76.305447,NULL
feab718061089,2022-03-07,11:20:00,11:25:00,12.308500,76.665808,12.328500,76.685808,NULL
feae494105353,2022-03-11,19:10:00,19:15:00,26.902328,75.794257,26.952328,75.844257,NULL
febz664350247,2022-03-23,22:45:00,23:00:00,18.563934,73.915367,18.673935,74.025367,NULL
fecd710769621,2022-02-11,20:45:00,20:50:00,23.234249,77.434007,23.284249,77.484007,NULL
fedi495702136,2022-03-02,19:45:00,20:00:00,26.766536,75.837333,26.876536,75.947333,NULL
feee574562253,2022-02-16,17:10:00,17:15:00,26.477750,80.351569,26.607750,80.481569,NULL
feej902425145,2022-02-11,13:15:00,13:25:00,26.483042,80.317833,26.523042,80.357833,NULL
fegg688959450,2022-03-27,19:40:00,19:55:00,17.422819,78.449578,17.492819,78.519578,NULL
fejo394644643,2022-03-26,08:45:00,08:55:00,22.753839,75.897429,22.773839,75.917429,NULL
fepw836004898,2022-02-16,19:20:00,19:25:00,0.000000,0.000000,0.130000,0.130000,NULL
fera797311052,2022-03-09,14:20:00,14:30:00,22.745049,75.892471,22.785049,75.932471,NULL
feru635332340,2022-03-07,12:00:00,12:15:00,23.355164,85.324097,23.375164,85.344097,NULL
feth036591020,2022-03-28,15:00:00,15:05:00,0.000000,0.000000,0.040000,0.040000,NULL
feto622242774,2022-02-12,22:20:00,22:30:00,23.184992,77.417227,23.254992,77.487227,NULL
feuj606508446,2022-03-01,15:40:00,15:50:00,13.086438,80.220672,13.126439,80.260672,NULL
fevf147208537,2022-03-31,17:20:00,17:35:00,19.121999,72.908493,19.201999,72.988493,NULL
ffbh372401903,2022-02-15,17:10:00,17:15:00,22.569367,88.433187,22.629367,88.493187,NULL
ffcd459536960,2022-03-28,00:00:00,00:05:00,11.021278,76.995017,11.051278,77.025017,NULL
fffa705698522,2022-03-11,08:10:00,08:15:00,18.593481,73.785901,18.613481,73.805901,NULL
ffhq043532912,2022-03-24,12:45:00,12:50:00,18.562450,73.916619,18.602450,73.956619,NULL
ffil875433604,2022-04-05,09:35:00,09:40:00,0.000000,0.000000,0.010000,0.010000,NULL
fflb071481119,2022-02-11,22:10:00,22:20:00,30.887220,75.804893,30.947220,75.864893,NULL
ffot155888283,2022-03-28,08:20:00,08:30:00,21.175104,72.804342,21.185104,72.814342,NULL
fftw155908631,2022-04-02,20:40:00,20:50:00,26.888420,75.800689,26.978420,75.890689,NULL
fgbf133441748,2022-04-05,18:00:00,18:15:00,22.725835,75.887648,22.775835,75.937648,NULL
fgll449582692,2022-03-11,17:00:00,17:15:00,23.351058,85.325731,23.391058,85.365731,NULL
fgtv228564784,2022-02-11,10:10:00,10:25:00,26.474133,80.348100,26.494133,80.368100,NULL
fgud247232387,2022-03-01,21:35:00,21:50:00,18.516216,73.842527,18.546216,73.872527,NULL
fguk113789004,2022-02-18,18:20:00,18:35:00,25.459775,81.834841,25.599775,81.974841,NULL
fgvf587636226,2022-03-09,17:20:00,17:25:00,11.000762,76.981876,11.050762,77.031876,NULL
fgyt187842733,2022-04-02,21:10:00,21:20:00,23.357804,85.325146,23.427804,85.395146,NULL
fgzk425074716,2022-04-01,18:30:00,18:45:00,18.534080,73.898520,18.594080,73.958520,NULL
fhbs854823074,2022-03-01,11:55:00,12:10:00,13.029780,80.208812,13.039780,80.218812,NULL
fhbu110823590,2022-03-31,20:40:00,20:45:00,11.003681,76.975525,11.083681,77.055525,NULL
fhco827148157,2022-03-23,17:40:00,17:55:00,22.728163,75.884212,22.818163,75.974212,NULL
fhcz418172155,2022-03-21,17:45:00,17:55:00,22.310526,73.170937,22.340526,73.200937,NULL
fhfs979706075,2022-03-24,15:45:00,15:50:00,18.530963,73.828972,18.570963,73.868972,NULL
fhjm359142120,2022-03-17,09:55:00,10:00:00,13.054347,80.257221,13.074347,80.277221,NULL
fhmj736007387,2022-03-18,23:15:00,23:20:00,19.126630,72.829976,19.206630,72.909976,NULL
fhne597568223,2022-02-16,18:50:00,19:00:00,0.000000,0.000000,0.130000,0.130000,NULL
fhoy210753116,2022-03-30,19:10:00,19:25:00,12.304569,76.643622,12.354569,76.693622,NULL
fhpt173686184,2022-03-26,20:50:00,21:00:00,11.022298,76.998349,11.052298,77.028349,NULL
fhrj775819238,2022-03-07,15:15:00,15:20:00,23.369746,85.339820,23.409746,85.379820,NULL
fhry930127869,2022-03-06,22:15:00,22:25:00,12.321214,76.621094,12.401214,76.701094,NULL
fhst465767770,2022-03-23,18:10:00,18:25:00,11.001753,76.986241,11.111753,77.096241,NULL
fhvc616432580,2022-03-18,23:25:00,23:40:00,21.175104,72.804342,21.305104,72.934342,NULL
fiaq636060881,2022-03-29,18:00:00,18:05:00,23.351489,85.324253,23.421489,85.394253,NULL
ficl229527733,2022-03-05,00:00:00,00:05:00,12.978453,77.643685,13.038453,77.703685,NULL
fiey227207989,2022-02-18,21:20:00,21:30:00,19.875016,75.322405,19.985016,75.432405,NULL
figc612141073,2022-03-05,08:30:00,08:45:00,22.748060,75.893400,22.758060,75.903400,NULL
fihv963285752,2022-03-11,13:00:00,13:05:00,18.569156,73.774723,18.609156,73.814723,NULL
fiiw498926070,2022-03-10,21:35:00,21:50:00,18.546258,73.904337,18.636258,73.994337,NULL
fije778136929,2022-03-25,17:50:00,18:00:00,12.337928,76.617889,12.407928,76.687889,NULL
fijn337366535,2022-04-04,21:00:00,21:10:00,19.003517,72.827650,19.113517,72.937650,NULL
fimr899064357,2022-03-18,22:20:00,22:25:00,23.369746,85.339820,23.449746,85.419820,NULL
fipz632987474,2022-04-02,17:20:00,17:25:00,17.412330,78.449654,17.482330,78.519654,NULL
fiqu514852613,2022-03-30,22:35:00,22:50:00,12.970221,77.645396,13.020221,77.695396,NULL
firn775268572,2022-03-24,20:50:00,21:00:00,12.970324,77.645748,13.000324,77.675748,NULL
fitj849019134,2022-03-19,20:35:00,20:45:00,0.000000,0.000000,0.050000,0.050000,NULL
fitr462640911,2022-03-02,20:40:00,20:50:00,19.221315,72.862381,19.301315,72.942381,NULL
fiug831397201,2022-03-24,11:25:00,11:40:00,12.933284,77.615428,12.953284,77.635428,NULL
fium151549195,2022-03-04,19:35:00,19:40:00,26.913987,75.752891,27.053987,75.892891,NULL
fixe902710409,2022-03-07,20:00:00,20:15:00,26.766536,75.837333,26.826536,75.897333,NULL
fiys105684122,2022-03-04,17:35:00,17:50:00,13.026286,80.275235,13.136286,80.385235,NULL
fizv864118004,2022-03-26,08:55:00,09:05:00,12.326356,76.619103,12.346356,76.639103,NULL
fjbb449191116,2022-03-13,17:55:00,18:00:00,23.351058,85.325731,23.401058,85.375731,NULL
fjcd751756934,2022-03-09,18:55:00,19:10:00,13.081878,80.248519,13.111878,80.278519,NULL
fjco119082055,2022-03-20,18:30:00,18:45:00,23.351489,85.324253,23.441489,85.414253,NULL
fjeb392171785,2022-03-09,19:55:00,20:05:00,18.592718,73.773572,18.642718,73.823572,NULL
fjfv769228291,2022-03-10,18:40:00,18:55:00,22.722634,75.886959,22.852634,76.016959,NULL
fjgh593965148,2022-03-04,19:30:00,19:45:00,12.970324,77.645748,13.100324,77.775748,NULL
fjhh777317746,2022-04-01,09:45:00,09:50:00,12.316967,76.603067,12.336967,76.623067,NULL
fjio748099054,2022-03-18,18:15:00,18:30:00,17.459710,78.368855,17.529710,78.438855,NULL
fjkw298296512,2022-03-12,20:30:00,20:35:00,11.021278,76.995017,11.091278,77.065017,NULL
fjlt254520562,2022-03-11,11:45:00,12:00:00,22.761226,75.887522,22.781226,75.907522,NULL
fjsy457667101,2022-03-19,22:55:00,23:00:00,19.131141,72.813074,19.191140,72.873074,NULL
fjtx310813687,2022-02-18,17:40:00,17:55:00,0.000000,0.000000,0.130000,0.130000,NULL
fjty357766071,2022-03-15,09:35:00,09:45:00,26.914142,75.805704,26.924142,75.815704,NULL
fjwn048296205,2022-02-11,20:30:00,20:45:00,25.452350,81.841889,25.482350,81.871889,NULL
fjwn299702663,2022-03-05,17:35:00,17:50:00,18.994049,72.825203,19.024049,72.855203,NULL
fjxy107785424,2022-03-01,09:35:00,09:45:00,17.410371,78.437225,17.430371,78.457225,NULL
fjyi227764662,2022-03-20,18:40:00,18:45:00,18.562450,73.916619,18.642450,73.996619,NULL
fjzn329206709,2022-03-21,10:35:00,10:45:00,12.970324,77.645748,12.990324,77.665748,NULL
fkav548966683,2022-03-01,10:55:00,11:00:00,21.175104,72.804342,21.195104,72.824342,NULL
fkbj622411362,2022-03-15,11:20:00,11:30:00,23.353783,85.326967,23.363783,85.336967,NULL
fkdz130196221,2022-03-31,22:10:00,22:15:00,0.000000,0.000000,0.070000,0.070000,NULL
fkqx066200684,2022-03-31,22:00:00,22:15:00,23.359033,85.325347,23.439033,85.405347,NULL
fkrf453879797,2022-03-11,08:40:00,08:50:00,26.913726,75.752820,26.923726,75.762821,NULL
fksw431864835,2022-03-19,21:10:00,21:15:00,22.310526,73.170937,22.370526,73.230937,NULL
fktg024586279,2022-03-16,23:50:00,00:05:00,17.431477,78.400350,17.511477,78.480350,NULL
fkun064220230,2022-03-28,21:55:00,22:10:00,22.308096,73.167753,22.338096,73.197753,NULL
fkxr251323887,2022-03-30,18:10:00,18:25:00,23.416792,85.316842,23.476792,85.376842,NULL
fkyd365052251,2022-02-14,18:30:00,18:35:00,10.035573,76.336958,10.105573,76.406958,NULL
fkyq692262283,2022-03-17,08:30:00,08:40:00,10.961850,76.971082,10.981850,76.991082,NULL
fkzs209619227,2022-03-06,17:15:00,17:30:00,22.725835,75.887648,22.795835,75.957648,NULL
flav248178466,2022-03-10,19:00:00,19:10:00,26.910262,75.783013,26.980262,75.853013,NULL
flcw452485343,2022-03-06,18:45:00,18:50:00,21.149669,72.772629,21.279669,72.902629,NULL
flfo509824992,2022-02-16,21:25:00,21:30:00,30.899584,75.809346,30.969584,75.879346,NULL
flfy847075256,2022-03-23,19:35:00,19:50:00,18.554382,73.798206,18.644382,73.888206,NULL
flix118237444,2022-03-04,23:50:00,00:00:00,22.753839,75.897429,22.843839,75.987429,NULL
fljx430335061,2022-03-24,20:10:00,20:25:00,18.536718,73.830327,18.586718,73.880327,NULL
flmm064673408,2022-03-16,22:10:00,22:20:00,12.323194,76.630583,12.433194,76.740583,NULL
flnk996592326,2022-03-07,08:25:00,08:30:00,12.986047,80.218114,13.006047,80.238114,NULL
flqs178000808,2022-03-15,08:40:00,08:50:00,13.005801,80.250744,13.025801,80.270744,NULL
flsw982254163,2022-02-16,18:20:00,18:25:00,27.160934,78.044095,27.240934,78.124095,NULL
fluo493386783,2022-03-15,08:10:00,08:20:00,22.751234,75.889490,22.771234,75.909490,NULL
flvq814351147,2022-04-04,17:55:00,18:00:00,26.913483,75.803139,27.053483,75.943139,NULL
flyb810459091,2022-02-14,17:25:00,17:30:00,0.000000,0.000000,0.130000,0.130000,NULL
fmat791714698,2022-04-01,10:10:00,10:15:00,12.978453,77.643685,12.988453,77.653685,NULL
fmdq090327731,2022-02-17,16:25:00,16:30:00,23.232537,77.429845,23.272537,77.469845,NULL
fmfs012512922,2022-04-01,20:15:00,20:25:00,21.152760,72.778059,21.202760,72.828059,NULL
fmgw486170742,2022-03-08,20:55:00,21:00:00,21.149834,72.778666,21.259834,72.888666,NULL
fmhc264174901,2022-04-02,21:00:00,21:15:00,23.369746,85.339820,23.459746,85.429820,NULL
fmhd254099683,2022-02-11,18:55:00,19:00:00,27.160934,78.044095,27.220934,78.104095,NULL
fmja586453295,2022-03-02,22:50:00,23:05:00,13.045479,80.233110,13.175479,80.363110,NULL
fmkm065541237,2022-03-06,23:40:00,23:45:00,23.359407,85.325055,23.429407,85.395055,NULL
fmlp138870491,2022-03-26,22:35:00,22:45:00,19.109300,72.825451,19.159300,72.875451,NULL
fmmu732691037,2022-04-06,19:35:00,19:40:00,0.000000,0.000000,0.080000,0.080000,NULL
fmob112211929,2022-03-31,23:15:00,23:20:00,18.994237,72.825553,19.074237,72.905553,NULL
fmpe882188274,2022-03-15,14:10:00,14:20:00,13.029198,77.570997,13.069198,77.610997,NULL
fmpr669358644,2022-04-02,17:15:00,17:25:00,12.913041,77.683237,12.983041,77.753237,NULL
fmsk647949881,2022-03-10,17:20:00,17:25:00,23.359194,85.325447,23.449194,85.415447,NULL
fmyl808695281,2022-03-17,21:00:00,21:05:00,23.333017,85.317200,23.393017,85.377200,NULL
fnep523025583,2022-03-10,23:45:00,23:55:00,18.562450,73.916619,18.652450,74.006619,NULL
fnfj858578851,2022-04-02,00:00:00,00:05:00,11.016298,76.972076,11.106298,77.062076,NULL
fnfn088696229,2022-03-30,08:40:00,08:50:00,19.126630,72.829976,19.146630,72.849976,NULL
fngt500076766,2022-03-06,22:30:00,22:40:00,22.744648,75.894377,22.854648,76.004377,NULL
fnhh578312500,2022-03-05,10:40:00,10:50:00,19.120083,72.907385,19.130083,72.917385,NULL
fniq448240131,2022-03-28,19:30:00,19:35:00,11.003669,76.976494,11.053669,77.026494,NULL
fnkf031485019,2022-03-10,18:55:00,19:00:00,0.000000,0.000000,0.090000,0.090000,NULL
fnmz024487519,2022-03-31,22:50:00,23:05:00,17.424114,78.347554,17.534114,78.457554,NULL
fnpu947121332,2022-04-04,20:40:00,20:55:00,12.323978,76.627961,12.393978,76.697961,NULL
fnqu537798187,2022-02-18,18:40:00,18:55:00,23.234249,77.434007,23.344249,77.544007,NULL
fnsu997297680,2022-03-10,19:55:00,20:00:00,13.027018,80.254791,13.107018,80.334791,NULL
fnwd337741442,2022-03-17,21:10:00,21:25:00,23.351058,85.325731,23.381058,85.355731,NULL
foct048214564,2022-03-17,11:30:00,11:40:00,17.440827,78.393391,17.450827,78.403391,NULL
fogr758725255,2022-03-08,21:00:00,21:10:00,11.010375,76.952950,11.100375,77.042950,NULL
fohn783386348,2022-03-02,21:20:00,21:30:00,13.029780,80.208812,13.099780,80.278812,NULL
fokf045562405,2022-03-09,18:35:00,18:50:00,0.000000,0.000000,0.030000,0.030000,NULL
folp327968158,2022-03-06,23:25:00,23:35:00,22.751234,75.889490,22.821234,75.959490,NULL
fonz417804382,2022-02-15,22:50:00,23:05:00,19.876219,75.346017,19.936219,75.406017,NULL
foov914062343,2022-04-06,23:50:00,00:00:00,19.181300,72.836191,19.261300,72.916191,NULL
foqy931108551,2022-03-24,15:10:00,15:15:00,17.483216,78.552111,17.523216,78.592111,NULL
fovj902160238,2022-04-02,23:10:00,23:15:00,22.310329,73.169083,22.380329,73.239083,NULL
foyq895048327,2022-04-04,19:15:00,19:20:00,13.066762,80.251865,13.176762,80.361865,NULL
fpbn859920781,2022-03-02,22:30:00,22:40:00,13.049645,80.242268,13.159645,80.352268,NULL
fpcb539240429,2022-03-15,20:45:00,20:55:00,11.008638,76.984311,11.058638,77.034311,NULL
fpdd329740214,2022-04-04,20:30:00,20:40:00,0.000000,0.000000,0.090000,0.090000,NULL
fpeb630346665,2022-03-16,17:40:00,17:45:00,12.321214,76.621094,12.391214,76.691094,NULL
fpec923082767,2022-03-23,17:55:00,18:10:00,18.636215,73.751081,18.716215,73.831081,NULL
fpey736677354,2022-03-03,23:00:00,23:15:00,19.003517,72.827650,19.033517,72.857650,NULL
fpib347648335,2022-03-03,12:35:00,12:45:00,18.994237,72.825553,19.034237,72.865553,NULL
fpiz773622272,2022-03-15,23:45:00,23:55:00,21.152760,72.778059,21.182760,72.808059,NULL
fpjd061937453,2022-03-01,10:45:00,11:00:00,21.149569,72.772697,21.169569,72.792697,NULL
fpke074081859,2022-03-04,19:50:00,20:00:00,12.986047,80.218114,13.096047,80.328114,NULL
fpkv432118410,2022-03-12,22:40:00,22:55:00,21.183434,72.814492,21.253434,72.884492,NULL
fplq336504367,2022-04-04,23:45:00,23:55:00,0.000000,0.000000,0.110000,0.110000,NULL
fppf827639521,2022-03-29,19:45:00,19:50:00,26.911378,75.789034,27.051378,75.929034,NULL
fptn470372741,2022-03-15,20:10:00,20:20:00,22.725748,75.898497,22.755747,75.928497,NULL
fptv585476038,2022-03-14,20:40:00,20:50:00,26.911378,75.789034,27.001378,75.879034,NULL
fpvr264009270,2022-03-17,17:50:00,17:55:00,22.728163,75.884212,22.788163,75.944212,NULL
fpwn325794713,2022-03-06,22:00:00,22:15:00,26.911927,75.797282,27.051927,75.937282,NULL
fqbb217055494,2022-02-14,19:55:00,20:10:00,0.000000,0.000000,0.090000,0.090000,NULL
fqbc231302535,2022-03-06,20:45:00,20:55:00,22.761226,75.887522,22.871226,75.997522,NULL
fqbr467432841,2022-02-15,09:45:00,09:50:00,9.979363,76.285001,9.989363,76.295001,NULL
fqee335673320,2022-03-28,22:45:00,22:55:00,21.170096,72.789122,21.200096,72.819122,NULL
fqff433364747,2022-02-17,13:00:00,13:10:00,-26.490950,80.318656,26.530950,80.358656,NULL
fqjp079530059,2022-03-23,19:45:00,19:50:00,26.913726,75.752820,27.053726,75.892820,NULL
fqlu465471920,2022-03-25,18:10:00,18:25:00,17.411028,78.329645,17.541028,78.459645,NULL
fqna861393589,2022-04-06,20:30:00,20:45:00,13.026279,80.174568,13.106279,80.254568,NULL
fqol427302771,2022-03-28,11:35:00,11:50:00,19.091458,72.827808,19.101458,72.837808,NULL
fqom812665109,2022-03-04,21:25:00,21:30:00,21.186884,72.793616,21.266884,72.873616,NULL
fqpa395874282,2022-02-16,21:30:00,21:40:00,22.526461,88.364453,22.636461,88.474453,NULL
fqps831143401,2022-02-18,23:25:00,23:40:00,15.561295,73.749478,15.651295,73.839478,NULL
fqvh265153717,2022-02-13,12:55:00,13:00:00,0.000000,0.000000,0.040000,0.040000,NULL
fqwo883736566,2022-03-01,09:45:00,09:55:00,22.745536,75.893106,22.765536,75.913106,NULL
frbh750672995,2022-03-16,18:45:00,19:00:00,10.994136,76.963303,11.084136,77.053303,NULL
frbr404896520,2022-02-18,19:40:00,19:45:00,30.890184,75.829615,31.020184,75.959615,NULL
frck498597128,2022-03-23,19:20:00,19:30:00,26.913483,75.803139,27.043483,75.933139,NULL
frcv580437749,2022-02-14,21:50:00,22:05:00,10.028047,76.310019,10.098047,76.380019,NULL
free869467861,2022-04-03,21:40:00,21:55:00,12.308500,76.665808,12.338500,76.695808,NULL
frfl403451050,2022-03-25,18:00:00,18:05:00,22.725835,75.887648,22.815835,75.977648,NULL
frfl859090895,2022-03-24,13:20:00,13:30:00,13.086438,80.220672,13.126439,80.260672,NULL
frhq795038436,2022-03-02,20:40:00,20:55:00,18.927584,72.832585,19.007584,72.912585,NULL
frhz826047876,2022-03-17,20:35:00,20:40:00,11.022298,76.998349,11.052298,77.028349,NULL
fris321432357,2022-04-04,20:45:00,20:55:00,11.003681,76.975525,11.083681,77.055525,NULL
frkr311739433,2022-03-24,14:35:00,14:50:00,12.323194,76.630583,12.363194,76.670583,NULL
frkx677710763,2022-03-07,11:20:00,11:25:00,18.516216,73.842527,18.526216,73.852527,NULL
frot437781937,2022-03-27,17:40:00,17:55:00,11.022477,76.995667,11.112477,77.085667,NULL
frps599709370,2022-03-17,13:40:00,13:55:00,0.000000,0.000000,0.040000,0.040000,NULL
frqe862417636,2022-03-03,11:10:00,11:20:00,22.753659,75.903365,22.773659,75.923365,NULL
frql965164888,2022-02-16,18:35:00,18:50:00,22.569367,88.433187,22.659367,88.523187,NULL
frsl659775658,2022-03-11,08:50:00,09:05:00,18.539299,73.897902,18.559299,73.917902,NULL
frsu078164876,2022-03-02,20:00:00,20:05:00,26.849596,75.800512,26.989596,75.940512,NULL
frsv990092274,2022-03-28,08:50:00,09:00:00,22.311358,73.164798,22.331358,73.184798,NULL
frxv353311077,2022-02-14,22:25:00,22:30:00,23.234631,77.401663,23.344631,77.511663,NULL
fryg770479707,2022-02-15,22:20:00,22:35:00,23.184992,77.417227,23.244992,77.477227,NULL
fsds525490619,2022-03-07,14:30:00,14:40:00,26.888420,75.800689,26.928420,75.840689,NULL
fsfh745884828,2022-03-28,14:35:00,14:50:00,23.374989,85.335486,23.414989,85.375486,NULL
fsgc318501581,2022-03-17,14:50:00,15:00:00,19.221315,72.862381,19.261315,72.902381,NULL
fshk983313794,2022-03-05,23:00:00,23:05:00,12.297954,76.665169,12.327954,76.695169,NULL
fskj237863372,2022-03-11,09:55:00,10:10:00,22.727021,75.884167,22.737021,75.894167,NULL
fsli362474574,2022-03-21,19:30:00,19:40:00,26.888420,75.800689,26.938420,75.850689,NULL
fsmi444501076,2022-04-01,12:40:00,12:50:00,22.745049,75.892471,22.785049,75.932471,NULL
fssu853148698,2022-03-25,21:55:00,22:00:00,17.411028,78.329645,17.501028,78.419645,NULL
fsuk786945644,2022-03-21,23:45:00,23:55:00,11.021278,76.995017,11.081278,77.055017,NULL
fsxb492661748,2022-04-04,23:55:00,00:10:00,13.066762,80.251865,13.196762,80.381865,NULL
fsxt583977558,2022-02-11,19:10:00,19:25:00,0.000000,0.000000,0.050000,0.050000,NULL
ftau008754604,2022-03-10,21:30:00,21:45:00,22.311603,73.165012,22.401603,73.255012,NULL
ftbk958935462,2022-04-02,21:55:00,22:00:00,23.357804,85.325146,23.447804,85.415146,NULL
ftbw337341572,2022-03-29,21:15:00,21:30:00,21.157729,72.768726,21.237729,72.848726,NULL
ftdf300504063,2022-03-24,08:15:00,08:20:00,21.157729,72.768726,21.167729,72.778726,NULL
ftdq686132453,2022-02-12,21:35:00,21:45:00,19.875016,75.322405,20.005016,75.452405,NULL
ftgj660021511,2022-03-04,20:45:00,21:00:00,13.022394,80.242439,13.112394,80.332439,NULL
ftmk297859724,2022-04-02,17:55:00,18:10:00,12.310972,76.659264,12.440972,76.789264,NULL
ftor244804946,2022-03-30,22:10:00,22:25:00,26.849596,75.800512,26.899596,75.850512,NULL
ftpw702197223,2022-03-17,18:15:00,18:25:00,26.905190,75.810753,26.955190,75.860753,NULL
ftrr058463873,2022-02-14,23:20:00,23:25:00,10.003064,76.307589,10.133064,76.437589,NULL
fttd828516474,2022-02-17,12:45:00,12:55:00,22.514585,88.393310,22.554585,88.433310,NULL
ftxu257921170,2022-04-01,16:15:00,16:30:00,26.911378,75.789034,26.951378,75.829034,NULL
fudc156448676,2022-03-16,20:35:00,20:45:00,22.753839,75.897429,22.823839,75.967429,NULL
fugi485955341,2022-04-06,21:00:00,21:15:00,26.911927,75.797282,27.021927,75.907282,NULL
fuim450640601,2022-03-07,17:25:00,17:35:00,11.000762,76.981876,11.050762,77.031876,NULL
fuiw290263784,2022-04-02,20:15:00,20:20:00,26.913483,75.803139,27.023483,75.913139,NULL
fuka008179771,2022-03-28,16:45:00,16:50:00,13.026286,80.275235,13.066286,80.315235,NULL
fump208124017,2022-03-08,20:00:00,20:15:00,22.722634,75.886959,22.792634,75.956959,NULL
fumt665648101,2022-03-02,21:55:00,22:10:00,22.311358,73.164798,22.391358,73.244798,NULL
fumt858308293,2022-03-24,16:30:00,16:40:00,12.933284,77.615428,12.973284,77.655428,NULL
func889863917,2022-03-13,22:35:00,22:45:00,23.374989,85.335486,23.434989,85.395486,NULL
funr092965012,2022-03-17,11:40:00,11:55:00,11.025083,77.015393,11.035083,77.025393,NULL
fuoj926866165,2022-03-02,18:35:00,18:40:00,21.149569,72.772697,21.219569,72.842697,NULL
fuok262521699,2022-03-21,10:25:00,10:35:00,22.307898,73.167788,22.317898,73.177788,NULL
furq335262813,2022-02-16,20:45:00,21:00:00,30.366322,78.070453,30.496322,78.200453,NULL
fuss211697039,2022-02-11,18:00:00,18:15:00,10.027014,76.308053,10.077014,76.358053,NULL
fuuc153199350,2022-04-06,20:15:00,20:25:00,12.975377,77.696664,13.105377,77.826664,NULL
fuup457618795,2022-03-20,17:45:00,17:55:00,18.539299,73.897902,18.649299,74.007902,NULL
fuwm830393331,2022-03-09,08:40:00,08:45:00,0.000000,0.000000,0.020000,0.020000,NULL
fuxx570846001,2022-03-31,23:20:00,23:25:00,21.175104,72.804342,21.255104,72.884342,NULL
fvcn197314691,2022-02-18,18:50:00,19:00:00,23.214459,77.434976,23.324459,77.544976,NULL
fvcs988290129,2022-03-27,23:50:00,23:55:00,22.750040,75.902847,22.880040,76.032847,NULL
fvfe453030866,2022-02-14,19:35:00,19:40:00,30.905562,75.832841,30.975562,75.902841,NULL
fvhr645658593,2022-03-13,08:40:00,08:55:00,12.308500,76.665808,12.318500,76.675808,NULL
fvjh184291238,2022-03-17,13:45:00,14:00:00,21.149834,72.778666,21.189834,72.818666,NULL
fvji383941074,2022-03-27,18:45:00,19:00:00,23.354422,85.332900,23.484422,85.462900,NULL
fvjk871888306,2022-02-18,23:20:00,23:30:00,30.359722,78.067079,30.489722,78.197079,NULL
fvko144254933,2022-03-06,19:10:00,19:20:00,22.728163,75.884212,22.808163,75.964212,NULL
fvol137475471,2022-04-01,11:45:00,11:55:00,17.455894,78.375467,17.475894,78.395467,NULL
fvoq332072223,2022-04-06,22:20:00,22:35:00,11.008638,76.984311,11.098638,77.074311,NULL
fvsf931504082,2022-03-11,17:35:00,17:40:00,17.433809,78.386744,17.463809,78.416744,NULL
fvsn629817930,2022-03-08,19:55:00,20:05:00,19.131141,72.813074,19.201141,72.883074,NULL
fvsr935047996,2022-03-19,16:55:00,17:05:00,21.186884,72.793616,21.226884,72.833616,NULL
fvvr839976631,2022-03-31,18:45:00,18:50:00,12.914264,77.678400,13.044264,77.808400,NULL
fvwl119135970,2022-04-01,15:20:00,15:30:00,19.120083,72.907385,19.160083,72.947385,NULL
fvza809682393,2022-03-19,14:45:00,14:50:00,18.536718,73.830327,18.576718,73.870328,NULL
fvzh907128125,2022-03-09,21:00:00,21:10:00,19.121999,72.908493,19.151999,72.938493,NULL
fwby193324468,2022-02-15,20:40:00,20:55:00,22.551084,88.354127,22.581084,88.384127,NULL
fwdd464246777,2022-03-21,21:55:00,22:10:00,12.323994,76.626167,12.373994,76.676167,NULL
fwdp600260878,2022-03-24,14:30:00,14:40:00,12.972532,77.608179,13.012532,77.648179,NULL
fwfn732301857,2022-04-05,18:50:00,19:00:00,12.978453,77.643685,13.028453,77.693685,NULL
fwgl021162686,2022-03-06,20:00:00,20:05:00,26.913987,75.752891,27.053987,75.892891,NULL
fwit645178733,2022-03-21,23:45:00,00:00:00,19.178321,72.834715,19.208321,72.864715,NULL
fwju127145064,2022-03-06,22:30:00,22:40:00,12.906229,77.596791,12.986229,77.676791,NULL
fwnw330613277,2022-03-05,22:55:00,23:00:00,11.000762,76.981876,11.050762,77.031876,NULL
fwqj187141157,2022-03-06,23:50:00,23:55:00,13.022394,80.242439,13.092394,80.312439,NULL
fwvo451250409,2022-02-12,19:40:00,19:50:00,0.000000,0.000000,0.080000,0.080000,NULL
fwwo521045969,2022-03-03,17:20:00,17:25:00,12.934179,77.615797,12.984179,77.665797,NULL
fwyr378842904,2022-03-19,19:50:00,19:55:00,13.029780,80.208812,13.079780,80.258812,NULL
fxbq139850567,2022-03-29,22:25:00,22:40:00,26.891191,75.802083,27.001191,75.912083,NULL
fxei019975463,2022-03-20,23:10:00,23:15:00,19.091458,72.827808,19.171458,72.907808,NULL
fxfe770654769,2022-03-03,19:00:00,19:15:00,18.546258,73.904337,18.596258,73.954337,NULL
fxgs203063170,2022-04-02,22:20:00,22:30:00,18.554382,73.798206,18.624382,73.868206,NULL
fxhe535112204,2022-03-14,23:35:00,23:50:00,23.357804,85.325146,23.487804,85.455146,NULL
fxir538138707,2022-03-23,21:50:00,22:05:00,13.005801,80.250744,13.115801,80.360744,NULL
fxjr680443942,2022-03-28,18:25:00,18:30:00,17.428294,78.404423,17.458294,78.434423,NULL
fxka760167152,2022-02-13,22:15:00,22:25:00,27.161661,78.011544,27.221661,78.071544,NULL
fxlr723196054,2022-03-05,08:20:00,08:30:00,17.455894,78.375467,17.465894,78.385467,NULL
fxtp899721407,2022-03-12,23:35:00,23:40:00,13.091809,80.219104,13.181809,80.309104,NULL
fxuu788413734,2022-03-11,21:20:00,21:30:00,17.431668,78.408321,17.461668,78.438321,NULL
fxuz549696901,2022-03-01,08:25:00,08:40:00,17.428294,78.404423,17.448294,78.424423,NULL
fxxf774966396,2022-03-11,19:50:00,20:05:00,17.430448,78.418213,17.490448,78.478213,NULL
fyae144754762,2022-03-03,23:50:00,23:55:00,19.221315,72.862381,19.251315,72.892381,NULL
fyao616279169,2022-03-29,18:10:00,18:15:00,12.980410,77.640489,13.110410,77.770489,NULL
fyau014145573,2022-03-31,23:45:00,23:50:00,12.939496,77.625999,13.019496,77.705999,NULL
fych136841365,2022-03-04,20:45:00,21:00:00,17.455894,78.375467,17.545894,78.465467,NULL
fycj216686516,2022-03-15,08:45:00,08:55:00,0.000000,0.000000,0.020000,0.020000,NULL
fyej015952616,2022-03-17,00:00:00,00:10:00,18.927584,72.832585,18.957584,72.862585,NULL
fyhn937992389,2022-04-01,22:30:00,22:45:00,12.934365,77.616155,12.984365,77.666155,NULL
fymr899224322,2022-03-02,17:55:00,18:05:00,18.563934,73.915367,18.673935,74.025367,NULL
fyoa336524440,2022-03-18,20:35:00,20:50:00,21.149669,72.772629,21.259669,72.882629,NULL
fyol917593559,2022-03-28,17:45:00,17:55:00,26.846156,75.802300,26.896156,75.852300,NULL
fyqq955901666,2022-03-24,23:25:00,23:30:00,0.000000,0.000000,0.050000,0.050000,NULL
fysm948408225,2022-03-07,11:00:00,11:10:00,22.307898,73.167788,22.317898,73.177788,NULL
fyun381887108,2022-03-09,19:30:00,19:40:00,13.027018,80.254791,13.057018,80.284791,NULL
fyzu760139303,2022-04-02,21:25:00,21:30:00,17.431477,78.400350,17.541477,78.510350,NULL
fyzu821060909,2022-03-13,09:45:00,09:55:00,11.022477,76.995667,11.042477,77.015667,NULL
fzcy547534180,2022-03-26,17:45:00,17:50:00,12.284747,76.625861,12.344747,76.685861,NULL
fzdq519364954,2022-03-03,08:55:00,09:10:00,12.323225,76.630028,12.343225,76.650028,NULL
fzdt758816838,2022-03-25,23:00:00,23:10:00,11.010375,76.952950,11.090375,77.032950,NULL
fzih136908617,2022-02-12,17:40:00,17:50:00,26.472001,80.354002,26.602001,80.484002,NULL
fziy268115543,2022-03-15,13:35:00,13:40:00,13.081878,80.248519,13.121878,80.288519,NULL
fzkg392740739,2022-03-16,23:45:00,23:55:00,21.186884,72.793616,21.266884,72.873616,NULL
fzlu455785819,2022-02-15,15:55:00,16:00:00,10.020683,76.310631,10.060683,76.350631,NULL
fzmf410543078,2022-03-11,18:40:00,18:50:00,12.975996,80.221898,13.005996,80.251898,NULL
fzng561300776,2022-03-13,11:15:00,11:20:00,13.066762,80.251865,13.076762,80.261865,NULL
fzoc701529019,2022-02-12,20:50:00,21:05:00,22.515082,88.367830,22.595082,88.447830,NULL
fzpp540624700,2022-04-02,18:40:00,18:50:00,12.323994,76.626167,12.403994,76.706167,NULL
fzqk807587483,2022-03-20,18:40:00,18:45:00,11.021278,76.995017,11.131278,77.105017,NULL
fzqu114731576,2022-03-17,21:50:00,22:00:00,26.905190,75.810753,26.935190,75.840753,NULL
fzrg907765894,2022-04-06,18:45:00,18:50:00,23.359033,85.325347,23.469033,85.435347,NULL
fzrw362756751,2022-03-31,17:25:00,17:40:00,12.321214,76.621094,12.411214,76.711094,NULL
fzrx169337497,2022-03-09,11:20:00,11:30:00,23.351489,85.324253,23.361489,85.334253,NULL
fzsa264161627,2022-02-18,21:35:00,21:50:00,30.895204,75.822103,31.025204,75.952103,NULL
fzte602730842,2022-03-01,08:45:00,08:55:00,17.431477,78.400350,17.451477,78.420350,NULL
fzuc685520106,2022-03-07,13:15:00,13:30:00,12.972793,80.249982,13.012793,80.289982,NULL
fzus958682064,2022-03-04,21:40:00,21:50:00,22.320000,73.170000,22.400000,73.250000,NULL
fzyw265961472,2022-03-08,23:35:00,23:40:00,17.429585,78.392621,17.539585,78.502621,NULL
fzzv593019874,2022-03-13,12:40:00,12:45:00,11.024839,77.007003,11.064839,77.047003,NULL
gaaj427752806,2022-03-07,12:25:00,12:30:00,21.160437,72.774209,21.200437,72.814209,NULL
gadi775237661,2022-03-29,18:10:00,18:15:00,18.569156,73.774723,18.659156,73.864723,NULL
gadu006620855,2022-03-31,20:45:00,21:00:00,22.725835,75.887648,22.835835,75.997648,NULL
gaez638963060,2022-03-27,19:50:00,20:00:00,11.010375,76.952950,11.100375,77.042950,NULL
gafm092482184,2022-02-12,22:35:00,22:45:00,-30.902872,75.826808,30.972872,75.896808,NULL
gaih403946865,2022-04-02,21:50:00,21:55:00,17.455894,78.375467,17.535894,78.455467,NULL
galv648924453,2022-03-28,10:35:00,10:50:00,21.160437,72.774209,21.170437,72.784209,NULL
garo878411916,2022-04-04,22:10:00,22:20:00,17.450851,78.379347,17.530851,78.459347,NULL
gasz878984846,2022-03-10,21:10:00,21:15:00,0.000000,0.000000,0.090000,0.090000,NULL
gaya984078138,2022-02-15,08:35:00,08:50:00,15.561295,73.749478,15.581295,73.769478,NULL
gazm289112029,2022-04-04,17:10:00,17:20:00,21.170096,72.789122,21.240096,72.859122,NULL
gbab110045112,2022-04-02,17:10:00,17:15:00,22.728163,75.884212,22.858163,76.014212,NULL
gbgj185025894,2022-03-26,18:30:00,18:35:00,0.000000,0.000000,0.060000,0.060000,NULL
gbhv126827622,2022-04-01,20:50:00,21:00:00,13.049645,80.242268,13.099645,80.292268,NULL
gbin921520781,2022-03-20,22:20:00,22:25:00,12.970324,77.645748,13.060324,77.735748,NULL
gbjo365257693,2022-03-23,20:45:00,21:00:00,23.333017,85.317200,23.443017,85.427200,NULL
gbkp564028204,2022-03-15,08:20:00,08:25:00,22.651847,75.881991,22.661847,75.891991,NULL
gbli180272943,2022-03-30,17:50:00,18:05:00,21.173343,72.792731,21.203343,72.822731,NULL
gbno295474742,2022-04-02,20:10:00,20:15:00,19.181300,72.836191,19.271300,72.926191,NULL
gbod983472273,2022-03-18,20:50:00,20:55:00,13.058616,80.264151,13.168616,80.374151,NULL
gbol091248672,2022-03-04,21:20:00,21:30:00,11.024839,77.007003,11.154839,77.137003,NULL
gbox156266821,2022-04-03,10:10:00,10:15:00,12.334022,76.618203,12.344022,76.628203,NULL
gbpa992753997,2022-03-16,18:55:00,19:00:00,11.022298,76.998349,11.102298,77.078349,NULL
gbpq630485976,2022-03-20,22:25:00,22:30:00,22.732225,75.874765,22.822225,75.964765,NULL
gbpy122398827,2022-02-17,23:35:00,23:50:00,22.537960,88.349843,22.567960,88.379843,NULL
gbqd505697117,2022-03-16,17:30:00,17:35:00,21.152760,72.778059,21.262760,72.888059,NULL
gbrb406494574,2022-03-17,17:50:00,17:55:00,12.935662,77.614130,12.985662,77.664130,NULL
gbst278240676,2022-03-08,18:40:00,18:45:00,22.310237,73.158921,22.400237,73.248921,NULL
gbsv833333971,2022-02-15,20:40:00,20:55:00,26.477750,80.351569,26.537750,80.411569,NULL
gbxt499568558,2022-03-20,17:30:00,17:35:00,17.431477,78.400350,17.561477,78.530350,NULL
gbxv154956690,2022-03-25,23:10:00,23:20:00,12.337978,76.616792,12.407978,76.686792,NULL
gbxv786161578,2022-03-07,17:25:00,17:35:00,23.359407,85.325055,23.419407,85.385055,NULL
gccu943799477,2022-03-08,20:40:00,20:55:00,12.975377,77.696664,13.045377,77.766664,NULL
gcdg186238701,2022-03-03,17:45:00,18:00:00,17.426228,78.407495,17.486228,78.467495,NULL
gcer888877502,2022-03-17,20:55:00,21:05:00,23.371292,85.327872,23.401292,85.357872,NULL
gcjo049307092,2022-03-05,10:25:00,10:30:00,18.539299,73.897902,18.549299,73.907902,NULL
gckj588538357,2022-03-12,21:15:00,21:20:00,19.126630,72.829976,19.236630,72.939976,NULL
gcmc229097231,2022-03-17,08:10:00,08:15:00,22.308096,73.167753,22.318096,73.177753,NULL
gcnq699903145,2022-03-10,20:00:00,20:05:00,18.534080,73.898520,18.614080,73.978520,NULL
gcok068132692,2022-02-14,21:20:00,21:35:00,22.514119,88.362504,22.604119,88.452504,NULL
gcpp466407435,2022-03-16,20:00:00,20:10:00,26.956431,75.776649,27.096431,75.916649,NULL
gcsw008440043,2022-02-18,17:20:00,17:30:00,15.544419,73.755736,15.624419,73.835736,NULL
gcts787652735,2022-04-03,12:25:00,12:35:00,0.000000,0.000000,0.040000,0.040000,NULL
gcvw047760888,2022-03-19,20:10:00,20:25:00,23.369746,85.339820,23.429746,85.399820,NULL
gcxo578418810,2022-02-17,18:35:00,18:50:00,0.000000,0.000000,0.030000,0.030000,NULL
gcyq701643659,2022-04-05,19:50:00,19:55:00,26.913483,75.803139,26.943483,75.833139,NULL
gcyr201162515,2022-03-18,22:55:00,23:00:00,18.539299,73.897902,18.669299,74.027902,NULL
gcza237370513,2022-03-03,16:25:00,16:35:00,22.751857,75.866699,22.791857,75.906699,NULL
gczg917526696,2022-03-06,21:45:00,21:50:00,12.323978,76.627961,12.453978,76.757961,NULL
gdcc440517225,2022-03-17,09:25:00,09:30:00,18.551440,73.804855,18.571440,73.824855,NULL
gdgh850146561,2022-02-12,20:35:00,20:45:00,15.585658,73.743606,15.715658,73.873606,NULL
gdit919288828,2022-03-03,19:10:00,19:20:00,13.064181,80.236442,13.114181,80.286442,NULL
gdka189674265,2022-04-02,18:30:00,18:45:00,11.001852,76.976268,11.091852,77.066268,NULL
gdmr770159038,2022-03-18,21:40:00,21:50:00,19.131141,72.813074,19.211140,72.893074,NULL
gdms817223363,2022-04-02,19:25:00,19:35:00,21.186608,72.794136,21.316608,72.924136,NULL
gdmw076221110,2022-02-11,13:20:00,13:35:00,26.492106,80.327797,26.532106,80.367797,NULL
gdnh860096352,2022-03-15,14:45:00,14:55:00,12.323225,76.630028,12.363225,76.670028,NULL
gdon863841297,2022-03-27,20:40:00,20:55:00,21.149669,72.772629,21.279669,72.902629,NULL
gdox800278766,2022-04-03,11:30:00,11:35:00,17.422819,78.449578,17.432819,78.459578,NULL
gdqp571293118,2022-03-03,08:50:00,08:55:00,21.186608,72.794136,21.196608,72.804136,NULL
gdqy296914762,2022-03-05,15:00:00,15:15:00,12.970221,77.645396,13.010221,77.685396,NULL
gdrk265926256,2022-02-11,09:00:00,09:05:00,27.163303,78.057044,27.183303,78.077044,NULL
gdrp403122333,2022-02-17,16:20:00,16:25:00,26.482581,80.315628,26.522581,80.355628,NULL
gdtu895012974,2022-04-04,21:10:00,21:15:00,17.459710,78.368855,17.539710,78.448855,NULL
gduk103299880,2022-03-26,15:30:00,15:40:00,17.458998,78.500366,17.498998,78.540366,NULL
geac967902581,2022-03-23,22:10:00,22:20:00,0.000000,0.000000,0.080000,0.080000,NULL
gebh256532548,2022-03-15,10:15:00,10:20:00,17.451976,78.385883,17.471976,78.405883,NULL
gedp538037050,2022-03-31,21:10:00,21:25:00,22.728163,75.884212,22.858163,76.014212,NULL
geej465038427,2022-03-01,11:45:00,12:00:00,13.026286,80.275235,13.046286,80.295235,NULL
geex100083991,2022-03-21,21:45:00,21:50:00,23.355164,85.324097,23.415164,85.384097,NULL
gegi411420871,2022-03-16,18:15:00,18:20:00,0.000000,0.000000,0.090000,0.090000,NULL
gego068198063,2022-02-12,21:20:00,21:30:00,30.362686,78.068890,30.492686,78.198890,NULL
geic105612132,2022-03-18,17:40:00,17:45:00,22.744648,75.894377,22.814648,75.964377,NULL
geip015782436,2022-03-09,17:15:00,17:30:00,22.312790,73.170283,22.372790,73.230283,NULL
gekz321851789,2022-03-25,20:20:00,20:25:00,21.157735,72.768778,21.227735,72.838778,NULL
gema603832557,2022-02-16,20:50:00,20:55:00,15.585658,73.743606,15.675658,73.833606,NULL
gemc738622446,2022-03-14,23:30:00,23:40:00,23.351058,85.325731,23.441058,85.415731,NULL
gepg093716321,2022-03-17,21:45:00,21:55:00,18.534080,73.898520,18.594080,73.958520,NULL
gern912021209,2022-04-04,19:30:00,19:45:00,22.310329,73.169083,22.400329,73.259083,NULL
geuo206828746,2022-03-28,22:00:00,22:15:00,19.091458,72.827808,19.141458,72.877808,NULL
gevl153147982,2022-03-18,19:45:00,19:55:00,19.131141,72.813074,19.261140,72.943074,NULL
gevr870026774,2022-03-29,18:20:00,18:35:00,23.371292,85.327872,23.461292,85.417872,NULL
geyu567828744,2022-02-11,19:40:00,19:55:00,22.514119,88.362504,22.544119,88.392504,NULL
geyv379784996,2022-03-27,20:35:00,20:50:00,13.045479,80.233110,13.125479,80.313110,NULL
gezf448692939,2022-03-15,12:20:00,12:35:00,12.980410,77.640489,13.020410,77.680489,NULL
gfcj899159345,2022-02-15,10:55:00,11:00:00,22.526461,88.364453,22.536461,88.374453,NULL
gfgn195346104,2022-03-04,17:25:00,17:40:00,11.021278,76.995017,11.151278,77.125017,NULL
gfjg671331508,2022-03-26,20:15:00,20:30:00,12.352058,76.606650,12.402058,76.656650,NULL
gfjo232290488,2022-03-30,19:10:00,19:15:00,0.000000,0.000000,0.030000,0.030000,NULL
gfnn938315423,2022-02-11,08:55:00,09:00:00,0.000000,0.000000,0.010000,0.010000,NULL
gfnp065225708,2022-03-25,23:30:00,23:45:00,11.006686,76.951736,11.086686,77.031736,NULL
gfqy492564407,2022-04-01,09:20:00,09:30:00,17.451976,78.385883,17.461976,78.395883,NULL
gfvb415196527,2022-03-07,16:30:00,16:45:00,21.175104,72.804342,21.215104,72.844342,NULL
gfvo290106564,2022-04-02,23:15:00,23:20:00,12.970324,77.645748,13.060324,77.735748,NULL
gfvu821953426,2022-02-13,17:15:00,17:25:00,27.161694,78.034714,27.211694,78.084714,NULL
gfwf899556181,2022-03-10,18:15:00,18:25:00,17.483216,78.552111,17.563216,78.632111,NULL
gfxj227978517,2022-02-15,11:20:00,11:35:00,0.000000,0.000000,0.010000,0.010000,NULL
gfys727530399,2022-03-23,17:25:00,17:40:00,21.170096,72.789122,21.280096,72.899122,NULL
gfzr944573585,2022-03-12,22:35:00,22:45:00,17.455894,78.375467,17.565894,78.485467,NULL
ggaj884673949,2022-03-08,18:55:00,19:10:00,22.725748,75.898497,22.835748,76.008497,NULL
ggbi907785235,2022-04-06,21:35:00,21:50:00,12.970324,77.645748,13.080324,77.755748,NULL
ggda887066202,2022-03-05,11:00:00,11:10:00,23.369746,85.339820,23.379746,85.349820,NULL
ggfm338102997,2022-03-11,10:00:00,10:10:00,11.001753,76.986241,11.011753,76.996241,NULL
ggfx440512506,2022-04-01,08:30:00,08:35:00,18.636215,73.751081,18.656215,73.771081,NULL
gggb753628772,2022-03-15,23:40:00,23:45:00,19.178321,72.834715,19.238321,72.894715,NULL
gghw566502663,2022-02-18,22:25:00,22:40:00,22.553227,88.353273,22.633227,88.433273,NULL
gghy404984234,2022-03-14,18:10:00,18:15:00,17.459710,78.368855,17.539710,78.448855,NULL
ggio619701106,2022-03-07,23:55:00,00:05:00,17.422819,78.449578,17.472819,78.499578,NULL
ggjb958663745,2022-03-08,20:10:00,20:20:00,21.175975,72.795503,21.265975,72.885503,NULL
ggkt370298051,2022-03-10,18:45:00,18:55:00,18.551440,73.804855,18.641440,73.894855,NULL
ggln955051722,2022-04-05,14:20:00,14:25:00,13.005801,80.250744,13.045801,80.290744,NULL
gglp125004186,2022-03-17,10:15:00,10:30:00,12.337928,76.617889,12.357928,76.637889,NULL
ggne709345409,2022-02-13,21:30:00,21:35:00,19.875337,75.316722,19.935337,75.376722,NULL
ggni863426619,2022-03-17,22:40:00,22:50:00,11.022169,76.999594,11.082169,77.059594,NULL
ggrg161077069,2022-03-12,21:40:00,21:45:00,19.103249,72.846749,19.173249,72.916749,NULL
ggsn961999178,2022-03-02,22:45:00,22:50:00,13.058616,80.264151,13.188616,80.394151,NULL
ggtr588074046,2022-03-08,21:50:00,22:00:00,22.725748,75.898497,22.805747,75.978497,NULL
ggtr862765857,2022-02-18,18:40:00,18:50:00,0.000000,0.000000,0.080000,0.080000,NULL
ggxe477861866,2022-03-12,19:00:00,19:10:00,26.911378,75.789034,26.981378,75.859034,NULL
ggxk185781605,2022-03-19,10:55:00,11:10:00,18.551440,73.804855,18.561440,73.814855,NULL
ghbc709928854,2022-03-07,23:25:00,23:35:00,17.455894,78.375467,17.485894,78.405467,NULL
ghcr513993192,2022-03-10,20:00:00,20:15:00,13.029780,80.208812,13.139780,80.318812,NULL
ghdn409109692,2022-03-12,17:40:00,17:45:00,21.170096,72.789122,21.300096,72.919122,NULL
ghiq968772040,2022-04-06,23:50:00,23:55:00,22.732225,75.874765,22.802225,75.944765,NULL
ghnk344399765,2022-03-24,10:30:00,10:45:00,12.979166,77.640709,12.999166,77.660709,NULL
ghof918324947,2022-03-27,20:15:00,20:20:00,13.026279,80.174568,13.116279,80.264568,NULL
ghqw690657155,2022-03-15,09:25:00,09:30:00,22.748060,75.893400,22.758060,75.903400,NULL
ghrj019775856,2022-03-06,22:30:00,22:35:00,18.536562,73.896485,18.666562,74.026485,NULL
ghtf209158663,2022-02-17,10:30:00,10:35:00,15.546594,73.760431,15.556594,73.770431,NULL
ghuh847498921,2022-03-28,23:00:00,23:15:00,26.905190,75.810753,26.935190,75.840753,NULL
ghvt124796243,2022-03-15,18:55:00,19:10:00,21.157729,72.768726,21.207729,72.818726,NULL
ghzb385633083,2022-03-16,17:10:00,17:20:00,12.981615,80.231598,13.091615,80.341598,NULL
ghzk769614060,2022-04-03,08:40:00,08:45:00,22.751857,75.866699,22.761857,75.876699,NULL
gico244309244,2022-03-07,09:15:00,09:30:00,26.849596,75.800512,26.859596,75.810512,NULL
gicq705544069,2022-03-29,23:45:00,23:55:00,22.311603,73.165012,22.401603,73.255012,NULL
giet183451913,2022-04-04,20:10:00,20:15:00,0.000000,0.000000,0.070000,0.070000,NULL
gifj074075379,2022-03-27,18:10:00,18:25:00,22.651847,75.881991,22.761847,75.991991,NULL
gifm201796584,2022-04-03,11:00:00,11:10:00,11.008638,76.984311,11.028638,77.004311,NULL
gigo324419223,2022-02-14,21:35:00,21:45:00,0.000000,0.000000,0.090000,0.090000,NULL
gigz794548976,2022-03-17,18:40:00,18:55:00,21.170798,72.790489,21.220798,72.840489,NULL
ginp767478139,2022-04-02,22:20:00,22:35:00,26.913726,75.752820,26.993726,75.832820,NULL
gioy679462814,2022-02-17,00:00:00,00:05:00,26.472001,80.354002,26.502001,80.384002,NULL
giuc758941478,2022-03-01,23:40:00,23:55:00,12.980410,77.640489,13.030410,77.690489,NULL
givl212927635,2022-03-11,20:30:00,20:40:00,12.284747,76.625861,12.334747,76.675861,NULL
giwb534134135,2022-03-27,23:15:00,23:20:00,23.416792,85.316842,23.506792,85.406842,NULL
gixb079700612,2022-03-01,22:35:00,22:40:00,13.005801,80.250744,13.055801,80.300744,NULL
gixp051592665,2022-02-18,18:40:00,18:55:00,23.266261,77.379605,23.376261,77.489605,NULL
gjav617082424,2022-03-10,21:15:00,21:20:00,11.016298,76.972076,11.106298,77.062076,NULL
gjdb121670866,2022-03-29,22:00:00,22:15:00,26.902940,75.793007,26.982940,75.873007,NULL
gjfd855039799,2022-03-07,18:45:00,18:55:00,19.181300,72.836191,19.241300,72.896191,NULL
gjfe618528011,2022-04-01,15:55:00,16:05:00,12.933298,77.614293,12.973298,77.654293,NULL
gjhe108486871,2022-03-01,11:15:00,11:25:00,0.000000,0.000000,0.010000,0.010000,NULL
gjhl435206450,2022-02-17,09:15:00,09:30:00,30.890184,75.829615,30.910184,75.849615,NULL
gjkk295488816,2022-03-23,20:10:00,20:25:00,12.337928,76.617889,12.447928,76.727889,NULL
gjkx092137046,2022-04-04,19:10:00,19:25:00,11.003008,76.975440,11.093008,77.065440,NULL
gjpj453808306,2022-03-31,19:35:00,19:40:00,18.533811,73.899315,18.663811,74.029315,NULL
gjrv917732764,2022-03-20,22:25:00,22:30:00,17.451976,78.385883,17.531976,78.465883,NULL
gjvg732936786,2022-02-11,20:20:00,20:30:00,19.875337,75.316722,19.905337,75.346722,NULL
gjwc226881646,2022-03-04,17:25:00,17:35:00,17.450851,78.379347,17.540851,78.469347,NULL
gjyx336871401,2022-03-10,23:55:00,00:10:00,18.534080,73.898520,18.664080,74.028520,NULL
gjzl734943568,2022-04-02,23:40:00,23:50:00,22.751857,75.866699,22.841857,75.956699,NULL
gkdo278877542,2022-03-30,19:45:00,19:50:00,22.311358,73.164798,22.361358,73.214798,NULL
gkeq989550992,2022-04-06,20:10:00,20:15:00,12.906229,77.596791,13.016229,77.706791,NULL
gker333473715,2022-03-21,22:00:00,22:05:00,18.563934,73.915367,18.623935,73.975367,NULL
gkgx617376328,2022-03-19,09:50:00,10:05:00,18.994049,72.825203,19.014049,72.845203,NULL
gkhp273650946,2022-03-14,20:10:00,20:25:00,12.980410,77.640489,13.090410,77.750489,NULL
gkhx918009238,2022-03-04,18:20:00,18:25:00,18.543626,73.905101,18.633626,73.995101,NULL
gkjn223914948,2022-03-03,17:40:00,17:55:00,11.003008,76.975440,11.053009,77.025440,NULL
gkjq174414728,2022-03-19,15:20:00,15:35:00,11.025083,77.015393,11.065083,77.055393,NULL
gkrb550339468,2022-03-16,20:10:00,20:15:00,12.972793,80.249982,13.062793,80.339982,NULL
gkrt096664593,2022-03-17,10:10:00,10:20:00,23.351489,85.324253,23.361489,85.334253,NULL
gkvg893906578,2022-02-12,20:10:00,20:15:00,19.876106,75.340775,19.986106,75.450775,NULL
gkvl873796897,2022-04-03,21:00:00,21:10:00,19.254567,72.848923,19.304567,72.898923,NULL
gkvp126102531,2022-03-07,14:10:00,14:25:00,26.913726,75.752820,26.953726,75.792821,NULL
gkyk041769802,2022-03-07,09:10:00,09:15:00,18.592718,73.773572,18.612718,73.793572,NULL
gkyz169869160,2022-03-19,23:25:00,23:40:00,26.905190,75.810753,26.965190,75.870753,NULL
gkzy616803751,2022-02-11,11:10:00,11:25:00,15.513150,73.783460,15.533150,73.803460,NULL
glbv231933924,2022-03-11,20:25:00,20:35:00,17.455894,78.375467,17.515894,78.435467,NULL
glep419024567,2022-04-06,18:20:00,18:25:00,13.026279,80.174568,13.156279,80.304568,NULL
glhm878533233,2022-03-10,19:20:00,19:35:00,18.551440,73.804855,18.631440,73.884855,NULL
gljb334344634,2022-03-05,08:45:00,08:50:00,0.000000,0.000000,0.020000,0.020000,NULL
gllj450692457,2022-03-13,20:40:00,20:45:00,12.970324,77.645748,13.000324,77.675748,NULL
glox483165769,2022-03-05,08:35:00,08:45:00,12.979166,77.640709,12.999166,77.660709,NULL
glru684519777,2022-03-17,09:25:00,09:35:00,13.026286,80.275235,13.036286,80.285235,NULL
glsd963477325,2022-03-19,14:50:00,15:05:00,21.171060,72.789292,21.211060,72.829292,NULL
gltd466895265,2022-03-28,19:15:00,19:30:00,13.027018,80.254791,13.087018,80.314791,NULL
glvq082687707,2022-03-27,18:50:00,19:00:00,12.939496,77.625999,13.069496,77.755999,NULL
glwq444813102,2022-03-18,19:50:00,20:05:00,22.307898,73.167788,22.387898,73.247788,NULL
glym752800776,2022-03-17,11:00:00,11:15:00,11.010375,76.952950,11.030375,76.972950,NULL
gmcv427531059,2022-02-14,23:40:00,23:50:00,0.000000,0.000000,0.110000,0.110000,NULL
gmlw781035508,2022-03-08,23:20:00,23:35:00,12.352058,76.606650,12.432058,76.686650,NULL
gmmh297331643,2022-04-04,17:10:00,17:20:00,17.431668,78.408321,17.561668,78.538321,NULL
gmmn097989786,2022-02-12,23:00:00,23:10:00,30.905562,75.832841,30.995562,75.922841,NULL
gmoz216532568,2022-03-16,17:50:00,18:00:00,18.533811,73.899315,18.603811,73.969315,NULL
gmxu939723620,2022-03-28,08:10:00,08:25:00,11.000762,76.981876,11.020762,77.001876,NULL
gmzn860336085,2022-04-02,23:50:00,23:55:00,23.354422,85.332900,23.464422,85.442900,NULL
gnag709279555,2022-02-14,20:50:00,20:55:00,0.000000,0.000000,0.130000,0.130000,NULL
gnfr678697548,2022-04-02,20:50:00,20:55:00,0.000000,0.000000,0.090000,0.090000,NULL
gngv207202756,2022-03-25,18:40:00,18:50:00,23.416792,85.316842,23.506792,85.406842,NULL
gngz100424879,2022-03-16,19:55:00,20:05:00,18.530963,73.828972,18.610963,73.908972,NULL
gnhz097229665,2022-03-28,18:00:00,18:05:00,12.323994,76.626167,12.373994,76.676167,NULL
gnku462753926,2022-03-31,18:55:00,19:05:00,22.732225,75.874765,22.812225,75.954765,NULL
gnky574209256,2022-03-31,17:10:00,17:20:00,21.170798,72.790489,21.240798,72.860489,NULL
gnlb541808038,2022-03-05,09:35:00,09:45:00,13.091809,80.219104,13.111809,80.239104,NULL
gnrr070939417,2022-02-18,21:50:00,22:00:00,19.888716,75.321461,19.978716,75.411461,NULL
gnss216007832,2022-04-06,23:35:00,23:40:00,0.000000,0.000000,0.080000,0.080000,NULL
gnul696660564,2022-04-01,13:25:00,13:35:00,21.149669,72.772629,21.189669,72.812629,NULL
gnvf677712813,2022-03-09,21:40:00,21:50:00,18.546258,73.904337,18.596258,73.954337,NULL
gnwd780242357,2022-02-14,18:50:00,18:55:00,0.000000,0.000000,0.130000,0.130000,NULL
gnxc542527652,2022-03-17,17:35:00,17:45:00,21.171060,72.789292,21.231060,72.849292,NULL
gnyn284941859,2022-03-19,10:25:00,10:30:00,23.374989,85.335486,23.394989,85.355486,NULL
gocm083111223,2022-03-24,20:15:00,20:30:00,12.934365,77.616155,12.984365,77.666155,NULL
goed355650156,2022-04-05,22:30:00,22:40:00,22.751234,75.889490,22.781234,75.919490,NULL
goek051823567,2022-04-06,20:00:00,20:15:00,26.902328,75.794257,27.012328,75.904257,NULL
gofn811648074,2022-03-29,21:40:00,21:45:00,12.323978,76.627961,12.453978,76.757961,NULL
gofx303477636,2022-03-20,23:15:00,23:20:00,18.994049,72.825203,19.064049,72.895203,NULL
gogt040760934,2022-04-04,23:15:00,23:30:00,22.310526,73.170937,22.400526,73.260937,NULL
gonj644909540,2022-02-13,20:20:00,20:35:00,19.875522,75.367127,19.925522,75.417127,NULL
gonx442529661,2022-03-12,17:25:00,17:30:00,19.120083,72.907385,19.230083,73.017385,NULL
gopn683041817,2022-02-18,22:45:00,23:00:00,19.866969,75.318894,19.976969,75.428894,NULL
goqa343235175,2022-02-14,22:20:00,22:30:00,15.516833,73.768172,15.586833,73.838172,NULL
gowk586721186,2022-02-15,20:00:00,20:10:00,19.866969,75.318894,19.926969,75.378894,NULL
gows615811290,2022-03-05,12:00:00,12:10:00,17.451976,78.385883,17.461976,78.395883,NULL
goxb548498216,2022-03-24,08:35:00,08:45:00,11.022477,76.995667,11.042477,77.015667,NULL
goym112724831,2022-03-27,17:30:00,17:35:00,19.103249,72.846749,19.173249,72.916749,NULL
gpak199348594,2022-03-28,19:35:00,19:40:00,26.892312,75.806896,26.922313,75.836896,NULL
gpcf705683166,2022-03-02,18:20:00,18:25:00,22.695207,75.866059,22.785207,75.956059,NULL
gpgj894296982,2022-02-14,18:45:00,18:55:00,9.979186,76.317361,10.049186,76.387361,NULL
gpgw045112006,2022-03-13,15:35:00,15:50:00,0.000000,0.000000,0.040000,0.040000,NULL
gpjj508150336,2022-02-13,20:15:00,20:25:00,15.493950,73.827423,15.523950,73.857423,NULL
gpmz679479522,2022-03-26,11:45:00,12:00:00,26.891191,75.802083,26.901191,75.812083,NULL
gpnn269410809,2022-03-27,17:45:00,17:50:00,18.530963,73.828972,18.660963,73.958972,NULL
gpog970757953,2022-03-12,19:30:00,19:35:00,22.695207,75.866059,22.775207,75.946059,NULL
gpqr735209358,2022-02-15,09:20:00,09:30:00,0.000000,0.000000,0.020000,0.020000,NULL
gprg857012179,2022-04-01,15:55:00,16:00:00,26.905287,75.794592,26.945287,75.834592,NULL
gptv935132751,2022-03-07,23:25:00,23:40:00,19.109300,72.825451,19.169300,72.885451,NULL
gpwj834408989,2022-02-13,09:25:00,09:40:00,30.895817,75.813112,30.905817,75.823112,NULL
gpza925526959,2022-03-01,17:20:00,17:25:00,26.905287,75.794592,26.955287,75.844592,NULL
gqbc730216222,2022-03-06,20:55:00,21:05:00,26.888420,75.800689,26.998420,75.910689,NULL
gqbu367833799,2022-04-04,17:25:00,17:30:00,17.410371,78.437225,17.520371,78.547225,NULL
gqce271536055,2022-02-16,21:50:00,22:00:00,23.232537,77.429845,23.312537,77.509845,NULL
gqcg026945779,2022-02-17,23:55:00,00:00:00,30.890184,75.829615,30.920184,75.859615,NULL
gqgt459562655,2022-03-26,14:10:00,14:25:00,26.891191,75.802083,26.931191,75.842083,NULL
gqje202539223,2022-03-31,19:30:00,19:45:00,21.173343,72.792731,21.243343,72.862731,NULL
gqka861371534,2022-04-05,23:55:00,00:00:00,12.970324,77.645748,13.030324,77.705748,NULL
gqlk178021358,2022-02-16,20:45:00,21:00:00,27.165108,78.015053,27.245108,78.095053,NULL
gqmy519792525,2022-03-12,21:55:00,22:05:00,26.905190,75.810753,26.975190,75.880753,NULL
gqpp385744047,2022-03-01,11:30:00,11:40:00,13.058616,80.264151,13.078616,80.284151,NULL
gqyt412008922,2022-03-29,18:15:00,18:25:00,12.934179,77.615797,13.044179,77.725797,NULL
gqzs051098424,2022-03-02,21:45:00,21:50:00,17.450851,78.379347,17.530851,78.459347,NULL
graj594710774,2022-02-18,18:50:00,18:55:00,27.195928,77.998092,27.265928,78.068092,NULL
grat323111837,2022-03-21,10:10:00,10:20:00,19.121999,72.908493,19.141999,72.928493,NULL
grbs182360449,2022-04-01,18:25:00,18:30:00,11.021278,76.995017,11.051278,77.025017,NULL
grbz022886678,2022-03-03,13:10:00,13:20:00,18.569156,73.774723,18.609156,73.814723,NULL
grik774805783,2022-03-13,08:55:00,09:05:00,12.311072,76.654878,12.321072,76.664878,NULL
griq568538346,2022-03-15,18:35:00,18:40:00,13.044694,80.261470,13.104694,80.321470,NULL
grjg333459844,2022-03-14,20:25:00,20:40:00,12.975377,77.696664,13.055377,77.776664,NULL
grjo664057875,2022-02-15,11:35:00,11:40:00,19.875522,75.367127,19.895522,75.387127,NULL
grkb160904833,2022-02-15,10:15:00,10:25:00,30.902872,75.826808,30.922872,75.846808,NULL
grmy080592497,2022-03-04,18:30:00,18:35:00,22.732225,75.874765,22.862225,76.004765,NULL
grpm931226412,2022-03-08,17:35:00,17:45:00,13.066762,80.251865,13.196762,80.381865,NULL
grri602369047,2022-03-13,20:10:00,20:25:00,21.175104,72.804342,21.205104,72.834342,NULL
grrj131647840,2022-03-25,20:10:00,20:25:00,17.438263,78.397865,17.568263,78.527865,NULL
grsn283341917,2022-04-04,21:50:00,21:55:00,13.029780,80.208812,13.139780,80.318812,NULL
grsq278292648,2022-04-06,23:20:00,23:30:00,11.003008,76.975440,11.073009,77.045440,NULL
grsx541126578,2022-04-01,09:35:00,09:50:00,22.312790,73.170283,22.322790,73.180283,NULL
grub684768543,2022-03-01,09:20:00,09:25:00,12.297954,76.665169,12.307954,76.675169,NULL
grun475135243,2022-03-13,13:40:00,13:55:00,21.186438,72.794115,21.226438,72.834115,NULL
grun949827686,2022-04-03,19:45:00,20:00:00,0.000000,0.000000,0.060000,0.060000,NULL
gryh670803978,2022-03-23,22:15:00,22:30:00,21.186438,72.794115,21.296438,72.904115,NULL
gryt222046249,2022-03-27,17:10:00,17:15:00,0.000000,0.000000,0.090000,0.090000,NULL
gsdr917625667,2022-03-26,21:35:00,21:45:00,22.761593,75.886362,22.811593,75.936362,NULL
gsiu407848958,2022-03-07,09:30:00,09:45:00,17.455894,78.375467,17.475894,78.395467,NULL
gsjz313680509,2022-03-29,23:00:00,23:05:00,17.422819,78.449578,17.512819,78.539578,NULL
gskt628865741,2022-03-27,22:45:00,22:50:00,23.354422,85.332900,23.424422,85.402900,NULL
gsoc818610789,2022-03-14,18:00:00,18:10:00,18.516216,73.842527,18.606216,73.932527,NULL
gsqo634184971,2022-03-26,20:35:00,20:40:00,13.005801,80.250744,13.035801,80.280744,NULL
gsrg157617382,2022-03-30,12:35:00,12:45:00,13.081878,80.248519,13.121878,80.288519,NULL
gssq657721467,2022-03-08,22:50:00,23:00:00,12.979166,77.640709,13.059166,77.720709,NULL
gssy057844321,2022-03-09,10:45:00,10:55:00,23.374878,85.335739,23.384878,85.345739,NULL
gstt520828449,2022-04-02,22:55:00,23:05:00,19.003517,72.827650,19.133517,72.957650,NULL
gsvz835554553,2022-03-11,09:30:00,09:40:00,22.695207,75.866059,22.705207,75.876059,NULL
gsxp713225103,2022-03-23,21:15:00,21:30:00,22.732225,75.874765,22.842225,75.984765,NULL
gsyq820576590,2022-03-27,18:35:00,18:50:00,18.543626,73.905101,18.613626,73.975101,NULL
gszu767597131,2022-03-10,20:50:00,20:55:00,21.186608,72.794136,21.266608,72.874136,NULL
gtba871485612,2022-02-13,13:25:00,13:30:00,22.549100,88.400467,22.589100,88.440467,NULL
gtbm716431183,2022-04-06,22:45:00,22:50:00,12.980410,77.640489,13.090410,77.750489,NULL
gtcx105840313,2022-03-29,21:15:00,21:20:00,26.905287,75.794592,26.985287,75.874592,NULL
gtgl343800725,2022-03-23,21:55:00,22:10:00,21.175104,72.804342,21.285104,72.914342,NULL
gthi298779435,2022-03-26,09:15:00,09:25:00,11.008638,76.984311,11.028638,77.004311,NULL
gtio798069207,2022-04-02,21:35:00,21:45:00,10.961850,76.971082,11.091850,77.101082,NULL
gtjh947797902,2022-03-07,11:25:00,11:35:00,0.000000,0.000000,0.020000,0.020000,NULL
gtkh171935869,2022-03-05,10:55:00,11:05:00,22.307898,73.167788,22.327898,73.187788,NULL
gtkk942777557,2022-03-27,17:50:00,18:05:00,19.003517,72.827650,19.083517,72.907650,NULL
gtmc763426867,2022-03-25,20:30:00,20:35:00,23.359194,85.325447,23.489194,85.455447,NULL
gtnn003145161,2022-03-16,20:00:00,20:15:00,22.311358,73.164798,22.441358,73.294798,NULL
gtpq528213779,2022-03-05,20:35:00,20:50:00,19.055831,72.833984,19.105831,72.883984,NULL
gtqm466367978,2022-03-30,17:35:00,17:40:00,22.728163,75.884212,22.778163,75.934212,NULL
gtsx085215350,2022-03-21,11:10:00,11:25:00,21.185047,72.808590,21.195047,72.818590,NULL
gtuo854736150,2022-03-24,09:10:00,09:20:00,22.732225,75.874765,22.742225,75.884765,NULL
gtvm381235972,2022-03-11,16:45:00,16:55:00,17.433809,78.386744,17.473809,78.426744,NULL
gtxl095515396,2022-02-18,17:30:00,17:40:00,30.335259,78.053162,30.445259,78.163162,NULL
gtzi754341330,2022-03-28,08:10:00,08:20:00,26.902940,75.793007,26.922940,75.813007,NULL
gtzj875717503,2022-03-31,19:10:00,19:15:00,21.173343,72.792731,21.263343,72.882731,NULL
gtzp810969167,2022-04-01,23:30:00,23:45:00,13.029198,77.570997,13.089198,77.630997,NULL
gucn242428677,2022-03-19,19:15:00,19:20:00,12.337978,76.616792,12.367978,76.646792,NULL
gude651083220,2022-04-04,17:50:00,18:00:00,26.913483,75.803139,27.003483,75.893139,NULL
gudp623639049,2022-03-07,10:10:00,10:20:00,12.972532,77.608179,12.982532,77.618179,NULL
guen057275269,2022-04-01,21:30:00,21:45:00,13.027018,80.254791,13.057018,80.284791,NULL
gufl273534513,2022-03-18,22:00:00,22:10:00,17.431477,78.400350,17.541477,78.510350,NULL
guht709314264,2022-03-26,14:40:00,14:45:00,12.304569,76.643622,12.344569,76.683622,NULL
guiq703051827,2022-02-17,08:50:00,08:55:00,9.991703,76.293136,10.011703,76.313136,NULL
gukk062915385,2022-02-17,21:25:00,21:30:00,27.157772,78.047250,27.187772,78.077250,NULL
gumx574487289,2022-02-15,15:20:00,15:35:00,-15.157944,73.950889,15.197944,73.990889,NULL
gupc192368064,2022-02-14,23:15:00,23:30:00,0.000000,0.000000,0.110000,0.110000,NULL
guqk888027355,2022-03-01,21:20:00,21:30:00,13.022394,80.242439,13.052394,80.272439,NULL
guwf556346241,2022-03-24,16:10:00,16:20:00,19.178321,72.834715,19.218321,72.874715,NULL
gvad358909573,2022-04-02,18:35:00,18:45:00,10.961850,76.971082,11.041850,77.051082,NULL
gvdl679507974,2022-03-08,19:15:00,19:20:00,22.308096,73.167753,22.438096,73.297753,NULL
gvea147758996,2022-03-27,22:35:00,22:50:00,21.175975,72.795503,21.255975,72.875503,NULL
gvfp501936727,2022-03-16,22:50:00,23:00:00,26.892312,75.806896,27.022313,75.936896,NULL
gvgb114251680,2022-04-05,08:15:00,08:25:00,22.745049,75.892471,22.755049,75.902471,NULL
gvhj142107527,2022-03-01,22:00:00,22:05:00,11.000762,76.981876,11.030762,77.011876,NULL
gvjx942268592,2022-03-07,10:35:00,10:45:00,12.978453,77.643685,12.998453,77.663685,NULL
gvky658966212,2022-03-25,18:00:00,18:10:00,18.927584,72.832585,19.007584,72.912585,NULL
gvmk881645073,2022-03-27,20:35:00,20:40:00,17.428294,78.404423,17.558294,78.534423,NULL
gvoc220746028,2022-03-29,20:20:00,20:30:00,22.725748,75.898497,22.835748,76.008497,NULL
gvok291935224,2022-03-05,12:35:00,12:40:00,17.412330,78.449654,17.452330,78.489654,NULL
gvqr617061022,2022-02-15,00:00:00,00:10:00,26.492106,80.327797,26.542106,80.377797,NULL
gvwx078474047,2022-03-04,21:50:00,22:00:00,23.359407,85.325055,23.469407,85.435055,NULL
gwad779865946,2022-03-16,19:10:00,19:15:00,19.103249,72.846749,19.193249,72.936749,NULL
gwjj773958778,2022-03-29,19:20:00,19:30:00,23.355164,85.324097,23.485164,85.454097,NULL
gwjw511903123,2022-03-26,08:25:00,08:30:00,0.000000,0.000000,0.010000,0.010000,NULL
gwle454444628,2022-03-30,22:55:00,23:00:00,22.311358,73.164798,22.341358,73.194798,NULL
gwlw388277526,2022-03-07,09:00:00,09:15:00,12.979096,77.640625,12.999096,77.660625,NULL
gwnt537190370,2022-03-17,11:20:00,11:30:00,11.008638,76.984311,11.028638,77.004311,NULL
gwog585139048,2022-03-31,23:25:00,23:35:00,11.026117,76.944652,11.116117,77.034652,NULL
gwqt395495877,2022-03-20,18:30:00,18:45:00,19.109300,72.825451,19.219300,72.935451,NULL
gwry114813582,2022-03-31,21:20:00,21:25:00,10.961850,76.971082,11.071850,77.081082,NULL
gwsn039100496,2022-03-02,21:00:00,21:10:00,26.891191,75.802083,27.001191,75.912083,NULL
gwug991841752,2022-04-02,23:55:00,00:00:00,11.003008,76.975440,11.093008,77.065440,NULL
gwzn250204054,2022-03-24,10:25:00,10:30:00,13.058616,80.264151,13.078616,80.284151,NULL
gxan859732316,2022-02-17,11:20:00,11:35:00,22.547186,88.350680,22.567186,88.370680,NULL
gxcd724398695,2022-03-06,19:00:00,19:10:00,12.934179,77.615797,13.024179,77.705797,NULL
gxdl555820915,2022-02-11,18:15:00,18:30:00,25.451646,81.832796,25.511646,81.892796,NULL
gxhg760444447,2022-02-11,22:40:00,22:45:00,30.362686,78.068890,30.392686,78.098890,NULL
gxnv247389344,2022-03-19,09:30:00,09:45:00,22.310329,73.169083,22.320329,73.179083,NULL
gxqj833336323,2022-03-07,16:35:00,16:50:00,23.371292,85.327872,23.411292,85.367872,NULL
gxql851062324,2022-03-19,15:30:00,15:45:00,12.299524,76.642620,12.339524,76.682620,NULL
gxrp128769868,2022-04-03,22:40:00,22:50:00,13.005801,80.250744,13.035801,80.280744,NULL
gxuq432207721,2022-03-03,23:50:00,00:00:00,12.975377,77.696664,13.035377,77.756664,NULL
gxyc978944836,2022-03-23,23:00:00,23:05:00,21.149569,72.772697,21.279569,72.902697,NULL
gxzt429483765,2022-02-14,17:30:00,17:35:00,30.332735,78.054222,30.412735,78.134222,NULL
gycd207308146,2022-03-24,23:10:00,23:15:00,12.939496,77.625999,12.989496,77.675999,NULL
gyci011992654,2022-04-06,23:10:00,23:15:00,12.975377,77.696664,13.065377,77.786664,NULL
gyjc869072111,2022-02-15,12:45:00,12:50:00,15.569600,73.742294,15.609600,73.782294,NULL
gyng727624223,2022-03-26,21:30:00,21:35:00,12.308500,76.665808,12.358500,76.715808,NULL
gyoa564347102,2022-02-12,22:30:00,22:35:00,22.514585,88.393310,22.604585,88.483310,NULL
gyrn069708239,2022-03-28,12:00:00,12:15:00,0.000000,0.000000,0.020000,0.020000,NULL
gytm420410606,2022-03-04,18:10:00,18:20:00,13.054347,80.257221,13.144347,80.347221,NULL
gyvm380029078,2022-03-20,17:10:00,17:20:00,11.025083,77.015393,11.105083,77.095393,NULL
gywe614761247,2022-02-12,17:15:00,17:20:00,30.366322,78.070453,30.456322,78.160453,NULL
gywi501076304,2022-02-14,19:10:00,19:20:00,19.876106,75.340775,19.946106,75.410775,NULL
gyxe336866683,2022-02-13,17:10:00,17:15:00,22.526461,88.364453,22.576461,88.414453,NULL
gyxw898561903,2022-03-08,20:50:00,21:00:00,12.310972,76.659264,12.380972,76.729264,NULL
gzdg083282018,2022-03-29,22:10:00,22:25:00,17.459710,78.368855,17.549710,78.458855,NULL
gzdo509306528,2022-03-01,18:25:00,18:35:00,0.000000,0.000000,0.030000,0.030000,NULL
gzec046877329,2022-03-08,22:40:00,22:55:00,26.921411,75.793604,27.001411,75.873604,NULL
gzeu782274018,2022-03-19,11:35:00,11:45:00,23.359407,85.325055,23.369407,85.335055,NULL
gzfn634029300,2022-03-16,21:20:00,21:35:00,12.934179,77.615797,13.024179,77.705797,NULL
gzfr963529858,2022-04-01,21:30:00,21:35:00,22.311603,73.165012,22.341603,73.195012,NULL
gzhs999389838,2022-03-31,19:00:00,19:10:00,26.911927,75.797282,27.001927,75.887282,NULL
gzkt691017226,2022-03-29,18:00:00,18:15:00,18.516216,73.842527,18.626216,73.952527,NULL
gzll762252084,2022-03-01,11:45:00,12:00:00,18.536562,73.896485,18.546562,73.906485,NULL
gzng268964019,2022-03-31,19:10:00,19:15:00,17.431477,78.400350,17.541477,78.510350,NULL
gznn468589558,2022-03-25,00:00:00,00:05:00,26.891191,75.802083,26.971191,75.882083,NULL
gzof121793997,2022-03-12,18:15:00,18:25:00,21.175104,72.804342,21.285104,72.914342,NULL
gzoi549350638,2022-03-28,13:00:00,13:05:00,22.745049,75.892471,22.785049,75.932471,NULL
gzsz846992802,2022-02-14,19:55:00,20:00:00,0.000000,0.000000,0.080000,0.080000,NULL
gzte494185744,2022-03-03,13:30:00,13:45:00,11.025083,77.015393,11.065083,77.055393,NULL
gztk555796419,2022-03-13,10:20:00,10:25:00,19.103249,72.846749,19.123249,72.866749,NULL
gztw943676169,2022-03-21,13:25:00,13:40:00,23.355164,85.324097,23.395164,85.364097,NULL
gzxa417115064,2022-04-03,16:55:00,17:05:00,12.933298,77.614293,12.973298,77.654293,NULL
gzxz130283478,2022-03-30,11:25:00,11:35:00,12.299524,76.642620,12.319524,76.662620,NULL
gzxz699763929,2022-02-15,17:30:00,17:40:00,22.553227,88.353273,22.583227,88.383273,NULL
gzzm232598599,2022-02-17,19:40:00,19:55:00,22.549100,88.400467,22.609100,88.460467,NULL
hais019380783,2022-03-29,22:50:00,23:05:00,18.562450,73.916619,18.652450,74.006619,NULL
hajl164090119,2022-02-11,18:50:00,19:00:00,23.230791,77.437020,23.260791,77.467020,NULL
hals883338488,2022-02-14,23:45:00,00:00:00,25.457116,81.859682,25.597116,81.999682,NULL
hamp966149346,2022-03-10,23:20:00,23:35:00,21.157735,72.768778,21.267735,72.878778,NULL
hamx365036358,2022-03-24,18:45:00,18:50:00,13.045479,80.233110,13.095479,80.283110,NULL
hanr000190230,2022-03-18,20:10:00,20:15:00,12.334022,76.618203,12.414022,76.698203,NULL
haog800428431,2022-03-19,20:45:00,21:00:00,21.185047,72.808590,21.235047,72.858590,NULL
hauz660095223,2022-02-14,20:30:00,20:45:00,27.160934,78.044095,27.240934,78.124095,NULL
haxa081850079,2022-03-16,20:00:00,20:10:00,26.913726,75.752820,27.003726,75.842821,NULL
hazk928915359,2022-04-06,22:45:00,22:50:00,12.986047,80.218114,13.116047,80.348114,NULL
hazr841924429,2022-02-11,22:45:00,22:55:00,15.157944,73.950889,15.217944,74.010889,NULL
hbca198009088,2022-04-01,23:20:00,23:35:00,11.025083,77.015393,11.085083,77.075393,NULL
hbcq500251007,2022-03-09,08:35:00,08:50:00,21.186884,72.793616,21.196884,72.803616,NULL
hbdf372141578,2022-03-09,09:50:00,10:05:00,12.949934,77.699386,12.959934,77.709386,NULL
hbdw113555750,2022-03-21,18:30:00,18:35:00,26.902940,75.793007,26.932940,75.823007,NULL
hbjg193447472,2022-03-02,17:15:00,17:30:00,17.429585,78.392621,17.559585,78.522621,NULL
hbjn630928381,2022-03-09,10:00:00,10:05:00,12.986047,80.218114,13.006047,80.238114,NULL
hbkb355349024,2022-03-11,08:55:00,09:10:00,18.546258,73.904337,18.556258,73.914337,NULL
hbnk213579550,2022-03-03,19:50:00,19:55:00,22.310526,73.170937,22.360526,73.220937,NULL
hbof032416631,2022-04-01,08:55:00,09:05:00,12.978453,77.643685,12.998453,77.663685,NULL
hbra799542166,2022-02-18,19:25:00,19:35:00,30.899584,75.809346,30.989584,75.899346,NULL
hbvh297230525,2022-03-17,16:40:00,16:45:00,12.334022,76.618203,12.374022,76.658203,NULL
hbzq241462038,2022-03-02,17:50:00,18:00:00,22.725835,75.887648,22.855835,76.017648,NULL
hcae709275915,2022-03-13,20:50:00,20:55:00,12.316967,76.603067,12.376967,76.663067,NULL
hcaw009341574,2022-03-14,21:10:00,21:15:00,13.005801,80.250744,13.075801,80.320744,NULL
hcbi282824752,2022-03-24,08:15:00,08:25:00,22.750040,75.902847,22.760040,75.912847,NULL
hchd833872856,2022-03-15,22:25:00,22:40:00,21.185047,72.808590,21.215047,72.838590,NULL
hchf724621040,2022-03-05,23:15:00,23:30:00,0.000000,0.000000,0.050000,0.050000,NULL
hcit845887647,2022-03-04,23:15:00,23:30:00,21.175975,72.795503,21.305975,72.925503,NULL
hckj172341931,2022-03-21,19:30:00,19:35:00,17.431477,78.400350,17.491477,78.460350,NULL
hclw249582481,2022-03-31,17:30:00,17:35:00,26.846156,75.802300,26.916156,75.872300,NULL
hcno407153953,2022-03-03,21:55:00,22:10:00,18.516216,73.842527,18.566216,73.892527,NULL
hcnq568733342,2022-03-04,22:35:00,22:50:00,26.902328,75.794257,27.012328,75.904257,NULL
hcpr944440238,2022-03-02,23:10:00,23:20:00,22.750040,75.902847,22.860040,76.012847,NULL
hcqq305501994,2022-03-25,20:20:00,20:25:00,17.483216,78.552111,17.613216,78.682111,NULL
hcrr363517053,2022-02-13,23:25:00,23:35:00,15.303897,73.914336,15.353897,73.964336,NULL
hcsi141205024,2022-03-15,21:10:00,21:20:00,12.933284,77.615428,12.963284,77.645428,NULL
hcsn924394617,2022-03-28,12:15:00,12:30:00,11.006686,76.951736,11.046686,76.991736,NULL
hcui829983509,2022-03-07,09:55:00,10:10:00,22.312790,73.170283,22.322790,73.180283,NULL
hcun762076064,2022-03-21,10:40:00,10:45:00,13.064181,80.236442,13.084181,80.256442,NULL
hcve209019281,2022-02-11,09:10:00,09:15:00,0.000000,0.000000,0.010000,0.010000,NULL
hcvv352266513,2022-03-31,19:10:00,19:25:00,11.021278,76.995017,11.101278,77.075017,NULL
hdam744779861,2022-03-26,17:30:00,17:45:00,18.927584,72.832585,18.957584,72.862585,NULL
hdce688458513,2022-03-19,22:55:00,23:00:00,23.374989,85.335486,23.404989,85.365486,NULL
hdcr696265396,2022-02-13,11:00:00,11:15:00,27.159795,78.042990,27.179795,78.062990,NULL
hdes004386434,2022-03-20,19:00:00,19:05:00,22.745536,75.893106,22.825536,75.973106,NULL
hdgi344002220,2022-03-18,23:45:00,23:55:00,0.000000,0.000000,0.080000,0.080000,NULL
hdhh038418965,2022-03-09,15:00:00,15:15:00,23.333017,85.317200,23.373017,85.357200,NULL
hdkj460715013,2022-03-10,22:55:00,23:10:00,19.103249,72.846749,19.213249,72.956749,NULL
hdkm906483555,2022-04-03,10:25:00,10:40:00,17.455894,78.375467,17.475894,78.395467,NULL
hdon133134619,2022-03-03,13:30:00,13:35:00,18.539299,73.897902,18.579299,73.937902,NULL
hdph046558197,2022-03-26,08:40:00,08:45:00,23.399250,85.390464,23.419250,85.410464,NULL
hdro228628200,2022-02-11,21:00:00,21:10:00,19.874733,75.353942,19.924733,75.403942,NULL
hdrw273058143,2022-04-06,18:20:00,18:30:00,0.000000,0.000000,0.080000,0.080000,NULL
hdtm582802782,2022-03-03,20:15:00,20:20:00,11.022477,76.995667,11.052477,77.025667,NULL
hdug840483687,2022-03-12,17:40:00,17:45:00,0.000000,0.000000,0.110000,0.110000,NULL
hdwo796281086,2022-03-03,08:45:00,09:00:00,19.223840,72.841347,19.233840,72.851347,NULL
hdws539061571,2022-03-10,22:50:00,23:05:00,12.334022,76.618203,12.424022,76.708203,NULL
hebq671201151,2022-03-13,18:00:00,18:10:00,22.745536,75.893106,22.805536,75.953106,NULL
heer693295769,2022-03-23,22:50:00,23:05:00,21.186884,72.793616,21.296884,72.903616,NULL
hejr248127514,2022-03-15,20:25:00,20:35:00,22.651847,75.881991,22.701847,75.931991,NULL
hejz533304800,2022-03-30,08:50:00,09:05:00,19.254567,72.848923,19.274567,72.868923,NULL
heke604150121,2022-03-16,17:10:00,17:15:00,22.753659,75.903365,22.883659,76.033365,NULL
hekk589802389,2022-02-16,17:10:00,17:25:00,30.905562,75.832841,30.985562,75.912841,NULL
hemq028077224,2022-03-27,17:45:00,18:00:00,18.994237,72.825553,19.104237,72.935553,NULL
heqo027995162,2022-03-18,18:10:00,18:15:00,23.357804,85.325146,23.427804,85.395146,NULL
herd015397721,2022-03-09,10:45:00,10:55:00,0.000000,0.000000,0.010000,0.010000,NULL
hevb265031822,2022-03-08,19:00:00,19:15:00,12.311072,76.654878,12.381072,76.724878,NULL
hffq807778110,2022-02-14,21:10:00,21:20:00,19.876219,75.346017,19.966219,75.436017,NULL
hffr635571666,2022-03-30,16:30:00,16:45:00,26.905287,75.794592,26.945287,75.834592,NULL
hfhp615114180,2022-03-02,17:25:00,17:30:00,12.316967,76.603067,12.426967,76.713067,NULL
hfjo516000422,2022-04-03,16:55:00,17:00:00,26.849596,75.800512,26.889596,75.840512,NULL
hfma836778568,2022-03-30,20:20:00,20:30:00,21.149834,72.778666,21.209834,72.838666,NULL
hfnv499191345,2022-03-04,19:00:00,19:10:00,0.000000,0.000000,0.130000,0.130000,NULL
hfse980660851,2022-03-09,09:40:00,09:50:00,12.906229,77.596791,12.916229,77.606791,NULL
hfyi856234576,2022-03-27,17:35:00,17:50:00,23.353783,85.326967,23.443783,85.416967,NULL
hgch149561621,2022-03-17,09:15:00,09:20:00,11.026117,76.944652,11.036117,76.954652,NULL
hgdf817494210,2022-02-16,18:00:00,18:05:00,10.003064,76.307589,10.083064,76.387589,NULL
hgdk558819339,2022-03-24,15:50:00,16:00:00,12.975996,80.221898,13.015996,80.261898,NULL
hgfk101373067,2022-04-04,20:30:00,20:40:00,18.514210,73.838429,18.604210,73.928429,NULL
hgfm015195463,2022-04-01,17:25:00,17:30:00,12.337978,76.616792,12.367978,76.646792,NULL
hghb685232022,2022-04-05,13:35:00,13:50:00,12.325461,76.632278,12.365461,76.672278,NULL
hgkl990804528,2022-03-07,19:50:00,20:00:00,19.103249,72.846749,19.163249,72.906749,NULL
hglz306909392,2022-03-05,15:10:00,15:25:00,10.961850,76.971082,11.001850,77.011082,NULL
hgnv075721858,2022-03-25,18:10:00,18:25:00,22.725835,75.887648,22.855835,76.017648,NULL
hgqd672005050,2022-04-04,21:40:00,21:50:00,11.000762,76.981876,11.090762,77.071876,NULL
hgqe160344898,2022-03-17,11:50:00,11:55:00,17.459710,78.368855,17.479710,78.388855,NULL
hgql282542665,2022-03-11,10:10:00,10:20:00,22.744648,75.894377,22.764648,75.914377,NULL
hgvp189522861,2022-03-07,10:20:00,10:35:00,23.399250,85.390464,23.409250,85.400464,NULL
hgxd621773551,2022-03-01,19:35:00,19:50:00,17.431477,78.400350,17.481477,78.450350,NULL
hgxw045232200,2022-03-21,11:30:00,11:40:00,18.593481,73.785901,18.603481,73.795901,NULL
hgyf140479297,2022-04-03,09:25:00,09:30:00,22.310526,73.170937,22.320526,73.180937,NULL
hgze187877036,2022-03-10,18:55:00,19:05:00,17.431477,78.400350,17.541477,78.510350,NULL
hhbg798387258,2022-03-28,20:30:00,20:35:00,17.459710,78.368855,17.519710,78.428855,NULL
hhem665543827,2022-02-11,18:00:00,18:15:00,0.000000,0.000000,0.030000,0.030000,NULL
hhhl091870896,2022-03-19,09:50:00,09:55:00,12.308500,76.665808,12.318500,76.675808,NULL
hhkl057857172,2022-03-28,11:30:00,11:45:00,10.994136,76.963303,11.014136,76.983303,NULL
hhne890850947,2022-03-01,08:40:00,08:55:00,12.981615,80.231598,13.001615,80.251598,NULL
hhpq003045026,2022-04-04,22:35:00,22:40:00,17.433809,78.386744,17.523809,78.476744,NULL
hhqz133129850,2022-04-01,13:50:00,14:05:00,22.745536,75.893106,22.785536,75.933106,NULL
hhrx436596261,2022-04-05,08:45:00,08:55:00,11.001852,76.976268,11.011852,76.986268,NULL
hhsh454725855,2022-03-30,09:30:00,09:45:00,21.186608,72.794136,21.196608,72.804136,NULL
hhtf577570456,2022-03-21,21:10:00,21:25:00,19.120083,72.907385,19.150083,72.937385,NULL
hhuz930837859,2022-04-04,22:35:00,22:40:00,26.911378,75.789034,27.041378,75.919034,NULL
hhye219019214,2022-03-27,21:35:00,21:50:00,26.892312,75.806896,27.002312,75.916896,NULL
hhys696702224,2022-03-25,18:00:00,18:15:00,22.311358,73.164798,22.391358,73.244798,NULL
hibb670568838,2022-03-27,23:20:00,23:25:00,10.994136,76.963303,11.084136,77.053303,NULL
hidy261467651,2022-02-17,18:15:00,18:30:00,23.233219,77.433571,23.293219,77.493571,NULL
hiit119451253,2022-04-05,20:20:00,20:35:00,18.563934,73.915367,18.613934,73.965367,NULL
hiit965487320,2022-04-03,09:35:00,09:40:00,12.975377,77.696664,12.985377,77.706664,NULL
hija965784166,2022-04-03,12:25:00,12:40:00,18.543626,73.905101,18.583626,73.945101,NULL
hikf286518789,2022-03-24,23:10:00,23:15:00,23.351058,85.325731,23.411058,85.385731,NULL
hikk696658922,2022-03-15,20:55:00,21:10:00,17.431668,78.408321,17.461668,78.438321,NULL
hioa299097863,2022-03-04,19:50:00,20:00:00,21.149569,72.772697,21.259569,72.882697,NULL
hisz059949672,2022-03-13,09:40:00,09:45:00,11.003681,76.975525,11.013681,76.985525,NULL
hitb222861066,2022-03-20,23:40:00,23:45:00,23.353783,85.326967,23.423783,85.396967,NULL
hizl523470664,2022-03-25,20:50:00,20:55:00,12.310972,76.659264,12.420972,76.769264,NULL
hjac382288886,2022-04-04,19:30:00,19:45:00,12.323978,76.627961,12.433978,76.737961,NULL
hjcc913062489,2022-03-05,20:25:00,20:30:00,23.369746,85.339820,23.429746,85.399820,NULL
hjeg844632524,2022-03-26,08:40:00,08:50:00,23.359033,85.325347,23.379033,85.345347,NULL
hjiq910756383,2022-03-14,22:10:00,22:20:00,12.981615,80.231598,13.111615,80.361598,NULL
hjje440881295,2022-03-01,18:50:00,19:05:00,11.010375,76.952950,11.060375,77.002950,NULL
hjka148515147,2022-03-11,16:45:00,17:00:00,22.311603,73.165012,22.351603,73.205012,NULL
hjke425912504,2022-03-05,20:15:00,20:30:00,12.972532,77.608179,13.032532,77.668179,NULL
hjkr490008478,2022-03-21,10:15:00,10:25:00,12.981615,80.231598,13.001615,80.251598,NULL
hjkz616768906,2022-03-21,23:40:00,23:45:00,26.849596,75.800512,26.879596,75.830512,NULL
hjma048836825,2022-02-16,19:15:00,19:25:00,27.195928,77.998092,27.325928,78.128092,NULL
hjrh158531364,2022-03-09,20:20:00,20:25:00,11.025083,77.015393,11.055083,77.045393,NULL
hjsu301973901,2022-02-17,10:00:00,10:15:00,25.453436,81.833167,25.463436,81.843167,NULL
hjvt614337681,2022-03-09,22:45:00,23:00:00,0.000000,0.000000,0.030000,0.030000,NULL
hjxt739817218,2022-04-06,21:55:00,22:00:00,17.429585,78.392621,17.539585,78.502621,NULL
hjze791297815,2022-03-01,19:10:00,19:15:00,17.412330,78.449654,17.462330,78.499654,NULL
hkba780132159,2022-03-15,13:45:00,13:55:00,12.352058,76.606650,12.392058,76.646650,NULL
hkej902332178,2022-02-11,12:35:00,12:40:00,0.000000,0.000000,0.040000,0.040000,NULL
hkhr527713384,2022-02-17,11:25:00,11:35:00,9.966783,76.242981,9.986783,76.262981,NULL
hkib610938334,2022-03-30,12:00:00,12:15:00,22.745536,75.893106,22.755536,75.903106,NULL
hkit681446136,2022-03-14,23:45:00,23:50:00,21.175104,72.804342,21.255104,72.884342,NULL
hkla765060049,2022-03-19,16:15:00,16:25:00,18.551440,73.804855,18.591440,73.844855,NULL
hkld977435430,2022-02-17,11:10:00,11:25:00,27.159795,78.042990,27.169795,78.052990,NULL
hkle685707911,2022-03-18,21:40:00,21:55:00,21.185047,72.808590,21.265047,72.888590,NULL
hkom894797717,2022-03-04,20:35:00,20:45:00,11.000762,76.981876,11.080762,77.061876,NULL
hkso195378865,2022-03-20,18:40:00,18:45:00,11.006686,76.951736,11.086686,77.031736,NULL
hkst481641630,2022-03-11,08:30:00,08:45:00,23.374878,85.335739,23.384878,85.345739,NULL
hkvl706613233,2022-03-19,12:55:00,13:10:00,21.175975,72.795503,21.215975,72.835503,NULL
hkvo254272854,2022-04-05,10:45:00,10:50:00,19.065838,72.832658,19.075838,72.842658,NULL
hkyz549038923,2022-03-14,19:15:00,19:25:00,17.424114,78.347554,17.494114,78.417554,NULL
hlbz152445957,2022-04-02,17:10:00,17:20:00,22.727021,75.884167,22.797021,75.954167,NULL
hldc098345977,2022-03-12,20:20:00,20:35:00,19.003517,72.827650,19.083517,72.907650,NULL
hleg421440611,2022-02-17,19:50:00,20:00:00,23.214294,77.435361,23.264294,77.485361,NULL
hlfd132873557,2022-02-18,17:30:00,17:40:00,9.957144,76.296783,10.047144,76.386783,NULL
hlfh195917764,2022-03-10,19:30:00,19:45:00,10.961850,76.971082,11.071850,77.081082,NULL
hlgd324536668,2022-03-08,21:50:00,22:00:00,0.000000,0.000000,0.090000,0.090000,NULL
hlgm600155379,2022-02-16,18:25:00,18:40:00,15.303897,73.914336,15.393897,74.004336,NULL
hlhe171627722,2022-03-24,22:20:00,22:35:00,21.183434,72.814492,21.233434,72.864492,NULL
hlhz858794989,2022-03-09,21:00:00,21:10:00,23.359033,85.325347,23.409033,85.375347,NULL
hllu627872258,2022-03-21,17:50:00,18:05:00,0.000000,0.000000,0.060000,0.060000,NULL
hlqk500810319,2022-03-26,12:45:00,13:00:00,23.374878,85.335739,23.414878,85.375739,NULL
hlro883274167,2022-02-16,21:00:00,21:15:00,22.553227,88.353273,22.623227,88.423273,NULL
hlsj144272347,2022-02-16,21:25:00,21:40:00,25.454697,81.834492,25.544697,81.924492,NULL
hmab111231362,2022-03-03,20:40:00,20:50:00,12.914264,77.678400,12.944264,77.708400,NULL
hmcq388046461,2022-03-10,17:45:00,17:50:00,19.221315,72.862381,19.351315,72.992381,NULL
hmju318251956,2022-03-21,15:10:00,15:20:00,11.010375,76.952950,11.050375,76.992950,NULL
hmlb165819289,2022-03-10,22:40:00,22:55:00,17.424114,78.347554,17.494114,78.417554,NULL
hmle194086531,2022-03-29,23:00:00,23:10:00,19.176269,72.836721,19.246269,72.906721,NULL
hmrk798829061,2022-03-06,22:55:00,23:00:00,12.913041,77.683237,13.043041,77.813237,NULL
hmth910018780,2022-03-26,17:30:00,17:45:00,19.176269,72.836721,19.236269,72.896721,NULL
hmwc589337521,2022-03-19,10:10:00,10:25:00,17.411028,78.329645,17.431028,78.349645,NULL
hmyy650826340,2022-03-26,23:30:00,23:35:00,12.326356,76.619103,12.386356,76.679103,NULL
hmzk787887081,2022-03-03,12:00:00,12:10:00,11.006686,76.951736,11.026686,76.971736,NULL
hmzn236280725,2022-03-05,13:55:00,14:10:00,0.000000,0.000000,0.040000,0.040000,NULL
hnda340380881,2022-03-04,19:45:00,19:50:00,12.975377,77.696664,13.045377,77.766664,NULL
hndb275181478,2022-02-11,21:40:00,21:55:00,0.000000,0.000000,0.050000,0.050000,NULL
hngc559167558,2022-03-07,10:00:00,10:10:00,11.003669,76.976494,11.013669,76.986494,NULL
hnha006399231,2022-02-11,18:30:00,18:45:00,23.266261,77.379605,23.316261,77.429605,NULL
hnhg555883986,2022-03-19,19:55:00,20:00:00,22.311603,73.165012,22.341603,73.195012,NULL
hnja277016386,2022-03-19,18:00:00,18:15:00,13.091809,80.219104,13.141809,80.269104,NULL
hnjo398339475,2022-03-24,10:15:00,10:30:00,22.751857,75.866699,22.761857,75.876699,NULL
hnme204254454,2022-02-16,23:00:00,23:05:00,-27.163303,78.057044,27.233303,78.127044,NULL
hnmg372874305,2022-03-24,13:00:00,13:15:00,26.905287,75.794592,26.945287,75.834592,NULL
hnoc705310037,2022-02-13,10:55:00,11:00:00,10.020683,76.310631,10.030683,76.320631,NULL
hnpn597266257,2022-03-07,11:40:00,11:45:00,18.927584,72.832585,18.937584,72.842585,NULL
hnpv442975891,2022-03-25,19:00:00,19:10:00,26.902328,75.794257,27.032328,75.924257,NULL
hnqs775547423,2022-03-27,17:35:00,17:50:00,23.359407,85.325055,23.489407,85.455055,NULL
hnqv058755510,2022-03-06,21:20:00,21:30:00,0.000000,0.000000,0.110000,0.110000,NULL
hnrs254147626,2022-04-04,20:25:00,20:40:00,11.001852,76.976268,11.071852,77.046268,NULL
hnsd309597625,2022-02-13,09:30:00,09:35:00,-23.234249,77.434007,23.254249,77.454007,NULL
hnsn900512673,2022-04-01,10:55:00,11:05:00,22.310329,73.169083,22.330329,73.189083,NULL
hnud573402199,2022-03-21,17:30:00,17:40:00,12.334022,76.618203,12.394022,76.678203,NULL
hnvo708796550,2022-03-26,23:55:00,00:10:00,22.310329,73.169083,22.360329,73.219083,NULL
hobf254746878,2022-03-15,13:30:00,13:45:00,13.091809,80.219104,13.131809,80.259104,NULL
hofm068745179,2022-03-26,09:30:00,09:35:00,18.563934,73.915367,18.583935,73.935367,NULL
hohc723868899,2022-02-14,21:50:00,22:05:00,25.454697,81.834492,25.594697,81.974492,NULL
hohi835829256,2022-03-05,19:55:00,20:00:00,23.399250,85.390464,23.449250,85.440464,NULL
hoid184782803,2022-03-30,22:45:00,23:00:00,12.316967,76.603067,12.366967,76.653067,NULL
hoim483325441,2022-03-11,13:55:00,14:00:00,13.058616,80.264151,13.098616,80.304151,NULL
hojh303673874,2022-03-20,23:50:00,00:05:00,21.173493,72.801953,21.283493,72.911953,NULL
hojv987068372,2022-03-26,11:15:00,11:25:00,12.975377,77.696664,12.985377,77.706664,NULL
honl372955959,2022-03-01,11:30:00,11:35:00,19.065838,72.832658,19.085838,72.852658,NULL
hony666725684,2022-03-26,18:00:00,18:05:00,17.451976,78.385883,17.511976,78.445883,NULL
hook316965183,2022-03-18,19:00:00,19:05:00,19.221315,72.862381,19.311315,72.952381,NULL
hoon922371029,2022-03-05,09:55:00,10:05:00,23.399250,85.390464,23.419250,85.410464,NULL
horh866663316,2022-03-09,09:10:00,09:20:00,0.000000,0.000000,0.020000,0.020000,NULL
hort904654347,2022-03-07,10:35:00,10:40:00,13.026286,80.275235,13.046286,80.295235,NULL
hoss505105704,2022-03-12,19:50:00,19:55:00,12.325461,76.632278,12.455461,76.762278,NULL
hotp148764022,2022-03-21,11:45:00,11:55:00,18.592718,73.773572,18.602718,73.783572,NULL
howm311823972,2022-03-07,19:40:00,19:55:00,17.451976,78.385883,17.501976,78.435883,NULL
hoxq128553542,2022-03-02,22:55:00,23:05:00,18.520016,73.830547,18.630016,73.940547,NULL
hozc308383530,2022-03-16,22:35:00,22:40:00,22.750040,75.902847,22.860040,76.012847,NULL
hozj777127558,2022-03-26,22:40:00,22:55:00,11.003008,76.975440,11.033008,77.005440,NULL
hpaj797810080,2022-03-26,17:45:00,17:50:00,0.000000,0.000000,0.030000,0.030000,NULL
hpap861728738,2022-03-25,19:25:00,19:40:00,18.546258,73.904337,18.676258,74.034337,NULL
hpdv132796940,2022-04-01,08:55:00,09:05:00,21.183434,72.814492,21.193434,72.824492,NULL
hpfx282951824,2022-03-10,22:20:00,22:30:00,12.323225,76.630028,12.403225,76.710028,NULL
hpjz072562007,2022-03-04,22:35:00,22:50:00,19.131141,72.813074,19.261140,72.943074,NULL
hpme076021953,2022-03-08,17:10:00,17:25:00,22.311603,73.165012,22.391603,73.245012,NULL
hpnm290643169,2022-03-08,17:35:00,17:45:00,26.913483,75.803139,27.023483,75.913139,NULL
hpnx104710295,2022-03-11,18:45:00,18:50:00,13.081878,80.248519,13.111878,80.278519,NULL
hpqj012278830,2022-03-23,17:10:00,17:15:00,0.000000,0.000000,0.130000,0.130000,NULL
hprk377013710,2022-03-03,10:55:00,11:10:00,22.760072,75.892574,22.780072,75.912574,NULL
hptj156439251,2022-03-14,18:40:00,18:50:00,11.026117,76.944652,11.136117,77.054652,NULL
hpua184773788,2022-03-13,19:10:00,19:20:00,22.311358,73.164798,22.371358,73.224798,NULL
hpzj229781839,2022-03-28,00:00:00,00:15:00,23.359033,85.325347,23.409033,85.375347,NULL
hqcv193484592,2022-03-31,20:30:00,20:40:00,21.183434,72.814492,21.253434,72.884492,NULL
hqes697765024,2022-03-18,17:10:00,17:20:00,11.003681,76.975525,11.073681,77.045525,NULL
hqgf007161758,2022-03-14,17:25:00,17:40:00,12.323978,76.627961,12.453978,76.757961,NULL
hqgk861062102,2022-03-20,20:20:00,20:30:00,13.054347,80.257221,13.184347,80.387221,NULL
hqig816085431,2022-04-02,17:20:00,17:25:00,0.000000,0.000000,0.130000,0.130000,NULL
hqjo638987385,2022-03-18,19:55:00,20:00:00,22.725748,75.898497,22.815748,75.988497,NULL
hqju352058882,2022-03-25,19:15:00,19:20:00,26.892312,75.806896,27.022313,75.936896,NULL
hqmr555684922,2022-03-05,21:55:00,22:00:00,22.310526,73.170937,22.340526,73.200937,NULL
hqol240081520,2022-03-06,19:30:00,19:35:00,26.910262,75.783013,27.000262,75.873013,NULL
hqox276241766,2022-03-14,19:35:00,19:50:00,12.323978,76.627961,12.393978,76.697961,NULL
hqqd768938863,2022-03-07,19:15:00,19:25:00,17.455894,78.375467,17.505894,78.425467,NULL
hqtb605261445,2022-02-18,18:10:00,18:25:00,0.000000,0.000000,0.080000,0.080000,NULL
hqwk443892657,2022-04-04,20:35:00,20:45:00,0.000000,0.000000,0.130000,0.130000,NULL
hqyv011141678,2022-03-03,13:35:00,13:45:00,18.546947,73.900626,18.586947,73.940626,NULL
hqyy535022911,2022-03-27,17:45:00,17:55:00,18.593481,73.785901,18.683481,73.875901,NULL
hrbk168509434,2022-03-16,17:15:00,17:20:00,26.911378,75.789034,27.001378,75.879034,NULL
hrcl687263065,2022-03-31,20:45:00,20:55:00,23.353783,85.326967,23.463783,85.436967,NULL
hrct875088693,2022-03-10,22:20:00,22:25:00,21.173343,72.792731,21.243343,72.862731,NULL
hrii425741968,2022-03-15,19:50:00,20:00:00,12.913041,77.683237,12.963041,77.733237,NULL
hrjf444396587,2022-04-02,19:55:00,20:00:00,21.149569,72.772697,21.279569,72.902697,NULL
hrjz875193392,2022-04-04,17:45:00,17:55:00,22.760072,75.892574,22.890072,76.022574,NULL
hrki434750133,2022-03-03,13:25:00,13:35:00,12.323225,76.630028,12.363225,76.670028,NULL
hrlh887559676,2022-03-01,19:30:00,19:45:00,22.725835,75.887648,22.755835,75.917648,NULL
hrwe786417568,2022-03-21,09:00:00,09:15:00,10.994136,76.963303,11.014136,76.983303,NULL
hrww399908378,2022-03-21,14:20:00,14:25:00,11.021278,76.995017,11.061278,77.035017,NULL
hrxq765180203,2022-02-18,21:00:00,21:15:00,30.899584,75.809346,31.029584,75.939346,NULL
hrxw622367110,2022-02-17,08:45:00,08:55:00,26.483672,80.320708,26.493672,80.330708,NULL
hsax847066360,2022-03-09,21:45:00,22:00:00,17.412330,78.449654,17.442330,78.479654,NULL
hsbp920939915,2022-03-30,12:25:00,12:40:00,12.934365,77.616155,12.974365,77.656155,NULL
hsdg664632870,2022-03-25,21:40:00,21:55:00,13.029780,80.208812,13.119780,80.298812,NULL
hsdo666546613,2022-03-20,18:55:00,19:00:00,11.025083,77.015393,11.095083,77.085393,NULL
hsey816567522,2022-03-05,18:10:00,18:25:00,18.546947,73.900626,18.596947,73.950626,NULL
hsgg275184366,2022-03-24,23:00:00,23:05:00,13.044694,80.261470,13.074694,80.291470,NULL
hshc385715159,2022-04-02,22:25:00,22:35:00,18.536562,73.896485,18.646562,74.006485,NULL
hsip294182703,2022-02-12,23:30:00,23:45:00,9.985497,76.276999,10.065497,76.356999,NULL
hsjj107344456,2022-02-11,15:20:00,15:30:00,30.893244,75.821817,30.933244,75.861817,NULL
hskr659948300,2022-04-01,09:30:00,09:45:00,17.426228,78.407495,17.436228,78.417495,NULL
hsmg867355555,2022-03-28,21:00:00,21:15:00,23.416792,85.316842,23.476792,85.376842,NULL
hsmm693648237,2022-03-02,18:55:00,19:10:00,18.539299,73.897902,18.649299,74.007902,NULL
hspm322063950,2022-02-11,15:45:00,16:00:00,0.000000,0.000000,0.040000,0.040000,NULL
hsqt412376641,2022-03-26,17:50:00,18:05:00,12.972161,77.596014,13.032161,77.656014,NULL
hssp978330143,2022-03-15,12:00:00,12:10:00,21.186438,72.794115,21.196438,72.804115,NULL
hstc134134397,2022-03-26,21:30:00,21:40:00,0.000000,0.000000,0.030000,0.030000,NULL
hstm787752151,2022-03-28,18:10:00,18:25:00,13.091809,80.219104,13.121809,80.249104,NULL
hsvd786851224,2022-03-13,18:15:00,18:30:00,17.455894,78.375467,17.515894,78.435467,NULL
hsvn599430068,2022-03-17,08:25:00,08:30:00,18.927584,72.832585,18.937584,72.842585,NULL
hteq828714964,2022-03-05,18:50:00,18:55:00,26.913483,75.803139,26.963483,75.853139,NULL
htfg762321403,2022-02-11,08:30:00,08:35:00,22.551084,88.354127,22.571084,88.374127,NULL
htiw494648812,2022-02-14,18:00:00,18:05:00,30.346994,78.062543,30.416994,78.132543,NULL
htix276456443,2022-03-25,20:55:00,21:00:00,23.416792,85.316842,23.546792,85.446842,NULL
htkb979287010,2022-02-11,18:20:00,18:25:00,30.885915,75.788259,30.915915,75.818259,NULL
htkn373801078,2022-02-12,17:25:00,17:35:00,10.028047,76.310019,10.158047,76.440019,NULL
htme231486160,2022-04-01,08:20:00,08:25:00,22.310526,73.170937,22.320526,73.180937,NULL
htnr142375552,2022-03-13,09:30:00,09:40:00,18.994049,72.825203,19.014049,72.845203,NULL
htrj888223438,2022-03-04,19:40:00,19:50:00,12.972161,77.596014,13.052161,77.676014,NULL
htug427811289,2022-02-17,10:00:00,10:15:00,23.218998,77.373573,23.228998,77.383573,NULL
htva823331637,2022-03-01,23:45:00,23:50:00,18.551440,73.804855,18.611440,73.864855,NULL
htxx697340481,2022-03-21,20:20:00,20:30:00,22.311844,73.165081,22.361844,73.215081,NULL
huby381965882,2022-03-08,20:30:00,20:40:00,22.695207,75.866059,22.805207,75.976059,NULL
hucu612316176,2022-02-13,09:00:00,09:10:00,19.876428,75.364792,19.896428,75.384792,NULL
hugu493411054,2022-03-07,19:00:00,19:10:00,17.412330,78.449654,17.462330,78.499654,NULL
huhy242117286,2022-03-01,23:00:00,23:05:00,19.055831,72.833984,19.115831,72.893984,NULL
hulg506447717,2022-04-02,21:45:00,21:55:00,21.185047,72.808590,21.265047,72.888590,NULL
hulo883527449,2022-03-04,17:35:00,17:40:00,11.022477,76.995667,11.102477,77.075667,NULL
humt595745846,2022-03-31,21:10:00,21:20:00,21.149834,72.778666,21.239834,72.868666,NULL
hupj632585846,2022-03-14,20:40:00,20:50:00,12.323225,76.630028,12.393225,76.700028,NULL
huqi695288837,2022-03-09,21:35:00,21:50:00,19.181300,72.836191,19.241300,72.896191,NULL
huui695949359,2022-03-27,19:30:00,19:40:00,0.000000,0.000000,0.110000,0.110000,NULL
huuk522749999,2022-03-06,17:10:00,17:15:00,26.921411,75.793604,27.001411,75.873604,NULL
hvcw149352257,2022-03-25,17:25:00,17:35:00,0.000000,0.000000,0.110000,0.110000,NULL
hvdk756927793,2022-04-01,22:40:00,22:55:00,23.353783,85.326967,23.403783,85.376967,NULL
hvgr961766492,2022-02-11,11:45:00,12:00:00,0.000000,0.000000,0.010000,0.010000,NULL
hvlt657805350,2022-03-24,08:25:00,08:40:00,26.846156,75.802300,26.856156,75.812300,NULL
hvot067794759,2022-02-12,22:30:00,22:45:00,26.482581,80.315628,26.562581,80.395628,NULL
hvpe659779316,2022-03-15,17:30:00,17:45:00,11.021278,76.995017,11.081278,77.055017,NULL
hvpj165495397,2022-03-10,17:10:00,17:25:00,22.312790,73.170283,22.382790,73.240283,NULL
hvpy206490186,2022-03-11,23:00:00,23:10:00,18.592718,73.773572,18.652718,73.833572,NULL
hvqc805199304,2022-03-11,19:35:00,19:40:00,22.725835,75.887648,22.785835,75.947648,NULL
hvqk646773555,2022-03-06,17:30:00,17:45:00,26.902940,75.793007,27.042940,75.933007,NULL
hvrm227281559,2022-04-03,09:20:00,09:25:00,21.149669,72.772629,21.169669,72.792629,NULL
hvsn913075446,2022-04-03,10:45:00,10:50:00,19.091458,72.827808,19.101458,72.837808,NULL
hvwg439645757,2022-03-25,23:15:00,23:25:00,10.961850,76.971082,11.041850,77.051082,NULL
hvwn441638785,2022-04-01,22:50:00,23:05:00,17.410371,78.437225,17.460371,78.487225,NULL
hwaf691125321,2022-03-31,21:30:00,21:35:00,22.761226,75.887522,22.831226,75.957521,NULL
hwbf143631507,2022-03-19,15:35:00,15:50:00,13.058616,80.264151,13.098616,80.304151,NULL
hwbg262022599,2022-04-01,19:00:00,19:10:00,18.593481,73.785901,18.653481,73.845901,NULL
hwco301454684,2022-04-02,21:00:00,21:15:00,23.351058,85.325731,23.431058,85.405731,NULL
hwgd236421852,2022-02-12,21:15:00,21:20:00,9.991703,76.293136,10.121703,76.423136,NULL
hwks323979535,2022-03-23,23:20:00,23:25:00,0.000000,0.000000,0.070000,0.070000,NULL
hwln605375321,2022-03-23,19:55:00,20:00:00,22.751857,75.866699,22.881857,75.996699,NULL
hwmm104541576,2022-02-12,21:45:00,21:55:00,10.027014,76.308053,10.137014,76.418053,NULL
hwmy088540736,2022-03-26,19:50:00,19:55:00,0.000000,0.000000,0.060000,0.060000,NULL
hwol347545366,2022-03-06,22:55:00,23:05:00,12.284747,76.625861,12.364747,76.705861,NULL
hwrq134949792,2022-04-03,19:50:00,20:05:00,11.022169,76.999594,11.072169,77.049594,NULL
hwsw459169259,2022-03-14,19:00:00,19:05:00,22.725835,75.887648,22.795835,75.957648,NULL
hwsx368300399,2022-02-13,13:45:00,13:50:00,25.450329,81.834279,25.490329,81.874279,NULL
hwtv110847425,2022-04-03,21:30:00,21:45:00,12.972532,77.608179,13.022532,77.658179,NULL
hwve002323690,2022-04-06,21:50:00,21:55:00,13.049645,80.242268,13.119645,80.312268,NULL
hwws232500356,2022-02-17,15:35:00,15:50:00,26.483672,80.320708,26.523672,80.360708,NULL
hwyo681421839,2022-04-01,20:40:00,20:45:00,26.921411,75.793604,26.951411,75.823604,NULL
hxgq202281175,2022-03-12,17:15:00,17:20:00,12.979096,77.640625,13.089096,77.750625,NULL
hxlc252959441,2022-04-01,09:55:00,10:10:00,22.307898,73.167788,22.327898,73.187788,NULL
hxlu601068608,2022-03-16,19:50:00,20:05:00,21.149834,72.778666,21.219834,72.848666,NULL
hxmq702310344,2022-03-23,23:20:00,23:25:00,26.766536,75.837333,26.876536,75.947333,NULL
hxnd770326699,2022-03-15,08:25:00,08:40:00,12.914264,77.678400,12.934264,77.698400,NULL
hxnt364101311,2022-02-15,19:30:00,19:45:00,-15.569600,73.742294,15.629600,73.802294,NULL
hxog930219425,2022-04-06,21:15:00,21:30:00,13.044694,80.261470,13.114694,80.331470,NULL
hxpp804241946,2022-03-24,15:15:00,15:30:00,11.000762,76.981876,11.040762,77.021876,NULL
hxpv354013178,2022-03-02,22:15:00,22:25:00,23.371292,85.327872,23.441292,85.397872,NULL
hxsv146301375,2022-03-03,11:10:00,11:15:00,11.024839,77.007003,11.044839,77.027003,NULL
hxww735374363,2022-03-25,19:50:00,20:05:00,11.003681,76.975525,11.133681,77.105525,NULL
hxyx527259332,2022-03-24,11:00:00,11:10:00,17.438263,78.397865,17.448263,78.407865,NULL
hxzi633551215,2022-04-03,14:30:00,14:40:00,18.520016,73.830547,18.560016,73.870547,NULL
hyjj560752092,2022-03-15,21:55:00,22:10:00,21.157735,72.768778,21.217735,72.828778,NULL
hyow520958537,2022-03-26,10:30:00,10:45:00,12.337928,76.617889,12.357928,76.637889,NULL
hyoz303225165,2022-02-16,20:35:00,20:40:00,0.000000,0.000000,0.110000,0.110000,NULL
hypm953374454,2022-03-18,17:45:00,18:00:00,10.994136,76.963303,11.084136,77.053303,NULL
hypv618124639,2022-02-17,23:50:00,00:05:00,22.549100,88.400467,22.579100,88.430467,NULL
hyqb409182787,2022-03-13,21:15:00,21:25:00,19.091458,72.827808,19.151458,72.887808,NULL
hyrd416401603,2022-03-30,18:40:00,18:45:00,21.171060,72.789292,21.231060,72.849292,NULL
hysn703456400,2022-03-06,23:30:00,23:45:00,18.569156,73.774723,18.699156,73.904723,NULL
hyvm528960498,2022-04-01,13:40:00,13:45:00,13.026279,80.174568,13.066279,80.214568,NULL
hyvo240160884,2022-03-29,20:00:00,20:10:00,12.906229,77.596791,12.986229,77.676791,NULL
hywa109327003,2022-03-26,21:15:00,21:30:00,22.728163,75.884212,22.778163,75.934212,NULL
hyym456368083,2022-02-14,17:45:00,18:00:00,26.482419,80.320939,26.572419,80.410939,NULL
hzax543233679,2022-03-26,10:30:00,10:35:00,13.064181,80.236442,13.074181,80.246442,NULL
hzhx981033349,2022-03-13,08:35:00,08:40:00,21.186884,72.793616,21.206884,72.813616,NULL
hzik326389494,2022-02-12,19:50:00,20:05:00,27.159795,78.042990,27.269795,78.152990,NULL
hzir281026902,2022-03-30,10:45:00,10:50:00,17.424114,78.347554,17.444114,78.367554,NULL
hzkd076967868,2022-03-24,11:50:00,12:00:00,12.972532,77.608179,12.982532,77.618179,NULL
hzoc606335862,2022-03-08,21:25:00,21:30:00,13.064181,80.236442,13.144181,80.316442,NULL
hzox541347606,2022-03-14,23:50:00,00:00:00,0.000000,0.000000,0.070000,0.070000,NULL
hzpx007931304,2022-04-05,22:40:00,22:50:00,21.160522,72.771477,21.210522,72.821477,NULL
hzqf032717172,2022-02-11,19:25:00,19:35:00,15.157944,73.950889,15.187944,73.980889,NULL
hzqr863155601,2022-03-16,17:35:00,17:40:00,13.054347,80.257221,13.184347,80.387221,NULL
hzre856189289,2022-03-11,17:40:00,17:50:00,23.359194,85.325447,23.389194,85.355447,NULL
hzsm361311061,2022-03-04,23:15:00,23:30:00,22.745536,75.893106,22.825536,75.973106,NULL
hzvf550637519,2022-03-06,19:20:00,19:35:00,17.459710,78.368855,17.539710,78.448855,NULL
hzvn205168642,2022-04-01,19:25:00,19:35:00,19.181300,72.836191,19.231300,72.886191,NULL
hzyg797841890,2022-03-25,17:40:00,17:50:00,22.750040,75.902847,22.820040,75.972847,NULL
iabv609613798,2022-03-09,08:30:00,08:35:00,22.732225,75.874765,22.752225,75.894765,NULL
iaeh197494783,2022-04-05,21:15:00,21:30:00,18.554382,73.798206,18.614382,73.858206,NULL
iaet567925783,2022-02-17,08:55:00,09:10:00,10.027014,76.308053,10.037014,76.318053,NULL
iago176521930,2022-03-02,20:20:00,20:25:00,23.399250,85.390464,23.489250,85.480464,NULL
iaih932085353,2022-03-29,23:25:00,23:35:00,12.935662,77.614130,13.045662,77.724130,NULL
iall075636635,2022-02-14,17:40:00,17:55:00,25.457687,81.835585,25.567687,81.945585,NULL
ialx566343618,2022-03-19,11:30:00,11:45:00,22.745049,75.892471,22.765049,75.912471,NULL
ianz745498696,2022-03-23,17:25:00,17:35:00,17.455894,78.375467,17.545894,78.465467,NULL
iaqp570744320,2022-03-13,20:55:00,21:10:00,23.399250,85.390464,23.459250,85.450464,NULL
iarl028009622,2022-03-02,21:30:00,21:40:00,13.086438,80.220672,13.156439,80.290672,NULL
iash957225438,2022-03-12,18:20:00,18:35:00,0.000000,0.000000,0.080000,0.080000,NULL
iauj712732773,2022-03-31,21:35:00,21:40:00,12.914264,77.678400,12.984264,77.748400,NULL
iavj558128574,2022-02-14,21:15:00,21:20:00,9.960846,76.293936,10.030846,76.363936,NULL
iavt937545530,2022-03-18,23:55:00,00:10:00,17.433809,78.386744,17.523809,78.476744,NULL
iavy004535550,2022-03-13,16:40:00,16:50:00,23.355164,85.324097,23.395164,85.364097,NULL
ibcn681779380,2022-04-03,08:30:00,08:45:00,12.311072,76.654878,12.321072,76.664878,NULL
ibda796711447,2022-02-17,18:10:00,18:20:00,0.000000,0.000000,0.060000,0.060000,NULL
ibei176056366,2022-03-06,20:20:00,20:30:00,19.055831,72.833984,19.145831,72.923984,NULL
ibhm172883184,2022-03-14,17:55:00,18:10:00,12.323978,76.627961,12.433978,76.737961,NULL
ibin272144486,2022-03-16,22:20:00,22:25:00,18.563934,73.915367,18.693935,74.045367,NULL
ibix084034399,2022-03-06,18:15:00,18:20:00,18.536718,73.830327,18.626718,73.920327,NULL
ibix526978003,2022-03-29,19:20:00,19:35:00,0.000000,0.000000,0.110000,0.110000,NULL
iblf970448734,2022-02-17,22:45:00,22:55:00,27.160934,78.044095,27.190934,78.074095,NULL
ibll603561143,2022-03-28,19:35:00,19:50:00,26.849596,75.800512,26.879596,75.830512,NULL
ibml048813328,2022-03-12,18:50:00,19:05:00,23.359407,85.325055,23.439407,85.405055,NULL
ibum440930668,2022-03-30,22:20:00,22:30:00,21.185047,72.808590,21.245047,72.868590,NULL
ibwr067523869,2022-03-17,16:55:00,17:00:00,13.044694,80.261470,13.084694,80.301470,NULL
icek834774286,2022-02-18,18:45:00,18:50:00,27.163303,78.057044,27.253303,78.147044,NULL
iceq731335361,2022-03-08,23:30:00,23:40:00,26.956431,75.776649,27.066431,75.886649,NULL
icer236390063,2022-03-15,17:40:00,17:50:00,21.175104,72.804342,21.235104,72.864342,NULL
icjn893090853,2022-03-28,08:15:00,08:20:00,22.722634,75.886959,22.732634,75.896959,NULL
ickk104874458,2022-02-11,17:55:00,18:10:00,27.160832,78.011608,27.210832,78.061608,NULL
iclc215845220,2022-03-10,18:15:00,18:25:00,21.160522,72.771477,21.230522,72.841477,NULL
icqk277139182,2022-03-04,21:00:00,21:15:00,12.323194,76.630583,12.413194,76.720583,NULL
icrl199515959,2022-03-20,22:40:00,22:50:00,12.979166,77.640709,13.049166,77.710709,NULL
icss554271823,2022-03-30,09:20:00,09:35:00,12.337978,76.616792,12.357978,76.636792,NULL
icti836263169,2022-04-01,11:15:00,11:30:00,23.355164,85.324097,23.365164,85.334097,NULL
ictt438712890,2022-03-24,15:55:00,16:00:00,23.416792,85.316842,23.456792,85.356842,NULL
ictw997263474,2022-03-21,18:20:00,18:25:00,18.562450,73.916619,18.612450,73.966619,NULL
icvo893644492,2022-02-18,21:10:00,21:15:00,23.214294,77.435361,23.324294,77.545361,NULL
idfz341870275,2022-03-12,18:35:00,18:40:00,12.337928,76.617889,12.407928,76.687889,NULL
idgy315220933,2022-03-12,19:15:00,19:20:00,23.357804,85.325146,23.447804,85.415146,NULL
idhd085499030,2022-02-11,19:50:00,20:00:00,19.875016,75.322405,19.935016,75.382405,NULL
idhm958524785,2022-03-13,08:30:00,08:40:00,0.000000,0.000000,0.010000,0.010000,NULL
idhn852480819,2022-03-11,17:45:00,17:50:00,22.750040,75.902847,22.810040,75.962847,NULL
idiw641925276,2022-03-02,20:55:00,21:10:00,13.026286,80.275235,13.096286,80.345235,NULL
idlg070339603,2022-03-19,12:00:00,12:15:00,22.310237,73.158921,22.330237,73.178921,NULL
idmz477598605,2022-03-28,16:00:00,16:15:00,22.751234,75.889490,22.791234,75.929490,NULL
idpw764247149,2022-03-05,22:45:00,22:50:00,11.003681,76.975525,11.033681,77.005525,NULL
idpz885075332,2022-03-29,22:45:00,23:00:00,22.745536,75.893106,22.815536,75.963106,NULL
idrw254654753,2022-03-21,21:55:00,22:05:00,26.888420,75.800689,26.948420,75.860689,NULL
idsd729843362,2022-04-04,19:35:00,19:45:00,17.412330,78.449654,17.502330,78.539654,NULL
iduw429922291,2022-03-16,19:10:00,19:15:00,17.458998,78.500366,17.548998,78.590366,NULL
idvc620402493,2022-03-05,18:15:00,18:20:00,19.254567,72.848923,19.314567,72.908923,NULL
idvz790670752,2022-03-26,11:35:00,11:40:00,26.902940,75.793007,26.922940,75.813007,NULL
idxq170152921,2022-02-13,18:55:00,19:00:00,9.979363,76.285001,10.009363,76.315001,NULL
idya109511672,2022-03-31,17:35:00,17:40:00,26.892312,75.806896,26.972313,75.886896,NULL
idzq316920940,2022-04-05,21:50:00,22:00:00,22.753659,75.903365,22.813659,75.963365,NULL
iedw229064988,2022-03-23,22:15:00,22:30:00,22.312790,73.170283,22.402790,73.260283,NULL
iedw623236534,2022-03-14,23:40:00,23:50:00,12.975377,77.696664,13.105377,77.826664,NULL
iefr992842045,2022-02-14,17:20:00,17:25:00,0.000000,0.000000,0.080000,0.080000,NULL
iegb214834761,2022-03-07,16:40:00,16:50:00,12.980410,77.640489,13.020410,77.680489,NULL
iegc493037751,2022-03-08,21:55:00,22:10:00,19.254567,72.848923,19.334567,72.928923,NULL
iehs780105046,2022-02-12,22:20:00,22:30:00,19.866969,75.318894,19.946969,75.398894,NULL
iehw530361052,2022-03-17,08:50:00,09:00:00,12.337978,76.616792,12.347978,76.626792,NULL
ielb108672796,2022-03-29,21:25:00,21:40:00,26.902940,75.793007,26.992940,75.883007,NULL
ielt940658393,2022-03-15,19:55:00,20:10:00,12.323225,76.630028,12.373225,76.680028,NULL
iemx760691255,2022-03-21,10:55:00,11:10:00,26.914142,75.805704,26.924142,75.815704,NULL
ieqb319927234,2022-03-03,22:00:00,22:05:00,21.157729,72.768726,21.187729,72.798726,NULL
ieqi195313800,2022-03-28,10:35:00,10:45:00,11.006686,76.951736,11.026686,76.971736,NULL
ierw460229795,2022-02-11,08:30:00,08:45:00,9.970717,76.285447,9.980717,76.295447,NULL
ieue797662723,2022-03-17,16:50:00,17:00:00,13.064181,80.236442,13.104181,80.276442,NULL
ievc231722020,2022-03-30,10:10:00,10:20:00,19.178321,72.834715,19.188321,72.844715,NULL
iezg288889349,2022-03-03,17:30:00,17:35:00,11.026117,76.944652,11.076117,76.994652,NULL
ifaw455095155,2022-03-18,22:15:00,22:30:00,26.921411,75.793604,27.051411,75.923604,NULL
ifbi263610560,2022-02-15,21:50:00,21:55:00,15.157944,73.950889,15.207944,74.000889,NULL
ifdf208925902,2022-03-08,21:40:00,21:55:00,12.323225,76.630028,12.453225,76.760028,NULL
ifdo087796011,2022-03-26,18:25:00,18:35:00,19.121999,72.908493,19.181999,72.968493,NULL
ifhk921844148,2022-02-12,20:45:00,21:00:00,10.027364,76.308258,10.157364,76.438258,NULL
ifhu391768418,2022-04-03,20:40:00,20:55:00,12.321214,76.621094,12.351214,76.651094,NULL
ifjs960477506,2022-02-13,17:40:00,17:55:00,30.342509,78.061187,30.402509,78.121187,NULL
ifkk442734353,2022-03-15,19:30:00,19:35:00,23.355164,85.324097,23.415164,85.384097,NULL
ifqz931262592,2022-03-18,19:20:00,19:25:00,13.027018,80.254791,13.137018,80.364791,NULL
ifsy746640300,2022-03-02,23:45:00,23:50:00,12.972532,77.608179,13.082532,77.718179,NULL
ifum776506955,2022-03-15,22:35:00,22:50:00,18.592718,73.773572,18.642718,73.823572,NULL
ifvn769224573,2022-03-30,08:40:00,08:45:00,26.892312,75.806896,26.902313,75.816896,NULL
ifwf630392674,2022-03-21,22:25:00,22:30:00,18.546258,73.904337,18.606258,73.964337,NULL
ifxu982300925,2022-03-31,20:40:00,20:45:00,22.725748,75.898497,22.835748,76.008497,NULL
ifyn279522165,2022-03-20,22:20:00,22:30:00,23.374878,85.335739,23.484878,85.445739,NULL
ifyw429648134,2022-03-20,20:10:00,20:15:00,23.355164,85.324097,23.465164,85.434097,NULL
ifzh038597668,2022-03-04,22:30:00,22:35:00,17.411028,78.329645,17.481028,78.399645,NULL
igac805725356,2022-03-21,10:50:00,10:55:00,21.152760,72.778059,21.172760,72.798059,NULL
igas262818664,2022-03-08,17:25:00,17:40:00,21.157729,72.768726,21.237729,72.848726,NULL
igba337104445,2022-03-29,19:45:00,19:55:00,11.003008,76.975440,11.133009,77.105440,NULL
igbf782017809,2022-03-03,17:00:00,17:05:00,17.451976,78.385883,17.491976,78.425883,NULL
igda088031367,2022-03-18,19:35:00,19:40:00,0.000000,0.000000,0.130000,0.130000,NULL
igfd148630989,2022-03-11,09:00:00,09:05:00,12.939496,77.625999,12.959496,77.645999,NULL
igfg818169870,2022-03-19,22:40:00,22:50:00,13.005801,80.250744,13.055801,80.300744,NULL
igfp332772089,2022-03-28,08:35:00,08:40:00,11.003681,76.975525,11.013681,76.985525,NULL
igfx402803138,2022-02-16,19:55:00,20:00:00,26.463504,80.372929,26.533504,80.442929,NULL
iggi288085988,2022-04-06,20:35:00,20:45:00,23.369746,85.339820,23.459746,85.429820,NULL
igll093473818,2022-03-17,09:55:00,10:05:00,18.994237,72.825553,19.004237,72.835553,NULL
igmk360950048,2022-03-20,19:40:00,19:45:00,21.149669,72.772629,21.259669,72.882629,NULL
igny141723579,2022-03-30,11:55:00,12:05:00,0.000000,0.000000,0.020000,0.020000,NULL
igqc072346620,2022-03-25,19:00:00,19:15:00,11.001852,76.976268,11.111852,77.086268,NULL
igqf161022195,2022-03-26,09:40:00,09:45:00,17.451976,78.385883,17.461976,78.395883,NULL
igsi576423213,2022-03-19,15:15:00,15:25:00,17.431477,78.400350,17.471477,78.440350,NULL
igto006641062,2022-03-28,14:35:00,14:50:00,26.766536,75.837333,26.806536,75.877333,NULL
iguj643076650,2022-03-16,22:50:00,23:05:00,11.003008,76.975440,11.083009,77.055440,NULL
igvi130716526,2022-03-05,08:20:00,08:35:00,0.000000,0.000000,0.010000,0.010000,NULL
igwx807722038,2022-03-30,11:00:00,11:10:00,17.431477,78.400350,17.441477,78.410350,NULL
igyq767188442,2022-03-20,21:55:00,22:10:00,18.520016,73.830547,18.590016,73.900547,NULL
ihik591932151,2022-03-24,23:10:00,23:15:00,26.914142,75.805704,26.974142,75.865704,NULL
ihlb053890370,2022-03-03,22:25:00,22:40:00,13.027018,80.254791,13.087018,80.314791,NULL
ihlx145721396,2022-03-16,20:20:00,20:35:00,22.308096,73.167753,22.438096,73.297753,NULL
ihme538404029,2022-04-04,19:30:00,19:35:00,11.000762,76.981876,11.070762,77.051876,NULL
ihno659702952,2022-03-12,20:50:00,20:55:00,12.935662,77.614130,13.045662,77.724130,NULL
ihnu514962174,2022-02-12,20:20:00,20:35:00,0.000000,0.000000,0.080000,0.080000,NULL
ihor387537704,2022-03-30,14:00:00,14:10:00,12.934179,77.615797,12.974179,77.655797,NULL
ihpf645735015,2022-03-06,18:35:00,18:50:00,22.745536,75.893106,22.825536,75.973106,NULL
ihpn637419767,2022-03-18,23:25:00,23:40:00,22.761593,75.886362,22.831593,75.956362,NULL
ihpp102115259,2022-03-07,11:35:00,11:50:00,21.152760,72.778059,21.162760,72.788059,NULL
ihrd739329812,2022-02-17,23:10:00,23:20:00,-9.966783,76.242981,10.016783,76.292981,NULL
ihrf281333911,2022-04-02,22:00:00,22:10:00,17.430448,78.418213,17.520448,78.508213,NULL
ihva618572417,2022-04-01,20:55:00,21:00:00,12.949934,77.699386,12.979934,77.729386,NULL
ihvr575380346,2022-02-11,19:25:00,19:30:00,26.483672,80.320708,26.533672,80.370708,NULL
ihyb516164519,2022-03-09,09:10:00,09:25:00,26.956431,75.776649,26.966431,75.786649,NULL
ihzt245064030,2022-03-17,19:55:00,20:00:00,22.307898,73.167788,22.337898,73.197788,NULL
iidu252906442,2022-03-28,11:35:00,11:40:00,11.003669,76.976494,11.023669,76.996494,NULL
iiex788790959,2022-03-15,20:40:00,20:45:00,22.728163,75.884212,22.778163,75.934212,NULL
iifu295142494,2022-04-04,18:00:00,18:05:00,12.311072,76.654878,12.441072,76.784878,NULL
iigj263818325,2022-04-03,19:55:00,20:10:00,11.010375,76.952950,11.060375,77.002950,NULL
iiiv812849170,2022-03-10,19:35:00,19:50:00,11.010375,76.952950,11.080375,77.022950,NULL
iijb632300301,2022-04-05,22:55:00,23:05:00,0.000000,0.000000,0.060000,0.060000,NULL
iimb919913810,2022-03-28,22:35:00,22:45:00,12.970324,77.645748,13.030324,77.705748,NULL
iimu721647260,2022-03-01,14:20:00,14:35:00,19.121999,72.908493,19.161999,72.948493,NULL
iipp374186618,2022-03-03,12:15:00,12:25:00,11.003681,76.975525,11.043681,77.015525,NULL
iitr938780726,2022-03-29,17:50:00,17:55:00,19.181300,72.836191,19.271300,72.926191,NULL
iivg879476454,2022-04-03,13:10:00,13:15:00,21.170798,72.790489,21.210798,72.830489,NULL
iiyw531774972,2022-03-05,17:00:00,17:05:00,13.026279,80.174568,13.066279,80.214568,NULL
ijbv680529287,2022-03-27,19:20:00,19:30:00,12.316967,76.603067,12.406967,76.693067,NULL
ijgh950597381,2022-03-08,17:50:00,17:55:00,23.353783,85.326967,23.443783,85.416967,NULL
ijnm558562404,2022-02-11,17:15:00,17:25:00,27.157772,78.047250,27.207772,78.097250,NULL
ijps191881554,2022-02-14,22:25:00,22:35:00,25.457116,81.859682,25.547116,81.949682,NULL
ijps356599883,2022-02-11,19:55:00,20:00:00,22.549100,88.400467,22.609100,88.460467,NULL
ijub023209285,2022-03-16,19:25:00,19:35:00,21.175975,72.795503,21.305975,72.925503,NULL
ijva004307190,2022-02-14,19:50:00,19:55:00,0.000000,0.000000,0.090000,0.090000,NULL
ijvb252248475,2022-03-29,17:40:00,17:55:00,26.902328,75.794257,26.992328,75.884257,NULL
ijxc486100114,2022-03-08,22:15:00,22:25:00,12.337978,76.616792,12.467978,76.746792,NULL
ijxt407911765,2022-04-04,18:55:00,19:00:00,22.320000,73.170000,22.390000,73.240000,NULL
ikai319917902,2022-03-17,08:35:00,08:45:00,12.981615,80.231598,12.991615,80.241598,NULL
ikas794013321,2022-03-19,19:00:00,19:15:00,12.970324,77.645748,13.030324,77.705748,NULL
ikdk985132237,2022-03-16,18:00:00,18:15:00,0.000000,0.000000,0.110000,0.110000,NULL
ikhp435158498,2022-03-30,23:55:00,00:00:00,12.304569,76.643622,12.364569,76.703622,NULL
ikkh818371440,2022-03-08,18:30:00,18:35:00,26.913483,75.803139,27.003483,75.893139,NULL
ikmy968029348,2022-02-11,13:50:00,14:05:00,27.161850,78.040165,27.201850,78.080165,NULL
ikpo432270376,2022-03-02,22:35:00,22:50:00,11.016298,76.972076,11.086298,77.042076,NULL
ikqm848453901,2022-03-21,08:55:00,09:00:00,21.149834,72.778666,21.159834,72.788666,NULL
ikrl369200656,2022-03-05,15:20:00,15:30:00,11.021278,76.995017,11.061278,77.035017,NULL
ikst816719823,2022-03-30,09:50:00,10:05:00,17.426228,78.407495,17.446228,78.427495,NULL
ikxh623109620,2022-03-01,15:50:00,16:00:00,17.440827,78.393391,17.480827,78.433391,NULL
ikzw865814184,2022-03-29,21:00:00,21:15:00,13.066762,80.251865,13.156762,80.341865,NULL
ilda389749271,2022-04-06,23:00:00,23:10:00,17.431668,78.408321,17.521668,78.498321,NULL
ileo391185191,2022-02-16,22:15:00,22:20:00,15.303897,73.914336,15.373897,73.984336,NULL
ileo703574186,2022-04-02,17:15:00,17:20:00,23.416792,85.316842,23.506792,85.406842,NULL
ilfo183800165,2022-04-04,21:45:00,21:50:00,12.906229,77.596791,13.016229,77.706791,NULL
ilik524489306,2022-03-06,23:20:00,23:35:00,13.054347,80.257221,13.184347,80.387221,NULL
iljk754381104,2022-03-15,19:15:00,19:30:00,12.975996,80.221898,13.005996,80.251898,NULL
ilkw617619686,2022-03-27,22:10:00,22:15:00,22.310237,73.158921,22.380237,73.228921,NULL
illj556827069,2022-03-06,22:35:00,22:40:00,21.157729,72.768726,21.227729,72.838726,NULL
illo601281873,2022-03-29,18:30:00,18:45:00,23.357804,85.325146,23.447804,85.415146,NULL
ilnn279576989,2022-03-19,10:20:00,10:35:00,22.310526,73.170937,22.330526,73.190937,NULL
ilrw559527546,2022-02-18,22:35:00,22:50:00,19.879631,75.323403,19.969631,75.413403,NULL
ilyl007967283,2022-03-11,22:00:00,22:10:00,12.284747,76.625861,12.314747,76.655861,NULL
imce459811741,2022-03-03,22:15:00,22:25:00,13.029780,80.208812,13.079780,80.258812,NULL
imgc580063637,2022-03-07,00:00:00,00:10:00,26.902328,75.794257,26.962328,75.854257,NULL
immf414368582,2022-04-06,22:35:00,22:40:00,21.149569,72.772697,21.259569,72.882697,NULL
imna420302138,2022-02-13,22:30:00,22:40:00,22.533662,88.366217,22.563662,88.396217,NULL
imnm972342448,2022-03-16,19:55:00,20:00:00,19.176269,72.836721,19.286269,72.946721,NULL
imnx954838059,2022-03-06,23:20:00,23:30:00,22.308096,73.167753,22.388096,73.247753,NULL
impi992363257,2022-03-26,20:10:00,20:25:00,12.321214,76.621094,12.381214,76.681094,NULL
impm552358876,2022-03-23,20:40:00,20:55:00,12.934365,77.616155,13.014365,77.696155,NULL
impo096699448,2022-03-06,17:20:00,17:25:00,12.913041,77.683237,13.003041,77.773237,NULL
imqm647529358,2022-04-05,09:30:00,09:35:00,12.334022,76.618203,12.344022,76.628203,NULL
imri932331797,2022-03-31,19:00:00,19:15:00,21.149569,72.772697,21.259569,72.882697,NULL
imrp803136835,2022-02-14,22:50:00,23:00:00,30.362686,78.068890,30.492686,78.198890,NULL
imvi915586675,2022-03-15,17:20:00,17:25:00,17.411028,78.329645,17.471028,78.389645,NULL
imxb265341956,2022-03-10,17:10:00,17:15:00,19.178321,72.834715,19.258321,72.914715,NULL
incq228839531,2022-03-01,19:35:00,19:40:00,22.307898,73.167788,22.367898,73.227788,NULL
ineu773841938,2022-03-15,23:00:00,23:05:00,12.310972,76.659264,12.360972,76.709264,NULL
infm664974136,2022-03-24,11:00:00,11:10:00,22.725835,75.887648,22.745835,75.907648,NULL
ingc882099404,2022-03-23,20:20:00,20:25:00,11.010375,76.952950,11.140375,77.082950,NULL
ingv453815837,2022-03-02,20:10:00,20:15:00,12.352058,76.606650,12.432058,76.686650,NULL
inha944942756,2022-03-17,08:35:00,08:40:00,18.536718,73.830327,18.546719,73.840328,NULL
injs352600265,2022-02-15,22:55:00,23:05:00,30.895204,75.822103,30.945204,75.872103,NULL
inkf405746856,2022-03-21,11:35:00,11:40:00,12.325461,76.632278,12.335461,76.642278,NULL
inkk927003325,2022-03-04,21:30:00,21:45:00,11.006686,76.951736,11.086686,77.031736,NULL
inlh169384029,2022-03-07,19:15:00,19:30:00,21.149569,72.772697,21.179569,72.802697,NULL
inos044904604,2022-03-20,20:50:00,20:55:00,0.000000,0.000000,0.090000,0.090000,NULL
inqt227293158,2022-03-15,11:55:00,12:05:00,26.849596,75.800512,26.869596,75.820512,NULL
inta521882191,2022-03-21,22:45:00,22:50:00,23.359033,85.325347,23.419033,85.385347,NULL
intd941914908,2022-03-30,09:40:00,09:55:00,21.175104,72.804342,21.195104,72.824342,NULL
intf988907200,2022-03-30,20:50:00,20:55:00,19.109300,72.825451,19.169300,72.885451,NULL
invy463516919,2022-03-03,15:55:00,16:05:00,12.970324,77.645748,13.010324,77.685748,NULL
inwh611044082,2022-03-09,14:55:00,15:10:00,26.902908,75.792934,26.942908,75.832934,NULL
inxb130834561,2022-03-24,21:40:00,21:50:00,0.000000,0.000000,0.050000,0.050000,NULL
inxl851246023,2022-03-03,23:15:00,23:25:00,12.352058,76.606650,12.402058,76.656650,NULL
ioax368333395,2022-03-01,23:35:00,23:50:00,11.022477,76.995667,11.082477,77.055667,NULL
iobm106180593,2022-03-02,19:15:00,19:25:00,17.431668,78.408321,17.501668,78.478321,NULL
iocr137971284,2022-04-03,12:35:00,12:50:00,26.891191,75.802083,26.931191,75.842083,NULL
ioen772970946,2022-03-20,20:35:00,20:50:00,12.323194,76.630583,12.393194,76.700583,NULL
ioer775484850,2022-03-09,21:35:00,21:45:00,22.725748,75.898497,22.785747,75.958497,NULL
iogf906791991,2022-03-02,21:30:00,21:45:00,26.921411,75.793604,27.011411,75.883604,NULL
iogt669596468,2022-03-01,13:45:00,13:55:00,12.321214,76.621094,12.361214,76.661094,NULL
ioih538554468,2022-03-18,20:40:00,20:50:00,21.149669,72.772629,21.239669,72.862629,NULL
iojp077445648,2022-03-23,21:30:00,21:35:00,19.131141,72.813074,19.211140,72.893074,NULL
ioru673155538,2022-03-17,17:45:00,17:55:00,13.026279,80.174568,13.076279,80.224568,NULL
iosa076783735,2022-03-26,21:30:00,21:35:00,11.000762,76.981876,11.030762,77.011876,NULL
iotj276165714,2022-03-18,18:15:00,18:25:00,13.091809,80.219104,13.171809,80.299104,NULL
iovo518935661,2022-03-01,12:30:00,12:45:00,19.254567,72.848923,19.294567,72.888923,NULL
ioxf776118779,2022-03-23,21:30:00,21:40:00,19.065838,72.832658,19.135838,72.902658,NULL
iozk172605855,2022-02-13,17:50:00,17:55:00,22.552672,88.352885,22.582672,88.382885,NULL
ipbe984968330,2022-03-29,23:25:00,23:30:00,22.310526,73.170937,22.380526,73.240937,NULL
ipdw730274885,2022-03-06,22:00:00,22:10:00,13.081878,80.248519,13.151878,80.318519,NULL
ipgt121911115,2022-04-05,10:50:00,10:55:00,12.934179,77.615797,12.954179,77.635797,NULL
iphv304904196,2022-04-06,22:40:00,22:45:00,0.000000,0.000000,0.110000,0.110000,NULL
iplb652040257,2022-02-17,11:40:00,11:55:00,19.876428,75.364792,19.886428,75.374792,NULL
ipth625568658,2022-03-20,17:25:00,17:35:00,13.086438,80.220672,13.176438,80.310672,NULL
ipvd026583007,2022-03-23,18:45:00,18:50:00,12.975377,77.696664,13.045377,77.766664,NULL
ipxu840714572,2022-03-20,18:50:00,18:55:00,11.020910,76.940432,11.150910,77.070432,NULL
iqbd216667101,2022-02-18,22:00:00,22:10:00,27.163303,78.057044,27.243303,78.137044,NULL
iqbh856143897,2022-03-05,21:00:00,21:05:00,13.058616,80.264151,13.118616,80.324151,NULL
iqcl820838294,2022-03-14,23:25:00,23:40:00,22.651847,75.881991,22.741847,75.971991,NULL
iqdi813722385,2022-03-16,21:10:00,21:25:00,18.927584,72.832585,19.057584,72.962585,NULL
iqem237229463,2022-03-11,19:50:00,20:05:00,12.304569,76.643622,12.354569,76.693622,NULL
iqfd490421421,2022-03-30,11:15:00,11:25:00,13.027018,80.254791,13.037018,80.264791,NULL
iqik139469839,2022-03-17,00:00:00,00:15:00,12.325461,76.632278,12.375461,76.682278,NULL
iqjj263514185,2022-03-02,19:50:00,20:00:00,12.310972,76.659264,12.400972,76.749264,NULL
iqjo681902025,2022-03-24,08:45:00,08:50:00,23.355164,85.324097,23.375164,85.344097,NULL
iqlf621553599,2022-03-13,19:10:00,19:20:00,22.310329,73.169083,22.340329,73.199083,NULL
iqmi629407641,2022-03-12,22:45:00,22:50:00,11.022298,76.998349,11.112298,77.088349,NULL
iqmk810904790,2022-03-28,19:50:00,19:55:00,22.745049,75.892471,22.805049,75.952471,NULL
iqtk653297612,2022-02-15,17:00:00,17:15:00,-19.878028,75.317475,19.918028,75.357475,NULL
iqww626435742,2022-03-13,09:30:00,09:40:00,19.178321,72.834715,19.188321,72.844715,NULL
iqxo781195673,2022-03-25,23:10:00,23:20:00,23.351489,85.324253,23.481489,85.454253,NULL
iray690328025,2022-03-18,19:50:00,20:00:00,26.849596,75.800512,26.919596,75.870512,NULL
irbr265518938,2022-03-26,23:30:00,23:45:00,21.183434,72.814492,21.213434,72.844492,NULL
ircz563519316,2022-02-16,18:50:00,19:05:00,9.979363,76.285001,10.069363,76.375001,NULL
irez683551065,2022-03-03,09:20:00,09:30:00,11.003681,76.975525,11.013681,76.985525,NULL
irip173553989,2022-03-28,08:30:00,08:35:00,13.026286,80.275235,13.046286,80.295235,NULL
irjx569027748,2022-02-18,18:30:00,18:45:00,0.000000,0.000000,0.080000,0.080000,NULL
irlt349481815,2022-03-16,22:00:00,22:10:00,0.000000,0.000000,0.070000,0.070000,NULL
irmv338643977,2022-04-01,19:20:00,19:30:00,19.103249,72.846749,19.153249,72.896749,NULL
irna305052624,2022-02-14,19:00:00,19:15:00,22.549100,88.400467,22.629100,88.480467,NULL
irsn969592782,2022-03-14,19:30:00,19:45:00,18.592718,73.773572,18.662718,73.843572,NULL
irtp178415363,2022-02-12,18:50:00,19:05:00,30.895817,75.813112,30.975817,75.893112,NULL
irts174542211,2022-03-08,20:20:00,20:25:00,17.428294,78.404423,17.498294,78.474423,NULL
irue331659947,2022-02-18,19:40:00,19:45:00,15.498603,73.826911,15.628603,73.956911,NULL
irun510716572,2022-02-18,20:10:00,20:25:00,30.372202,78.077151,30.502202,78.207151,NULL
iruw500521972,2022-03-08,17:40:00,17:55:00,22.753839,75.897429,22.863838,76.007429,NULL
ishn299406561,2022-03-01,22:30:00,22:35:00,13.054347,80.257221,13.104347,80.307221,NULL
isib189064408,2022-03-05,22:10:00,22:25:00,18.592718,73.773572,18.642718,73.823572,NULL
isil629379093,2022-03-15,21:30:00,21:35:00,12.323225,76.630028,12.383225,76.690028,NULL
isjt130284891,2022-03-05,19:50:00,20:05:00,17.440827,78.393391,17.490827,78.443391,NULL
isjt304275475,2022-03-27,19:10:00,19:15:00,13.049645,80.242268,13.179645,80.372268,NULL
isru255446454,2022-03-17,23:35:00,23:50:00,26.849596,75.800512,26.879596,75.830512,NULL
issq769850231,2022-02-14,23:50:00,00:00:00,27.160934,78.044095,27.250934,78.134095,NULL
istj070213071,2022-04-06,20:30:00,20:35:00,19.178321,72.834715,19.268321,72.924715,NULL
isug830737615,2022-04-01,17:30:00,17:35:00,18.520016,73.830547,18.580016,73.890547,NULL
iswj614242863,2022-03-24,10:30:00,10:40:00,21.152760,72.778059,21.172760,72.798059,NULL
isyc752532481,2022-03-18,22:50:00,23:00:00,21.157729,72.768726,21.267729,72.878726,NULL
iszl488617760,2022-03-13,09:35:00,09:40:00,12.934179,77.615797,12.944179,77.625797,NULL
iszq204466703,2022-04-06,19:45:00,20:00:00,13.005801,80.250744,13.095801,80.340744,NULL
itcy670556705,2022-03-21,08:30:00,08:40:00,10.994136,76.963303,11.004136,76.973303,NULL
itdi360890843,2022-04-06,21:10:00,21:25:00,12.934179,77.615797,13.064179,77.745797,NULL
itey939076802,2022-03-06,19:50:00,19:55:00,23.359407,85.325055,23.489407,85.455055,NULL
itfi259801851,2022-03-31,22:15:00,22:20:00,10.961850,76.971082,11.041850,77.051082,NULL
itid156356049,2022-02-12,19:00:00,19:15:00,22.539129,88.365507,22.609129,88.435507,NULL
itii428784576,2022-03-05,22:35:00,22:40:00,21.160437,72.774209,21.210437,72.824209,NULL
itln596272397,2022-03-28,12:10:00,12:15:00,0.000000,0.000000,0.040000,0.040000,NULL
itlt015819756,2022-04-05,12:40:00,12:55:00,23.357804,85.325146,23.397804,85.365146,NULL
itoj919408215,2022-04-03,19:25:00,19:35:00,11.003669,76.976494,11.033669,77.006494,NULL
itpk407886508,2022-02-17,10:40:00,10:45:00,30.328174,78.049117,30.348174,78.069117,NULL
itpl115296258,2022-03-24,13:25:00,13:35:00,11.003008,76.975440,11.043008,77.015440,NULL
itsz778691456,2022-02-12,21:20:00,21:30:00,27.160934,78.044095,27.250934,78.134095,NULL
ittj864611306,2022-02-16,21:35:00,21:50:00,25.457687,81.835585,25.567687,81.945585,NULL
iuav518324369,2022-03-08,23:25:00,23:30:00,12.316967,76.603067,12.426967,76.713067,NULL
iudm759702854,2022-03-17,11:00:00,11:05:00,26.913987,75.752891,26.933987,75.772891,NULL
iulq821746408,2022-02-16,17:20:00,17:25:00,30.362686,78.068890,30.442686,78.148890,NULL
iurb886906628,2022-03-07,23:50:00,23:55:00,22.308096,73.167753,22.368096,73.227753,NULL
iust579586436,2022-03-11,20:40:00,20:55:00,12.337928,76.617889,12.387928,76.667889,NULL
iutb646119634,2022-03-15,11:00:00,11:15:00,19.131141,72.813074,19.141140,72.823074,NULL
iuxj806937978,2022-04-04,20:10:00,20:20:00,12.986047,80.218114,13.096047,80.328114,NULL
ivac488837020,2022-02-14,22:50:00,22:55:00,30.885915,75.788259,31.025915,75.928259,NULL
ivby757012091,2022-04-02,19:25:00,19:35:00,19.120083,72.907385,19.230083,73.017385,NULL
ivhu265025264,2022-02-18,19:25:00,19:35:00,0.000000,0.000000,0.070000,0.070000,NULL
ivot096540312,2022-02-13,22:10:00,22:20:00,22.569358,88.433452,22.599358,88.463452,NULL
ivoy048247612,2022-03-26,17:55:00,18:05:00,12.978453,77.643685,13.028453,77.693685,NULL
ivpa724247041,2022-04-03,17:35:00,17:40:00,12.972532,77.608179,13.002532,77.638179,NULL
ivpy820825330,2022-03-28,18:30:00,18:35:00,13.054347,80.257221,13.104347,80.307221,NULL
ivqs059107541,2022-03-10,20:55:00,21:00:00,26.914142,75.805704,27.004142,75.895704,NULL
ivra626471071,2022-04-02,19:20:00,19:35:00,22.311358,73.164798,22.421358,73.274798,NULL
ivrl496181954,2022-03-13,09:40:00,09:45:00,26.905287,75.794592,26.915287,75.804592,NULL
ivtf765857546,2022-02-15,20:55:00,21:00:00,30.372202,78.077151,30.422202,78.127151,NULL
ivvz258934587,2022-03-11,23:35:00,23:40:00,23.359407,85.325055,23.409407,85.375055,NULL
ivxl302678732,2022-03-31,21:10:00,21:20:00,17.440827,78.393391,17.530827,78.483391,NULL
iwet069960332,2022-04-03,22:30:00,22:45:00,22.751857,75.866699,22.801857,75.916699,NULL
iwfp451472217,2022-03-14,22:15:00,22:20:00,21.157735,72.768778,21.287735,72.898778,NULL
iwgk345795951,2022-02-12,22:15:00,22:20:00,25.450329,81.834279,25.540329,81.924279,NULL
iwgz350984969,2022-03-11,23:50:00,00:00:00,12.975377,77.696664,13.035377,77.756664,NULL
iwhf442204428,2022-03-31,21:40:00,21:55:00,22.310237,73.158921,22.380237,73.228921,NULL
iwhg780258471,2022-03-31,18:50:00,18:55:00,17.428294,78.404423,17.498294,78.474423,NULL
iwke399382301,2022-04-05,08:30:00,08:35:00,18.536718,73.830327,18.556718,73.850327,NULL
iwkp065421476,2022-03-13,23:25:00,23:40:00,11.003669,76.976494,11.063669,77.036494,NULL
iwlc040274522,2022-03-12,21:55:00,22:10:00,21.170096,72.789122,21.250096,72.869122,NULL
iwlo072589123,2022-03-02,17:50:00,18:00:00,22.744648,75.894377,22.824648,75.974377,NULL
iwoy649851528,2022-03-19,12:50:00,12:55:00,0.000000,0.000000,0.040000,0.040000,NULL
iwqj434088008,2022-04-05,10:20:00,10:35:00,0.000000,0.000000,0.020000,0.020000,NULL
iwrb742571273,2022-02-15,19:30:00,19:45:00,-30.885915,75.788259,30.945915,75.848259,NULL
iwuh041278730,2022-03-21,11:50:00,11:55:00,22.311844,73.165081,22.331844,73.185081,NULL
iwuu291511335,2022-02-18,21:40:00,21:50:00,27.160934,78.044095,27.240934,78.124095,NULL
iwzw918582149,2022-04-03,09:00:00,09:15:00,0.000000,0.000000,0.020000,0.020000,NULL
ixba208149040,2022-03-28,22:50:00,23:00:00,0.000000,0.000000,0.030000,0.030000,NULL
ixfk439251990,2022-03-23,20:10:00,20:20:00,12.284747,76.625861,12.414747,76.755861,NULL
ixhg133390694,2022-03-28,19:55:00,20:10:00,23.359407,85.325055,23.389407,85.355055,NULL
ixjd695677895,2022-03-18,17:50:00,18:00:00,13.049645,80.242268,13.139645,80.332268,NULL
ixlp830471710,2022-03-24,10:20:00,10:25:00,0.000000,0.000000,0.020000,0.020000,NULL
ixor902904336,2022-03-07,15:00:00,15:05:00,26.902908,75.792934,26.942908,75.832934,NULL
ixqw714875573,2022-03-04,20:25:00,20:30:00,13.044694,80.261470,13.174694,80.391470,NULL
ixrr607689292,2022-03-03,23:55:00,00:10:00,0.000000,0.000000,0.060000,0.060000,NULL
ixst971426954,2022-02-16,23:10:00,23:20:00,27.161850,78.040165,27.251850,78.130165,NULL
ixvy391453296,2022-02-12,23:35:00,23:45:00,15.561550,73.749092,15.641550,73.829092,NULL
ixwb563101568,2022-03-25,17:35:00,17:50:00,12.297954,76.665169,12.407954,76.775169,NULL
ixwk178531184,2022-03-15,14:45:00,14:50:00,12.316967,76.603067,12.356967,76.643067,NULL
ixxi996412544,2022-03-17,16:00:00,16:05:00,11.025083,77.015393,11.065083,77.055393,NULL
iybe608679576,2022-02-11,10:30:00,10:35:00,26.482581,80.315628,26.492581,80.325628,NULL
iyck095436784,2022-03-15,19:30:00,19:35:00,22.760072,75.892574,22.810072,75.942574,NULL
iygq030084001,2022-03-03,19:00:00,19:10:00,12.975996,80.221898,13.005996,80.251898,NULL
iygq805292487,2022-03-13,11:55:00,12:00:00,23.359407,85.325055,23.379407,85.345055,NULL
iyif048654892,2022-03-03,12:00:00,12:15:00,19.254567,72.848923,19.264567,72.858923,NULL
iyiw782058133,2022-03-20,22:50:00,22:55:00,13.066762,80.251865,13.146762,80.331865,NULL
iymp939024583,2022-03-23,19:55:00,20:00:00,11.022169,76.999594,11.152169,77.129594,NULL
iypw167065359,2022-04-01,14:55:00,15:00:00,12.906229,77.596791,12.946229,77.636791,NULL
iyqp200589187,2022-03-29,17:50:00,18:05:00,26.914142,75.805704,27.044142,75.935704,NULL
iyze900761387,2022-03-21,23:45:00,23:55:00,21.175975,72.795503,21.205975,72.825503,NULL
iyzk871355706,2022-03-11,21:50:00,21:55:00,18.554382,73.798206,18.604382,73.848206,NULL
iyzt505907275,2022-03-20,21:15:00,21:30:00,0.000000,0.000000,0.130000,0.130000,NULL
izaj168715864,2022-02-18,17:50:00,18:00:00,0.000000,0.000000,0.080000,0.080000,NULL
izbs673510494,2022-02-16,18:35:00,18:50:00,10.035573,76.336958,10.125573,76.426958,NULL
izcv287312075,2022-03-04,23:30:00,23:35:00,26.892312,75.806896,27.022313,75.936896,NULL
izeh725722330,2022-03-16,23:25:00,23:40:00,18.536718,73.830327,18.606718,73.900327,NULL
izgd070241386,2022-03-03,17:40:00,17:50:00,11.003669,76.976494,11.053669,77.026494,NULL
izgg072744793,2022-04-06,18:55:00,19:10:00,0.000000,0.000000,0.070000,0.070000,NULL
izgx929750296,2022-02-17,09:15:00,09:20:00,10.006881,76.345397,10.016881,76.355397,NULL
izkt125502221,2022-03-13,17:50:00,18:05:00,0.000000,0.000000,0.060000,0.060000,NULL
izla017825619,2022-03-07,14:50:00,14:55:00,26.956431,75.776649,26.996431,75.816649,NULL
izmz842028466,2022-03-10,20:20:00,20:35:00,23.354422,85.332900,23.434422,85.412900,NULL
iznq032796718,2022-03-30,10:50:00,11:05:00,23.359033,85.325347,23.369033,85.335347,NULL
izri228319377,2022-03-07,21:50:00,21:55:00,12.970324,77.645748,13.030324,77.705748,NULL
izsh716323185,2022-03-31,18:10:00,18:20:00,22.753839,75.897429,22.823839,75.967429,NULL
izun335549174,2022-02-17,19:45:00,19:55:00,25.459775,81.834841,25.509775,81.884841,NULL
izvk757374277,2022-03-12,21:35:00,21:50:00,12.970221,77.645396,13.080221,77.755396,NULL
izvl399117454,2022-03-01,20:25:00,20:35:00,19.221315,72.862381,19.281315,72.922381,NULL
izyr719409547,2022-03-27,22:00:00,22:15:00,21.175104,72.804342,21.285104,72.914342,NULL
izzl877034693,2022-03-31,19:30:00,19:40:00,23.351489,85.324253,23.441489,85.414253,NULL
izzr244268721,2022-02-12,18:15:00,18:30:00,27.160934,78.044095,27.270934,78.154095,NULL
jaci979233337,2022-02-15,11:25:00,11:35:00,0.000000,0.000000,0.010000,0.010000,NULL
jaeo818631474,2022-03-02,22:20:00,22:25:00,19.207222,72.972281,19.297222,73.062281,NULL
jafl646647000,2022-03-17,17:45:00,17:50:00,12.906229,77.596791,12.956229,77.646791,NULL
jagx745019615,2022-04-01,22:35:00,22:40:00,12.304569,76.643622,12.354569,76.693622,NULL
jahb106523805,2022-03-25,20:45:00,20:55:00,17.458998,78.500366,17.538998,78.580366,NULL
jaho194132087,2022-03-13,19:40:00,19:45:00,17.455894,78.375467,17.505894,78.425467,NULL
jajt936908615,2022-03-18,19:45:00,20:00:00,22.751234,75.889490,22.831234,75.969490,NULL
jalm371553895,2022-03-17,21:10:00,21:25:00,26.849596,75.800512,26.899596,75.850512,NULL
jaly850181397,2022-03-17,13:50:00,13:55:00,17.440827,78.393391,17.480827,78.433391,NULL
jape222496065,2022-03-12,22:50:00,22:55:00,12.323194,76.630583,12.403194,76.710583,NULL
jaqx969023213,2022-03-01,08:20:00,08:25:00,12.337978,76.616792,12.347978,76.626792,NULL
jasm625399773,2022-03-23,21:00:00,21:15:00,19.223840,72.841347,19.293840,72.911347,NULL
jasz824089982,2022-02-14,22:20:00,22:35:00,0.000000,0.000000,0.110000,0.110000,NULL
jatv599637199,2022-02-12,21:25:00,21:35:00,27.165108,78.015053,27.295108,78.145053,NULL
jayx246729237,2022-03-14,21:30:00,21:45:00,17.430448,78.418213,17.520448,78.508213,NULL
jazp344496927,2022-03-15,23:15:00,23:25:00,21.152760,72.778059,21.212760,72.838059,NULL
jbag985546186,2022-03-05,13:45:00,13:55:00,22.722634,75.886959,22.762634,75.926959,NULL
jbas216596334,2022-03-23,00:00:00,00:05:00,11.021278,76.995017,11.131278,77.105017,NULL
jbau972850110,2022-03-11,19:55:00,20:10:00,0.000000,0.000000,0.030000,0.030000,NULL
jbcj606517643,2022-03-01,10:30:00,10:40:00,19.221315,72.862381,19.231315,72.872381,NULL
jbcl771822786,2022-03-03,12:45:00,12:50:00,12.970221,77.645396,13.010221,77.685396,NULL
jbis906868203,2022-03-14,22:15:00,22:25:00,18.533811,73.899315,18.623811,73.989315,NULL
jbly825151237,2022-03-25,21:45:00,21:50:00,11.003681,76.975525,11.093681,77.065525,NULL
jbnp223257055,2022-02-17,23:00:00,23:15:00,9.979363,76.285001,10.039363,76.345001,NULL
jbow828636115,2022-02-12,17:15:00,17:25:00,19.874449,75.360232,19.984449,75.470232,NULL
jbsg180939232,2022-03-10,20:40:00,20:45:00,12.323978,76.627961,12.413978,76.717961,NULL
jbts229431770,2022-03-09,13:30:00,13:40:00,11.003681,76.975525,11.043681,77.015525,NULL
jbvi392181477,2022-03-13,23:45:00,00:00:00,17.450851,78.379347,17.480851,78.409347,NULL
jbvp002580087,2022-02-18,18:35:00,18:45:00,15.585658,73.743606,15.695658,73.853606,NULL
jcbf589578971,2022-03-10,22:00:00,22:05:00,26.888420,75.800689,26.958420,75.870689,NULL
jcbn444847069,2022-03-21,19:45:00,19:55:00,22.310329,73.169083,22.360329,73.219083,NULL
jchh165303243,2022-03-04,21:15:00,21:20:00,23.353783,85.326967,23.483783,85.456967,NULL
jckk823134910,2022-04-02,20:50:00,21:05:00,18.636215,73.751081,18.726215,73.841081,NULL
jckm395946685,2022-03-13,21:35:00,21:45:00,12.337928,76.617889,12.397928,76.677889,NULL
jclh827274073,2022-03-07,15:55:00,16:05:00,12.310972,76.659264,12.350972,76.699264,NULL
jclo279060197,2022-03-28,12:35:00,12:50:00,21.157735,72.768778,21.197735,72.808778,NULL
jcpe013381421,2022-02-11,18:00:00,18:15:00,23.230791,77.437020,23.280791,77.487020,NULL
jcpg155820375,2022-03-05,12:30:00,12:45:00,18.530963,73.828972,18.570963,73.868972,NULL
jcpj577050648,2022-03-11,20:55:00,21:10:00,26.910262,75.783013,26.940262,75.813013,NULL
jcpn721435886,2022-03-20,20:45:00,20:55:00,11.024839,77.007003,11.104839,77.087003,NULL
jcru105486988,2022-02-15,19:45:00,20:00:00,-15.513150,73.783460,15.563150,73.833460,NULL
jcsl021982140,2022-03-09,09:15:00,09:25:00,26.910262,75.783013,26.920262,75.793013,NULL
jcyu586065884,2022-03-10,23:00:00,23:15:00,22.311603,73.165012,22.391603,73.245012,NULL
jczp890006251,2022-02-11,21:40:00,21:50:00,23.235123,77.398886,23.285123,77.448886,NULL
jdal467340480,2022-02-11,09:45:00,09:50:00,27.201725,78.007553,27.211725,78.017553,NULL
jdao207004428,2022-03-12,19:45:00,19:50:00,12.316967,76.603067,12.386967,76.673067,NULL
jdav260064486,2022-03-04,17:45:00,17:50:00,21.173493,72.801953,21.283493,72.911953,NULL
jdbr330511127,2022-03-23,17:10:00,17:20:00,17.431477,78.400350,17.501477,78.470350,NULL
jdco063921079,2022-03-07,17:45:00,17:50:00,13.029198,77.570997,13.079198,77.620997,NULL
jdhx679768731,2022-03-09,18:30:00,18:40:00,0.000000,0.000000,0.060000,0.060000,NULL
jdje593711302,2022-02-18,21:30:00,21:35:00,27.161694,78.034714,27.241694,78.114714,NULL
jdkj150056382,2022-03-02,21:25:00,21:35:00,18.593481,73.785901,18.723481,73.915901,NULL
jdnw526991011,2022-03-28,11:10:00,11:25:00,21.171060,72.789292,21.191060,72.809292,NULL
jdog231544224,2022-04-04,19:00:00,19:15:00,13.091809,80.219104,13.181809,80.309104,NULL
jdoy280280991,2022-03-31,21:10:00,21:25:00,11.021278,76.995017,11.111278,77.085017,NULL
jdrn726132841,2022-03-24,17:20:00,17:25:00,17.438263,78.397865,17.488263,78.447865,NULL
jdso163554546,2022-02-12,18:15:00,18:25:00,27.195928,77.998092,27.305928,78.108092,NULL
jdva678631783,2022-04-03,22:20:00,22:25:00,22.310237,73.158921,22.360237,73.208921,NULL
jdvu632855096,2022-03-25,23:15:00,23:20:00,17.410371,78.437225,17.480371,78.507225,NULL
jdzp641797750,2022-03-11,10:25:00,10:30:00,12.311072,76.654878,12.321072,76.664878,NULL
jecz459501802,2022-04-05,09:45:00,10:00:00,22.753659,75.903365,22.773659,75.923365,NULL
jeds300944718,2022-02-18,22:20:00,22:35:00,15.556561,73.763633,15.666561,73.873633,NULL
jeen246679329,2022-03-13,08:15:00,08:20:00,19.126630,72.829976,19.146630,72.849976,NULL
jehl054042191,2022-03-12,17:40:00,17:50:00,17.412330,78.449654,17.482330,78.519654,NULL
jehq844769102,2022-04-01,09:00:00,09:10:00,23.351489,85.324253,23.361489,85.334253,NULL
jejp663193052,2022-03-12,21:10:00,21:15:00,12.308500,76.665808,12.378500,76.735808,NULL
jeka111783609,2022-02-17,15:50:00,15:55:00,30.332735,78.054222,30.372735,78.094222,NULL
jekz073566438,2022-03-15,20:55:00,21:00:00,0.000000,0.000000,0.050000,0.050000,NULL
jelo693068681,2022-02-13,11:00:00,11:10:00,9.985497,76.276999,9.995497,76.286999,NULL
jepv407444871,2022-02-11,21:20:00,21:35:00,19.876106,75.340775,19.936106,75.400775,NULL
jeqx868168296,2022-03-14,22:35:00,22:40:00,19.120083,72.907385,19.250083,73.037385,NULL
jeqy421755046,2022-03-20,20:25:00,20:30:00,0.000000,0.000000,0.080000,0.080000,NULL
jesm060905400,2022-03-29,18:30:00,18:45:00,12.980410,77.640489,13.090410,77.750489,NULL
jevg031260370,2022-03-27,18:50:00,19:05:00,17.438263,78.397865,17.568263,78.527865,NULL
jewt723046137,2022-02-13,18:35:00,18:45:00,30.895204,75.822103,30.945204,75.872103,NULL
jexa898688264,2022-03-24,20:35:00,20:40:00,21.149834,72.778666,21.179834,72.808666,NULL
jexj760835001,2022-03-25,21:35:00,21:40:00,18.533811,73.899315,18.603811,73.969315,NULL
jeyo607700577,2022-04-01,21:10:00,21:20:00,26.902940,75.793007,26.932940,75.823007,NULL
jfal775507292,2022-04-03,18:50:00,19:05:00,11.026117,76.944652,11.076117,76.994652,NULL
jfga728648249,2022-03-30,22:40:00,22:45:00,26.766536,75.837333,26.816536,75.887333,NULL
jfjd973292964,2022-03-02,22:45:00,22:55:00,13.005801,80.250744,13.085801,80.330744,NULL
jfla413350625,2022-03-05,18:40:00,18:55:00,21.186608,72.794136,21.216608,72.824136,NULL
jfph023162182,2022-03-19,22:35:00,22:45:00,21.149834,72.778666,21.179834,72.808666,NULL
jftf066486740,2022-03-21,09:20:00,09:30:00,23.374878,85.335739,23.384878,85.345739,NULL
jftv381297086,2022-04-04,22:10:00,22:20:00,18.539299,73.897902,18.629299,73.987902,NULL
jfwf299088767,2022-03-09,20:55:00,21:00:00,19.103249,72.846749,19.163249,72.906749,NULL
jfwp923513462,2022-04-03,08:10:00,08:15:00,22.728163,75.884212,22.738163,75.894212,NULL
jgbc287273591,2022-03-28,18:15:00,18:25:00,22.725748,75.898497,22.775748,75.948497,NULL
jgcy113446649,2022-03-13,12:35:00,12:40:00,13.044694,80.261470,13.084694,80.301470,NULL
jgde569307907,2022-03-28,14:20:00,14:30:00,26.914142,75.805704,26.954142,75.845704,NULL
jgeb418827582,2022-04-03,13:25:00,13:40:00,17.451976,78.385883,17.491976,78.425883,NULL
jghx947691443,2022-03-19,16:00:00,16:15:00,13.029198,77.570997,13.069198,77.610997,NULL
jgic868064595,2022-02-11,08:15:00,08:20:00,9.988483,76.295211,10.008483,76.315211,NULL
jgof759321255,2022-03-31,23:40:00,23:55:00,19.103249,72.846749,19.233249,72.976749,NULL
jgph383118131,2022-03-15,11:50:00,12:05:00,12.310972,76.659264,12.330972,76.679264,NULL
jgrw493527936,2022-04-02,19:00:00,19:05:00,22.311603,73.165012,22.391603,73.245012,NULL
jgrw736516161,2022-03-14,22:55:00,23:10:00,19.120083,72.907385,19.210083,72.997385,NULL
jgsk451914048,2022-02-18,17:45:00,17:50:00,0.000000,0.000000,0.080000,0.080000,NULL
jgug272809165,2022-04-03,11:55:00,12:00:00,23.354422,85.332900,23.374422,85.352900,NULL
jgug607810044,2022-04-02,20:25:00,20:40:00,18.593481,73.785901,18.683481,73.875901,NULL
jguq748952620,2022-03-09,10:10:00,10:20:00,26.905190,75.810753,26.925190,75.830753,NULL
jgvd589775932,2022-03-02,22:35:00,22:45:00,22.310526,73.170937,22.420526,73.280937,NULL
jgvu032978312,2022-03-18,19:40:00,19:55:00,12.934179,77.615797,13.014179,77.695797,NULL
jgwc340531496,2022-03-04,19:50:00,19:55:00,12.972793,80.249982,13.102793,80.379982,NULL
jgwe842221163,2022-03-19,10:55:00,11:00:00,18.534080,73.898520,18.554080,73.918520,NULL
jgxq160749194,2022-03-24,08:55:00,09:05:00,11.020910,76.940432,11.040910,76.960432,NULL
jgyn267512553,2022-03-15,17:30:00,17:40:00,22.751857,75.866699,22.811857,75.926699,NULL
jgze646200858,2022-04-05,19:50:00,20:05:00,22.750040,75.902847,22.780040,75.932847,NULL
jhdu483185705,2022-04-01,23:50:00,23:55:00,12.939496,77.625999,12.999496,77.685999,NULL
jhdz401208411,2022-03-24,20:55:00,21:10:00,11.025083,77.015393,11.055083,77.045393,NULL
jhfa779664836,2022-02-14,17:25:00,17:35:00,0.000000,0.000000,0.080000,0.080000,NULL
jhfr462750103,2022-03-09,09:35:00,09:50:00,21.160437,72.774209,21.170437,72.784209,NULL
jhha157050002,2022-03-19,13:40:00,13:45:00,12.352058,76.606650,12.392058,76.646650,NULL
jhhe257501197,2022-02-14,19:40:00,19:45:00,22.527893,88.368628,22.597893,88.438628,NULL
jhik099005127,2022-03-05,20:15:00,20:30:00,0.000000,0.000000,0.060000,0.060000,NULL
jhjs364948117,2022-03-15,08:45:00,08:55:00,0.000000,0.000000,0.020000,0.020000,NULL
jhlq522931419,2022-03-20,21:10:00,21:15:00,12.310972,76.659264,12.380972,76.729264,NULL
jhob232446890,2022-02-18,17:55:00,18:00:00,0.000000,0.000000,0.090000,0.090000,NULL
jhog645314602,2022-03-17,19:15:00,19:20:00,23.374989,85.335486,23.404989,85.365486,NULL
jhpq716114658,2022-03-12,23:55:00,00:05:00,18.554382,73.798206,18.644382,73.888206,NULL
jhrf611504760,2022-03-24,13:55:00,14:10:00,0.000000,0.000000,0.040000,0.040000,NULL
jhtk998208672,2022-03-02,17:10:00,17:25:00,19.091458,72.827808,19.161458,72.897808,NULL
jhvd885484569,2022-03-30,19:45:00,19:50:00,22.727021,75.884167,22.787021,75.944167,NULL
jhvn996758137,2022-03-03,20:55:00,21:10:00,13.026279,80.174568,13.076279,80.224568,NULL
jigc821561720,2022-04-02,21:25:00,21:35:00,0.000000,0.000000,0.110000,0.110000,NULL
jihe180606745,2022-03-19,17:10:00,17:15:00,0.000000,0.000000,0.050000,0.050000,NULL
jihi392363780,2022-03-13,11:10:00,11:25:00,18.569156,73.774723,18.589156,73.794723,NULL
jihj332265807,2022-03-09,19:45:00,20:00:00,23.359194,85.325447,23.389194,85.355447,NULL
jihm026624953,2022-04-02,22:45:00,23:00:00,12.310972,76.659264,12.400972,76.749264,NULL
jijq741574955,2022-04-05,11:25:00,11:35:00,17.431668,78.408321,17.451668,78.428321,NULL
jina376655016,2022-03-21,10:00:00,10:10:00,12.311072,76.654878,12.321072,76.664878,NULL
jira543490731,2022-03-27,23:15:00,23:30:00,12.980410,77.640489,13.070410,77.730489,NULL
jiti821749988,2022-03-11,18:15:00,18:25:00,13.029198,77.570997,13.059198,77.600997,NULL
jiyc198145687,2022-02-12,21:30:00,21:45:00,30.359722,78.067079,30.469722,78.177079,NULL
jiyk366597448,2022-03-21,16:30:00,16:40:00,12.980410,77.640489,13.020410,77.680489,NULL
jjbv380330673,2022-03-16,17:20:00,17:35:00,26.905190,75.810753,27.035190,75.940753,NULL
jjcl090851660,2022-03-23,21:20:00,21:30:00,12.986047,80.218114,13.096047,80.328114,NULL
jjdh335156425,2022-03-13,19:35:00,19:45:00,12.935662,77.614130,12.995662,77.674130,NULL
jjfx362897521,2022-02-16,18:10:00,18:25:00,22.526461,88.364453,22.616461,88.454453,NULL
jjgb504806830,2022-03-27,23:50:00,00:05:00,12.934179,77.615797,13.064179,77.745797,NULL
jjlf727534741,2022-03-28,21:55:00,22:05:00,11.003681,76.975525,11.053681,77.025525,NULL
jjpc681328627,2022-04-02,17:25:00,17:30:00,11.003669,76.976494,11.073669,77.046494,NULL
jjpw687950604,2022-03-11,22:00:00,22:10:00,22.651847,75.881991,22.711847,75.941991,NULL
jjqe966541290,2022-03-26,11:45:00,11:50:00,17.430448,78.418213,17.440448,78.428213,NULL
jjqf468148916,2022-03-26,15:20:00,15:35:00,17.428294,78.404423,17.468294,78.444423,NULL
jjse098826907,2022-03-28,12:40:00,12:55:00,12.352058,76.606650,12.392058,76.646650,NULL
jjvt280392958,2022-03-05,18:20:00,18:35:00,21.170798,72.790489,21.200798,72.820489,NULL
jjya299810159,2022-03-15,09:00:00,09:15:00,22.311358,73.164798,22.331358,73.184798,NULL
jjzp750329111,2022-03-23,18:25:00,18:40:00,19.207222,72.972281,19.277222,73.042281,NULL
jkjb937543258,2022-03-01,13:15:00,13:20:00,17.450851,78.379347,17.490851,78.419347,NULL
jkjm741542230,2022-03-13,21:45:00,21:50:00,23.354422,85.332900,23.404422,85.382900,NULL
jkkv014691736,2022-03-01,23:40:00,23:55:00,12.981615,80.231598,13.041615,80.291598,NULL
jkob017341574,2022-02-11,14:00:00,14:05:00,15.561550,73.749092,15.601550,73.789092,NULL
jksa994607764,2022-02-11,19:10:00,19:20:00,0.000000,0.000000,0.050000,0.050000,NULL
jkuf804144352,2022-04-01,17:35:00,17:45:00,12.311072,76.654878,12.371072,76.714878,NULL
jkzh372697925,2022-03-09,21:00:00,21:10:00,18.530963,73.828972,18.590963,73.888972,NULL
jkzy682949122,2022-03-02,17:45:00,18:00:00,0.000000,0.000000,0.110000,0.110000,NULL
jlay385532261,2022-03-04,19:50:00,20:00:00,17.426228,78.407495,17.506228,78.487495,NULL
jlbz601737064,2022-03-31,20:20:00,20:25:00,12.906229,77.596791,13.036229,77.726791,NULL
jldo942185379,2022-03-03,09:20:00,09:25:00,0.000000,0.000000,0.020000,0.020000,NULL
jlgr550054212,2022-03-20,21:20:00,21:25:00,19.065838,72.832658,19.155838,72.922658,NULL
jlky656226381,2022-02-18,20:15:00,20:20:00,26.481547,80.299775,26.591547,80.409775,NULL
jlnb940848792,2022-03-13,08:25:00,08:35:00,22.745049,75.892471,22.755049,75.902471,NULL
jlog687677023,2022-03-25,21:15:00,21:30:00,12.311072,76.654878,12.401072,76.744878,NULL
jlqo128018460,2022-03-11,08:50:00,09:05:00,22.732225,75.874765,22.752225,75.894765,NULL
jlsv816160080,2022-03-01,18:25:00,18:35:00,22.727021,75.884167,22.757021,75.914167,NULL
jlud043305800,2022-03-11,22:25:00,22:40:00,11.001852,76.976268,11.031852,77.006268,NULL
jlvk970569104,2022-03-18,20:25:00,20:35:00,21.170096,72.789122,21.250096,72.869122,NULL
jlvu017587092,2022-03-19,10:50:00,11:00:00,26.888420,75.800689,26.898420,75.810689,NULL
jlvz045460797,2022-03-03,11:15:00,11:20:00,12.311072,76.654878,12.321072,76.664878,NULL
jlwh564514757,2022-04-06,22:20:00,22:30:00,26.902940,75.793007,26.992940,75.883007,NULL
jlwp795312355,2022-03-12,21:50:00,21:55:00,18.543626,73.905101,18.653626,74.015101,NULL
jlwz636183589,2022-03-07,10:55:00,11:10:00,12.906229,77.596791,12.926229,77.616791,NULL
jmeq314808175,2022-02-14,21:20:00,21:35:00,30.887220,75.804893,30.997220,75.914893,NULL
jmge340007899,2022-04-03,23:40:00,23:55:00,18.636215,73.751081,18.686215,73.801081,NULL
jmiq794769698,2022-03-20,17:55:00,18:05:00,0.000000,0.000000,0.080000,0.080000,NULL
jmjg108359321,2022-03-09,10:50:00,10:55:00,23.351058,85.325731,23.361058,85.335731,NULL
jmjn116240089,2022-04-06,20:25:00,20:35:00,26.911927,75.797282,26.981927,75.867282,NULL
jmlv463056672,2022-03-07,08:50:00,09:05:00,26.911378,75.789034,26.931378,75.809034,NULL
jmnc005413789,2022-04-01,08:45:00,08:50:00,18.994049,72.825203,19.014049,72.845203,NULL
jmoa672601014,2022-03-14,17:55:00,18:05:00,13.026286,80.275235,13.106286,80.355235,NULL
jmqn050887037,2022-03-29,23:10:00,23:20:00,23.416792,85.316842,23.526792,85.426842,NULL
jmso699522660,2022-03-08,21:55:00,22:05:00,23.359407,85.325055,23.449407,85.415055,NULL
jmwu008565919,2022-03-09,21:55:00,22:05:00,22.307898,73.167788,22.337898,73.197788,NULL
jmzd529557681,2022-03-25,18:25:00,18:40:00,19.254567,72.848923,19.364567,72.958923,NULL
jmzf475878551,2022-03-01,15:40:00,15:55:00,12.316967,76.603067,12.356967,76.643067,NULL
jnbj423409037,2022-03-08,23:25:00,23:40:00,19.103249,72.846749,19.193249,72.936749,NULL
jnbk751106789,2022-03-21,17:55:00,18:10:00,12.304569,76.643622,12.354569,76.693622,NULL
jndo287242943,2022-03-31,19:20:00,19:30:00,18.546258,73.904337,18.616258,73.974337,NULL
jnge623681084,2022-02-15,18:10:00,18:20:00,30.892860,75.822199,30.922860,75.852199,NULL
jnmf903122490,2022-02-17,14:00:00,14:15:00,0.000000,0.000000,0.040000,0.040000,NULL
jnmi885588299,2022-02-18,19:15:00,19:30:00,30.346994,78.062543,30.486994,78.202543,NULL
jnmr186460460,2022-03-16,18:45:00,18:50:00,12.297954,76.665169,12.377954,76.745169,NULL
jnmr468067079,2022-03-16,20:00:00,20:05:00,19.221315,72.862381,19.291315,72.932381,NULL
jnmu143378476,2022-04-06,22:55:00,23:05:00,22.311844,73.165081,22.381844,73.235081,NULL
jnnn967637798,2022-02-18,21:10:00,21:15:00,19.874449,75.360232,19.984449,75.470232,NULL
jnnx355265356,2022-04-05,19:55:00,20:00:00,19.003517,72.827650,19.033517,72.857650,NULL
jnrl035248824,2022-03-27,17:10:00,17:25:00,11.003681,76.975525,11.073681,77.045525,NULL
jnsg096646298,2022-03-02,19:15:00,19:30:00,12.326356,76.619103,12.396356,76.689103,NULL
jnwi453180585,2022-03-10,20:45:00,20:55:00,12.906229,77.596791,13.016229,77.706791,NULL
jnxl855739886,2022-03-04,19:25:00,19:40:00,22.310237,73.158921,22.380237,73.228921,NULL
joav845642999,2022-02-17,21:40:00,21:55:00,22.539129,88.365507,22.599129,88.425507,NULL
jocn049365284,2022-03-21,21:20:00,21:30:00,13.026286,80.275235,13.056286,80.305235,NULL
joed514858564,2022-03-28,21:40:00,21:45:00,12.323978,76.627961,12.373978,76.677961,NULL
jofc305619553,2022-03-04,17:10:00,17:20:00,22.311603,73.165012,22.381603,73.235012,NULL
jofo009814468,2022-03-05,21:25:00,21:30:00,19.003517,72.827650,19.063517,72.887650,NULL
joho495798943,2022-03-07,11:55:00,12:05:00,12.337928,76.617889,12.347928,76.627889,NULL
jool553810214,2022-03-18,18:15:00,18:20:00,17.410371,78.437225,17.490371,78.517225,NULL
joqd892129601,2022-03-09,22:20:00,22:30:00,23.355164,85.324097,23.415164,85.384097,NULL
jorj440560315,2022-03-08,18:10:00,18:15:00,12.326356,76.619103,12.436356,76.729103,NULL
jotw371550394,2022-02-15,09:00:00,09:10:00,0.000000,0.000000,0.010000,0.010000,NULL
joxn091305095,2022-03-02,20:25:00,20:35:00,17.438263,78.397865,17.528263,78.487865,NULL
joyt335036732,2022-03-04,18:00:00,18:15:00,19.221315,72.862381,19.311315,72.952381,NULL
jozu410182697,2022-03-12,19:40:00,19:55:00,22.725748,75.898497,22.835748,76.008497,NULL
jpbf997821085,2022-03-05,09:55:00,10:05:00,21.170096,72.789122,21.180096,72.799122,NULL
jpet729617185,2022-03-04,19:20:00,19:35:00,13.045479,80.233110,13.155479,80.343110,NULL
jpgk726928435,2022-03-07,11:30:00,11:35:00,11.003681,76.975525,11.023681,76.995525,NULL
jpic522501836,2022-02-18,23:30:00,23:45:00,0.000000,0.000000,0.110000,0.110000,NULL
jpjt720421807,2022-03-18,20:30:00,20:35:00,18.516216,73.842527,18.596216,73.922527,NULL
jpks312737016,2022-03-10,18:45:00,19:00:00,18.562450,73.916619,18.692450,74.046619,NULL
jpnx568481348,2022-03-01,16:10:00,16:20:00,11.000762,76.981876,11.040762,77.021876,NULL
jpoc039577191,2022-03-20,21:20:00,21:35:00,13.081878,80.248519,13.161878,80.328519,NULL
jpof890882844,2022-03-01,19:10:00,19:15:00,19.121999,72.908493,19.171999,72.958493,NULL
jpou654965948,2022-03-02,19:50:00,20:00:00,0.000000,0.000000,0.130000,0.130000,NULL
jppa472683579,2022-03-15,17:30:00,17:45:00,18.551440,73.804855,18.601440,73.854855,NULL
jppz255130420,2022-03-06,19:15:00,19:25:00,11.001852,76.976268,11.111852,77.086268,NULL
jpqq416548352,2022-02-15,15:35:00,15:45:00,0.000000,0.000000,0.040000,0.040000,NULL
jprv591352529,2022-03-09,22:35:00,22:45:00,23.374989,85.335486,23.424989,85.385486,NULL
jptb980554885,2022-03-05,16:35:00,16:50:00,18.536562,73.896485,18.576562,73.936485,NULL
jptk658410739,2022-03-15,17:10:00,17:20:00,12.979166,77.640709,13.029166,77.690709,NULL
jptr583515630,2022-02-17,20:45:00,20:55:00,30.893244,75.821817,30.943244,75.871817,NULL
jpua241792052,2022-03-04,22:10:00,22:15:00,0.000000,0.000000,0.080000,0.080000,NULL
jpww219959956,2022-03-16,18:20:00,18:30:00,17.433809,78.386744,17.503809,78.456744,NULL
jpzg430807944,2022-02-18,22:35:00,22:50:00,30.873988,75.842739,31.003988,75.972739,NULL
jqad663832266,2022-03-31,21:50:00,22:00:00,17.450851,78.379347,17.520851,78.449347,NULL
jqco336937571,2022-03-18,20:35:00,20:50:00,12.934365,77.616155,13.024365,77.706155,NULL
jqcz434588814,2022-03-11,17:00:00,17:10:00,18.530963,73.828972,18.570963,73.868972,NULL
jqfo876530884,2022-04-03,21:30:00,21:45:00,13.049645,80.242268,13.099645,80.292268,NULL
jqfv206968830,2022-03-13,20:15:00,20:20:00,12.914264,77.678400,12.944264,77.708400,NULL
jqit187482886,2022-03-05,14:40:00,14:50:00,22.750040,75.902847,22.790040,75.942847,NULL
jqjz040630974,2022-03-24,23:35:00,23:40:00,19.065838,72.832658,19.115838,72.882658,NULL
jqkb320298342,2022-03-13,19:55:00,20:00:00,12.975377,77.696664,13.025377,77.746664,NULL
jqmq257785912,2022-02-16,22:10:00,22:25:00,0.000000,0.000000,0.080000,0.080000,NULL
jqnc959451522,2022-02-13,08:15:00,08:25:00,25.454697,81.834492,25.464697,81.844492,NULL
jqqu691470835,2022-02-12,22:50:00,23:00:00,26.470000,80.350000,26.580000,80.460000,NULL
jqtv615007397,2022-04-01,17:35:00,17:50:00,12.323994,76.626167,12.383994,76.686167,NULL
jquf926580370,2022-03-24,22:10:00,22:15:00,13.022394,80.242439,13.082394,80.302439,NULL
jqxq068892372,2022-03-26,17:35:00,17:45:00,12.975377,77.696664,13.025377,77.746664,NULL
jqyl893031918,2022-03-16,18:15:00,18:20:00,0.000000,0.000000,0.110000,0.110000,NULL
jrdt044319812,2022-04-01,18:20:00,18:30:00,22.727021,75.884167,22.777021,75.934167,NULL
jrhj067660884,2022-03-17,21:50:00,22:05:00,23.357804,85.325146,23.417804,85.385146,NULL
jrho322365641,2022-02-13,19:00:00,19:15:00,0.000000,0.000000,0.030000,0.030000,NULL
jrho477870175,2022-03-27,17:35:00,17:45:00,0.000000,0.000000,0.080000,0.080000,NULL
jrhp861029495,2022-04-04,18:45:00,18:55:00,22.311358,73.164798,22.381358,73.234798,NULL
jriz326728956,2022-03-15,18:40:00,18:50:00,26.902940,75.793007,26.932940,75.823007,NULL
jrmt422770170,2022-04-02,17:55:00,18:00:00,18.536718,73.830327,18.666719,73.960327,NULL
jrpn294896376,2022-03-19,11:15:00,11:30:00,22.761593,75.886362,22.771593,75.896362,NULL
jrqb133653335,2022-03-01,09:20:00,09:35:00,11.001753,76.986241,11.021753,77.006241,NULL
jrqy504505596,2022-03-08,21:35:00,21:50:00,12.981615,80.231598,13.071615,80.321598,NULL
jrsl743627983,2022-02-17,08:20:00,08:30:00,15.561550,73.749092,15.581550,73.769092,NULL
jrth636419565,2022-03-14,19:50:00,19:55:00,12.325461,76.632278,12.395461,76.702278,NULL
jrvr712383789,2022-02-13,16:15:00,16:25:00,30.332735,78.054222,30.372735,78.094222,NULL
jrzw710510668,2022-03-11,09:15:00,09:30:00,26.902328,75.794257,26.922328,75.814257,NULL
jrzz070590798,2022-03-15,09:15:00,09:25:00,12.337928,76.617889,12.347928,76.627889,NULL
jsde568528887,2022-02-17,09:50:00,09:55:00,10.027014,76.308053,10.047014,76.328053,NULL
jsev214740054,2022-02-12,23:55:00,00:00:00,19.876219,75.346017,19.986219,75.456017,NULL
jskq337824447,2022-02-17,22:40:00,22:55:00,22.538731,88.364878,22.568731,88.394878,NULL
jsku204560077,2022-03-20,19:30:00,19:40:00,22.748060,75.893400,22.838060,75.983400,NULL
jsna718265884,2022-02-14,19:20:00,19:30:00,-22.537960,88.349843,22.607960,88.419843,NULL
jsnc209722674,2022-04-04,23:55:00,00:10:00,13.086438,80.220672,13.156439,80.290672,NULL
jsoe596567394,2022-02-11,10:00:00,10:05:00,30.899992,75.831338,30.909992,75.841338,NULL
jsvc767291402,2022-03-07,18:25:00,18:30:00,18.546258,73.904337,18.606258,73.964337,NULL
jsvm146812754,2022-04-04,18:00:00,18:05:00,0.000000,0.000000,0.080000,0.080000,NULL
jsww731349503,2022-03-17,21:30:00,21:40:00,11.024839,77.007003,11.084839,77.067003,NULL
jsza800558769,2022-02-14,21:45:00,22:00:00,22.514688,88.393294,22.624688,88.503294,NULL
jszj144513133,2022-03-19,11:10:00,11:25:00,22.751857,75.866699,22.771857,75.886699,NULL
jtap617795641,2022-02-11,10:40:00,10:50:00,26.474986,80.342796,26.484986,80.352796,NULL
jtbg559191624,2022-03-17,22:10:00,22:25:00,19.065838,72.832658,19.095838,72.862658,NULL
jtbh288132359,2022-04-02,22:10:00,22:20:00,19.178321,72.834715,19.268321,72.924715,NULL
jtcb561643461,2022-03-09,17:30:00,17:35:00,12.906229,77.596791,12.966229,77.656791,NULL
jtfl077079750,2022-03-11,10:50:00,10:55:00,11.016298,76.972076,11.026298,76.982076,NULL
jtjf640494774,2022-03-25,21:15:00,21:30:00,17.433809,78.386744,17.543809,78.496744,NULL
jtjl951243304,2022-04-05,13:50:00,14:05:00,10.961850,76.971082,11.001850,77.011082,NULL
jtnz723137938,2022-03-19,20:15:00,20:20:00,17.451976,78.385883,17.481976,78.415883,NULL
jtoi590392087,2022-03-04,23:30:00,23:45:00,12.975377,77.696664,13.065377,77.786664,NULL
jtpt648811611,2022-03-18,17:45:00,17:55:00,12.316967,76.603067,12.446967,76.733067,NULL
jtsd466670552,2022-03-15,19:50:00,20:05:00,19.055831,72.833984,19.115831,72.893984,NULL
jtsv828435645,2022-03-11,23:35:00,23:50:00,19.221315,72.862381,19.271315,72.912381,NULL
jttm849299889,2022-02-12,22:35:00,22:50:00,0.000000,0.000000,0.070000,0.070000,NULL
jtva921874875,2022-03-11,09:00:00,09:05:00,19.254567,72.848923,19.274567,72.868923,NULL
jtvz051251628,2022-02-12,22:40:00,22:50:00,0.000000,0.000000,0.090000,0.090000,NULL
jtyb665748468,2022-04-06,21:30:00,21:35:00,26.921411,75.793604,27.031411,75.903604,NULL
jtzf017134809,2022-03-15,12:00:00,12:05:00,23.399250,85.390464,23.409250,85.400464,NULL
juag914547368,2022-03-09,20:50:00,21:05:00,23.353783,85.326967,23.413783,85.386967,NULL
juda665565409,2022-03-05,23:15:00,23:30:00,13.058616,80.264151,13.108616,80.314151,NULL
jugh670288503,2022-03-09,08:20:00,08:25:00,21.170096,72.789122,21.180096,72.799122,NULL
juke877803143,2022-03-17,19:55:00,20:05:00,18.546947,73.900626,18.576947,73.930626,NULL
jukj221358582,2022-03-18,23:20:00,23:30:00,0.000000,0.000000,0.070000,0.070000,NULL
julc860983123,2022-03-29,17:20:00,17:25:00,23.359033,85.325347,23.429033,85.395347,NULL
jule342607051,2022-03-31,17:35:00,17:45:00,17.429585,78.392621,17.559585,78.522621,NULL
jume050100672,2022-02-18,23:10:00,23:15:00,0.000000,0.000000,0.070000,0.070000,NULL
jusb629926522,2022-03-12,21:50:00,21:55:00,18.593481,73.785901,18.663481,73.855901,NULL
jutm631463976,2022-03-11,18:30:00,18:45:00,12.323978,76.627961,12.383978,76.687961,NULL
juwl795974297,2022-03-05,10:30:00,10:35:00,11.026117,76.944652,11.046117,76.964652,NULL
juws011238793,2022-04-04,23:55:00,00:00:00,13.054347,80.257221,13.134347,80.337221,NULL
juzv116759658,2022-03-29,18:15:00,18:20:00,26.905190,75.810753,27.035190,75.940753,NULL
jvco758418006,2022-03-29,20:50:00,21:00:00,12.933298,77.614293,13.023298,77.704293,NULL
jvdk649608100,2022-02-17,21:50:00,21:55:00,25.453436,81.833167,25.483436,81.863167,NULL
jved487030257,2022-02-15,20:55:00,21:10:00,19.876994,75.372353,19.906994,75.402353,NULL
jvel732240130,2022-02-14,20:20:00,20:35:00,0.000000,0.000000,0.130000,0.130000,NULL
jvev469820141,2022-03-12,21:20:00,21:30:00,18.636215,73.751081,18.716215,73.831081,NULL
jvgf373737586,2022-03-27,17:50:00,18:05:00,19.221315,72.862381,19.301315,72.942381,NULL
jvha792113965,2022-03-23,20:00:00,20:15:00,18.927584,72.832585,19.017584,72.922585,NULL
jvhw620821025,2022-03-28,20:55:00,21:00:00,18.994237,72.825553,19.054237,72.885553,NULL
jvjc772545076,2022-03-14,17:25:00,17:30:00,12.352058,76.606650,12.482058,76.736650,NULL
jvjk992668570,2022-04-04,18:50:00,19:05:00,0.000000,0.000000,0.080000,0.080000,NULL
jvlo505853080,2022-03-26,17:20:00,17:35:00,26.905287,75.794592,26.965287,75.854592,NULL
jvmo868885362,2022-04-06,21:35:00,21:40:00,21.160437,72.774209,21.270437,72.884209,NULL
jvpw000917666,2022-03-09,21:10:00,21:15:00,12.334022,76.618203,12.394022,76.678203,NULL
jvte374854985,2022-03-10,19:20:00,19:25:00,23.351489,85.324253,23.431489,85.404253,NULL
jvvs488718852,2022-03-29,17:15:00,17:25:00,11.000762,76.981876,11.090762,77.071876,NULL
jvvv970586328,2022-03-26,12:40:00,12:45:00,12.933284,77.615428,12.973284,77.655428,NULL
jvxn936557952,2022-02-18,22:55:00,23:05:00,0.000000,0.000000,0.090000,0.090000,NULL
jvyf566091524,2022-03-13,21:00:00,21:15:00,22.725748,75.898497,22.775748,75.948497,NULL
jvys669590459,2022-03-02,21:30:00,21:40:00,12.970324,77.645748,13.080324,77.755748,NULL
jvzz084490599,2022-02-18,17:50:00,17:55:00,23.214294,77.435361,23.294294,77.515361,NULL
jwdp033586938,2022-02-17,11:00:00,11:05:00,22.538731,88.364878,22.548731,88.374878,NULL
jwef100439998,2022-03-27,17:10:00,17:20:00,11.025083,77.015393,11.105083,77.095393,NULL
jwgq604828505,2022-04-04,22:50:00,22:55:00,11.025083,77.015393,11.105083,77.095393,NULL
jwik452834308,2022-04-06,20:35:00,20:40:00,21.186608,72.794136,21.266608,72.874136,NULL
jwil232416803,2022-03-26,21:10:00,21:15:00,22.722634,75.886959,22.782634,75.946959,NULL
jwkh904468915,2022-04-05,11:10:00,11:20:00,19.207222,72.972281,19.227222,72.992281,NULL
jwlp265263688,2022-03-06,23:45:00,23:55:00,26.902908,75.792934,27.042908,75.932934,NULL
jwlr133077175,2022-03-27,21:55:00,22:10:00,21.160522,72.771477,21.270522,72.881477,NULL
jwma062448038,2022-04-01,12:50:00,12:55:00,11.026117,76.944652,11.066117,76.984652,NULL
jwmc195266141,2022-03-13,23:45:00,23:50:00,17.429585,78.392621,17.459585,78.422621,NULL
jwmf601716475,2022-02-17,22:30:00,22:40:00,0.000000,0.000000,0.060000,0.060000,NULL
jwmt504332720,2022-03-05,17:25:00,17:35:00,17.450851,78.379347,17.500851,78.429347,NULL
jwoi945866735,2022-03-05,14:20:00,14:35:00,19.109300,72.825451,19.149300,72.865451,NULL
jwpu705140378,2022-02-14,18:10:00,18:15:00,26.473698,80.352677,26.543698,80.422677,NULL
jwst680136085,2022-03-12,20:25:00,20:35:00,12.933284,77.615428,13.023284,77.705428,NULL
jwuz406262253,2022-03-28,15:00:00,15:05:00,18.536562,73.896485,18.576562,73.936485,NULL
jwxp104997161,2022-03-15,19:35:00,19:50:00,19.254567,72.848923,19.314567,72.908923,NULL
jxbk775540671,2022-04-04,19:00:00,19:10:00,22.725835,75.887648,22.835835,75.997648,NULL
jxbs890592866,2022-03-17,17:15:00,17:25:00,22.310526,73.170937,22.370526,73.230937,NULL
jxbv463952854,2022-04-06,23:25:00,23:40:00,22.310526,73.170937,22.380526,73.240937,NULL
jxcj714747032,2022-04-01,20:40:00,20:55:00,21.186438,72.794115,21.236438,72.844115,NULL
jxer595793091,2022-02-11,20:35:00,20:50:00,23.266261,77.379605,23.326261,77.439605,NULL
jxfa422365074,2022-02-11,21:10:00,21:20:00,0.000000,0.000000,0.050000,0.050000,NULL
jxfk765653997,2022-03-28,22:55:00,23:00:00,22.311603,73.165012,22.371603,73.225012,NULL
jxha519047663,2022-02-17,15:00:00,15:15:00,30.893081,75.821495,30.933081,75.861495,NULL
jxkh072332343,2022-03-06,20:15:00,20:20:00,26.911378,75.789034,27.021378,75.899034,NULL
jxok959478273,2022-04-02,21:10:00,21:15:00,22.307898,73.167788,22.417898,73.277788,NULL
jxot779056955,2022-02-13,23:30:00,23:45:00,27.160934,78.044095,27.220934,78.104095,NULL
jxpx230712251,2022-03-17,17:45:00,17:55:00,13.054347,80.257221,13.084347,80.287221,NULL
jxrf169692899,2022-02-13,20:00:00,20:10:00,-15.546594,73.760431,15.606594,73.820431,NULL
jxrv512387082,2022-04-05,14:50:00,14:55:00,22.761226,75.887522,22.801226,75.927522,NULL
jxsj508533395,2022-04-01,22:35:00,22:40:00,12.308500,76.665808,12.338500,76.695808,NULL
jxtc254315566,2022-03-06,21:50:00,22:05:00,0.000000,0.000000,0.080000,0.080000,NULL
jxwt554960674,2022-03-14,19:50:00,20:00:00,21.160522,72.771477,21.290522,72.901477,NULL
jxzq088677580,2022-02-18,20:45:00,20:50:00,19.875522,75.367127,20.005522,75.497127,NULL
jybe497283054,2022-03-30,11:30:00,11:45:00,19.109300,72.825451,19.119300,72.835451,NULL
jybv139687483,2022-03-21,11:20:00,11:25:00,23.369746,85.339820,23.389746,85.359820,NULL
jyby738813122,2022-02-12,20:30:00,20:35:00,26.469003,80.316344,26.609003,80.456344,NULL
jycy734082027,2022-02-13,10:00:00,10:05:00,26.471617,80.313564,26.491617,80.333564,NULL
jyfb084585166,2022-03-20,20:50:00,21:05:00,11.026117,76.944652,11.136117,77.054652,NULL
jyfk581170734,2022-03-02,17:55:00,18:00:00,19.176269,72.836721,19.286269,72.946721,NULL
jyfm216458975,2022-02-17,23:00:00,23:05:00,22.514585,88.393310,22.544585,88.423310,NULL
jygg410487154,2022-04-04,22:55:00,23:00:00,21.149669,72.772629,21.279669,72.902629,NULL
jygh581734211,2022-03-28,20:10:00,20:25:00,22.725748,75.898497,22.755747,75.928497,NULL
jyhe362788537,2022-04-06,19:55:00,20:00:00,22.761593,75.886362,22.831593,75.956362,NULL
jyhs252188077,2022-03-02,23:55:00,00:10:00,22.748060,75.893400,22.828060,75.973400,NULL
jynb294389305,2022-03-04,19:00:00,19:05:00,19.091458,72.827808,19.181458,72.917808,NULL
jyoq910789842,2022-03-28,23:45:00,23:55:00,11.003669,76.976494,11.063669,77.036494,NULL
jyqj415229531,2022-03-31,18:50:00,19:05:00,22.748060,75.893400,22.828060,75.973400,NULL
jyrj153172312,2022-02-14,19:35:00,19:40:00,30.873988,75.842739,30.953988,75.922739,NULL
jysi770515530,2022-02-16,22:55:00,23:10:00,27.163303,78.057044,27.273303,78.167044,NULL
jysk150045683,2022-03-08,23:30:00,23:35:00,17.426228,78.407495,17.536228,78.517495,NULL
jysr427028144,2022-04-06,17:45:00,17:55:00,26.911927,75.797282,27.041927,75.927282,NULL
jyxj301861170,2022-03-24,11:50:00,12:00:00,26.910262,75.783013,26.920262,75.793013,NULL
jzam829230168,2022-03-24,11:45:00,11:50:00,26.913483,75.803139,26.933483,75.823139,NULL
jzgr611176036,2022-03-27,20:45:00,21:00:00,12.975377,77.696664,13.105377,77.826664,NULL
jzhg651996027,2022-04-02,18:50:00,18:55:00,26.910262,75.783013,27.000262,75.873013,NULL
jzhp553860958,2022-03-18,17:55:00,18:00:00,19.055831,72.833984,19.145831,72.923984,NULL
jzjb608804495,2022-03-17,23:25:00,23:35:00,21.160522,72.771477,21.210522,72.821477,NULL
jzkm575921901,2022-03-30,17:50:00,17:55:00,19.223840,72.841347,19.253840,72.871347,NULL
jzlm858828682,2022-02-17,20:30:00,20:40:00,19.874103,75.368419,19.924103,75.418419,NULL
jzlp259945775,2022-02-18,23:50:00,23:55:00,23.214294,77.435361,23.344294,77.565361,NULL
jzlp444143300,2022-03-17,14:55:00,15:10:00,26.902908,75.792934,26.942908,75.832934,NULL
jzpn133462074,2022-02-17,22:45:00,23:00:00,15.513150,73.783460,15.543150,73.813460,NULL
jzpq124976003,2022-04-06,18:50:00,18:55:00,23.374989,85.335486,23.504989,85.465486,NULL
jzqi659694881,2022-03-02,23:10:00,23:20:00,23.359033,85.325347,23.449033,85.415347,NULL
jzrq910527389,2022-03-20,20:30:00,20:35:00,19.221315,72.862381,19.331315,72.972381,NULL
jzsz866134597,2022-03-16,23:20:00,23:25:00,22.725835,75.887648,22.815835,75.977648,NULL
jzua192808217,2022-03-16,20:15:00,20:20:00,12.299524,76.642620,12.369524,76.712620,NULL
jzuy312337346,2022-04-03,23:55:00,00:05:00,12.979096,77.640625,13.029096,77.690625,NULL
jzxo251833710,2022-03-25,18:00:00,18:10:00,23.359407,85.325055,23.449407,85.415055,NULL
jzya092433050,2022-03-20,19:55:00,20:00:00,12.284747,76.625861,12.414747,76.755861,NULL
jzzk349096295,2022-03-03,09:35:00,09:50:00,11.006686,76.951736,11.016686,76.961736,NULL
kaac585481995,2022-03-09,20:40:00,20:55:00,17.459710,78.368855,17.509710,78.418855,NULL
kagi627826822,2022-03-28,18:00:00,18:10:00,12.972793,80.249982,13.002793,80.279982,NULL
kaif701057147,2022-03-23,20:50:00,21:00:00,11.025083,77.015393,11.095083,77.085393,NULL
kaih065047972,2022-03-11,23:00:00,23:15:00,19.223840,72.841347,19.253840,72.871347,NULL
kaoj810098995,2022-03-03,11:10:00,11:15:00,13.022394,80.242439,13.032394,80.252439,NULL
kaov083972582,2022-02-15,18:45:00,18:50:00,9.959778,76.296106,9.989778,76.326106,NULL
kaqe623729284,2022-03-11,12:00:00,12:05:00,19.003517,72.827650,19.013517,72.837650,NULL
katm135332118,2022-03-30,10:30:00,10:35:00,22.695207,75.866059,22.705207,75.876059,NULL
kavz681637808,2022-03-08,19:35:00,19:50:00,12.310972,76.659264,12.390972,76.739264,NULL
kbcb187418479,2022-02-11,18:20:00,18:25:00,23.214294,77.435361,23.264294,77.485361,NULL
kbcm159213469,2022-04-04,18:40:00,18:50:00,18.563934,73.915367,18.643935,73.995367,NULL
kbdc711046313,2022-03-01,23:10:00,23:15:00,23.359194,85.325447,23.419194,85.385447,NULL
kbei325817647,2022-03-10,21:00:00,21:10:00,26.911378,75.789034,26.991378,75.869034,NULL
kbfb920021911,2022-03-07,23:35:00,23:45:00,13.064181,80.236442,13.094181,80.266442,NULL
kbgu722652088,2022-03-02,19:10:00,19:25:00,0.000000,0.000000,0.070000,0.070000,NULL
kbhb286226770,2022-03-04,23:30:00,23:45:00,18.530963,73.828972,18.640963,73.938972,NULL
kbhv450952531,2022-03-24,19:55:00,20:05:00,18.516216,73.842527,18.546216,73.872527,NULL
kbhy965593154,2022-03-15,18:20:00,18:30:00,13.029780,80.208812,13.059780,80.238812,NULL
kbln393702128,2022-03-23,21:10:00,21:15:00,22.751857,75.866699,22.831857,75.946699,NULL
kblu566599775,2022-03-09,18:35:00,18:50:00,21.186608,72.794136,21.246608,72.854136,NULL
kbqd751459221,2022-03-07,11:30:00,11:40:00,22.727021,75.884167,22.747021,75.904167,NULL
kbtn077161505,2022-03-29,22:40:00,22:45:00,21.183434,72.814492,21.263434,72.894492,NULL
kbus124653030,2022-02-12,19:50:00,20:00:00,19.875016,75.322405,19.965016,75.412405,NULL
kbxf220818376,2022-03-05,20:35:00,20:50:00,26.902908,75.792934,26.952908,75.842934,NULL
kbxs934261122,2022-03-19,08:50:00,08:55:00,12.323994,76.626167,12.343994,76.646167,NULL
kbxz166579673,2022-03-05,10:40:00,10:50:00,26.921411,75.793604,26.931411,75.803604,NULL
kccq250958228,2022-03-19,21:35:00,21:50:00,18.563934,73.915367,18.593934,73.945367,NULL
kcdr224504524,2022-03-11,21:10:00,21:20:00,22.312790,73.170283,22.372790,73.230283,NULL
kcfv809519295,2022-03-07,22:15:00,22:30:00,17.483216,78.552111,17.533216,78.602111,NULL
kchf265636656,2022-03-06,21:40:00,21:50:00,12.906229,77.596791,13.016229,77.706791,NULL
kcla849398035,2022-03-01,21:40:00,21:55:00,17.450851,78.379347,17.510851,78.439347,NULL
kcln965804801,2022-04-05,23:35:00,23:40:00,12.906229,77.596791,12.936229,77.626791,NULL
kcmu116689219,2022-04-02,19:50:00,20:05:00,0.000000,0.000000,0.090000,0.090000,NULL
kcnv548703361,2022-03-20,23:45:00,00:00:00,13.027018,80.254791,13.097018,80.324791,NULL
kcpg601866438,2022-03-28,22:45:00,22:55:00,22.725748,75.898497,22.785747,75.958497,NULL
kcpq645894240,2022-03-24,23:20:00,23:30:00,18.562450,73.916619,18.612450,73.966619,NULL
kcre082992577,2022-03-25,20:10:00,20:15:00,26.902908,75.792934,27.042908,75.932934,NULL
kczt009877782,2022-02-13,16:50:00,16:55:00,23.214294,77.435361,23.254294,77.475361,NULL
kdbu035077095,2022-02-14,21:00:00,21:10:00,26.482581,80.315628,26.552581,80.385628,NULL
kdbz058571456,2022-03-19,20:30:00,20:45:00,22.312790,73.170283,22.342790,73.200283,NULL
kddb655628516,2022-02-11,21:35:00,21:40:00,22.569358,88.433452,22.619358,88.483452,NULL
kdes162309629,2022-03-31,23:45:00,23:50:00,12.284747,76.625861,12.354747,76.695861,NULL
kdjq596288378,2022-03-20,23:00:00,23:10:00,17.410371,78.437225,17.520371,78.547225,NULL
kdlk855322342,2022-03-27,20:15:00,20:25:00,12.913041,77.683237,12.983041,77.753237,NULL
kdmf215395396,2022-02-16,23:25:00,23:40:00,19.876219,75.346017,19.956219,75.426017,NULL
kdnv530581612,2022-03-07,22:35:00,22:40:00,26.913726,75.752820,26.973726,75.812821,NULL
kdoi450584961,2022-02-14,20:45:00,20:50:00,30.892860,75.822199,31.032860,75.962199,NULL
kdoi749308717,2022-03-14,19:25:00,19:30:00,11.003681,76.975525,11.113681,77.085525,NULL
kdoj635328532,2022-03-03,22:20:00,22:30:00,22.722634,75.886959,22.752634,75.916959,NULL
kdvn930161219,2022-03-05,11:20:00,11:25:00,19.176269,72.836721,19.186269,72.846721,NULL
kdxo849671893,2022-02-16,22:40:00,22:55:00,25.451646,81.832796,25.531646,81.912796,NULL
kdyp921881186,2022-03-27,17:30:00,17:40:00,21.186884,72.793616,21.316884,72.923616,NULL
kdzh548900592,2022-03-02,19:00:00,19:05:00,19.126630,72.829976,19.216630,72.919976,NULL
kegv303265171,2022-03-04,23:35:00,23:45:00,21.173493,72.801953,21.263493,72.891953,NULL
kegw760086617,2022-02-18,23:20:00,23:25:00,30.328174,78.049117,30.418174,78.139117,NULL
kegy499107385,2022-03-31,20:55:00,21:00:00,12.326356,76.619103,12.406356,76.699103,NULL
kejp433449623,2022-03-26,12:00:00,12:10:00,22.748060,75.893400,22.758060,75.903400,NULL
kejs397351837,2022-03-08,17:35:00,17:45:00,26.902328,75.794257,26.972328,75.864257,NULL
kekw593837446,2022-02-12,20:35:00,20:45:00,9.979186,76.317361,10.109186,76.447361,NULL
kemb464518000,2022-03-31,18:50:00,19:00:00,21.183434,72.814492,21.293434,72.924492,NULL
kemd906602818,2022-03-21,14:25:00,14:30:00,11.022477,76.995667,11.062477,77.035667,NULL
kemq249617699,2022-03-25,20:40:00,20:50:00,13.005801,80.250744,13.075801,80.320744,NULL
keon996101065,2022-04-05,23:25:00,23:40:00,12.311072,76.654878,12.371072,76.714878,NULL
kepn348949314,2022-03-19,12:10:00,12:15:00,18.534080,73.898520,18.574080,73.938520,NULL
keqn544644977,2022-02-15,08:20:00,08:35:00,22.537960,88.349843,22.557960,88.369843,NULL
keud494395490,2022-02-12,17:15:00,17:30:00,10.028047,76.310019,10.108047,76.390019,NULL
kevq551132022,2022-03-07,22:35:00,22:50:00,21.170798,72.790489,21.200798,72.820489,NULL
kexl197909523,2022-02-12,22:45:00,23:00:00,25.450329,81.834279,25.580329,81.964279,NULL
kexo258229392,2022-03-15,19:30:00,19:40:00,26.911378,75.789034,26.941378,75.819034,NULL
kezq280741564,2022-03-05,11:50:00,11:55:00,12.933298,77.614293,12.943298,77.624293,NULL
kfcu924212731,2022-02-18,20:55:00,21:10:00,26.483672,80.320708,26.623672,80.460708,NULL
kfdt286969173,2022-04-04,19:00:00,19:05:00,17.450851,78.379347,17.560851,78.489347,NULL
kfdz455936438,2022-03-23,17:20:00,17:25:00,0.000000,0.000000,0.110000,0.110000,NULL
kffb704016786,2022-02-14,17:10:00,17:15:00,23.266261,77.379605,23.356261,77.469605,NULL
kffc936206295,2022-03-21,10:55:00,11:10:00,17.440827,78.393391,17.450827,78.403391,NULL
kfgh206495876,2022-02-11,10:30:00,10:35:00,0.000000,0.000000,0.020000,0.020000,NULL
kfgw936101474,2022-03-28,09:10:00,09:20:00,11.010375,76.952950,11.030375,76.972950,NULL
kfhd623107769,2022-03-27,19:50:00,20:05:00,21.173493,72.801953,21.263493,72.891953,NULL
kfin743411389,2022-03-07,08:50:00,08:55:00,0.000000,0.000000,0.010000,0.010000,NULL
kfjo473528241,2022-03-07,18:20:00,18:35:00,18.994049,72.825203,19.054049,72.885203,NULL
kfjq373831395,2022-03-06,19:20:00,19:35:00,12.310972,76.659264,12.420972,76.769264,NULL
kfjw636000221,2022-04-01,12:00:00,12:15:00,22.695207,75.866059,22.715207,75.886059,NULL
kfkc122508933,2022-03-14,22:25:00,22:30:00,18.593481,73.785901,18.663481,73.855901,NULL
kfkr404378398,2022-02-17,20:20:00,20:35:00,9.985697,76.281128,10.035697,76.331128,NULL
kfly436352695,2022-02-15,19:20:00,19:35:00,26.463504,80.372929,26.513504,80.422929,NULL
kfnt126619524,2022-03-31,18:45:00,18:50:00,11.003669,76.976494,11.133669,77.106494,NULL
kfqc058146340,2022-04-03,10:15:00,10:20:00,22.744648,75.894377,22.754648,75.904377,NULL
kfqm138289050,2022-03-11,17:45:00,17:55:00,17.451976,78.385883,17.501976,78.435883,NULL
kfsr911096253,2022-02-18,23:50:00,23:55:00,26.492106,80.327797,26.562106,80.397797,NULL
kfta460042349,2022-02-15,19:45:00,19:55:00,25.451517,81.832616,25.501517,81.882616,NULL
kftx355679282,2022-03-30,14:10:00,14:15:00,11.008638,76.984311,11.048638,77.024311,NULL
kfwp675511217,2022-03-26,14:40:00,14:45:00,12.326356,76.619103,12.366356,76.659103,NULL
kfww676370417,2022-02-12,19:20:00,19:35:00,0.000000,0.000000,0.070000,0.070000,NULL
kgad872432626,2022-03-09,21:40:00,21:45:00,18.546947,73.900626,18.596947,73.950626,NULL
kgap585195507,2022-02-11,20:40:00,20:45:00,30.890184,75.829615,30.950184,75.889615,NULL
kgaq741399055,2022-03-08,23:10:00,23:20:00,23.416792,85.316842,23.486792,85.386842,NULL
kgbi202766353,2022-04-05,08:20:00,08:25:00,22.745049,75.892471,22.765049,75.912471,NULL
kgbq368364184,2022-03-31,23:25:00,23:30:00,11.025083,77.015393,11.155083,77.145393,NULL
kgce305451670,2022-03-19,09:30:00,09:40:00,12.311072,76.654878,12.321072,76.664878,NULL
kgcr071195941,2022-03-21,16:15:00,16:20:00,18.533811,73.899315,18.573811,73.939315,NULL
kgdp101844044,2022-03-10,20:30:00,20:35:00,22.311844,73.165081,22.401844,73.255081,NULL
kgff353118810,2022-02-11,10:35:00,10:50:00,0.000000,0.000000,0.020000,0.020000,NULL
kgfl810725335,2022-03-27,18:15:00,18:30:00,12.939496,77.625999,13.029496,77.715999,NULL
kgjb145446786,2022-03-24,21:20:00,21:35:00,22.311603,73.165012,22.371603,73.225012,NULL
kgjn762760820,2022-04-01,20:30:00,20:35:00,22.745536,75.893106,22.805536,75.953106,NULL
kgjp670019362,2022-04-01,09:40:00,09:55:00,12.980410,77.640489,12.990410,77.650489,NULL
kgnl089680514,2022-03-29,20:35:00,20:50:00,22.732225,75.874765,22.842225,75.984765,NULL
kgrj158781483,2022-03-11,09:35:00,09:50:00,21.170096,72.789122,21.180096,72.799122,NULL
kgro450624626,2022-03-05,08:35:00,08:50:00,23.359033,85.325347,23.369033,85.335347,NULL
kgta093501875,2022-04-03,18:40:00,18:55:00,12.323978,76.627961,12.373978,76.677961,NULL
kgti461197070,2022-03-18,22:55:00,23:10:00,11.008638,76.984311,11.098638,77.074311,NULL
kgxt438981305,2022-02-13,14:35:00,14:50:00,30.914057,75.839820,30.954057,75.879820,NULL
kgzs835149344,2022-02-16,22:00:00,22:10:00,0.000000,0.000000,0.110000,0.110000,NULL
khck672172455,2022-04-05,12:35:00,12:50:00,19.091458,72.827808,19.131458,72.867808,NULL
khcl871892317,2022-03-10,22:55:00,23:05:00,12.913041,77.683237,13.043041,77.813237,NULL
khdy869383100,2022-03-03,23:30:00,23:35:00,19.109300,72.825451,19.169300,72.885451,NULL
khgr492852623,2022-03-29,20:50:00,21:05:00,26.905287,75.794592,27.015287,75.904592,NULL
khjh794834949,2022-03-15,08:10:00,08:20:00,11.021278,76.995017,11.041278,77.015017,NULL
khjl552768307,2022-02-13,08:30:00,08:35:00,22.537960,88.349843,22.557960,88.369843,NULL
khjm619520065,2022-03-02,18:25:00,18:35:00,23.359407,85.325055,23.439407,85.405055,NULL
khkh804061032,2022-03-18,23:30:00,23:45:00,26.888420,75.800689,27.018420,75.930689,NULL
khnw259198823,2022-03-28,16:25:00,16:30:00,17.451976,78.385883,17.491976,78.425883,NULL
khpv973158304,2022-02-15,17:45:00,18:00:00,0.000000,0.000000,0.030000,0.030000,NULL
khtv729467609,2022-04-02,18:35:00,18:45:00,12.934365,77.616155,13.064365,77.746155,NULL
khzr502246279,2022-02-12,17:40:00,17:50:00,25.452350,81.841889,25.562350,81.951889,NULL
kiez199041304,2022-02-18,21:15:00,21:30:00,9.979186,76.317361,10.089186,76.427361,NULL
kifq556800414,2022-03-19,15:30:00,15:40:00,12.297954,76.665169,12.337954,76.705169,NULL
kigg044908146,2022-03-21,10:40:00,10:50:00,12.949934,77.699386,12.969934,77.719386,NULL
kihd131912103,2022-03-11,08:55:00,09:00:00,11.021278,76.995017,11.041278,77.015017,NULL
kilh850247205,2022-04-06,18:45:00,19:00:00,21.175975,72.795503,21.245975,72.865503,NULL
kilj340774514,2022-02-12,17:55:00,18:10:00,30.885915,75.788259,30.965915,75.868259,NULL
kimc326961623,2022-03-13,09:45:00,10:00:00,17.426228,78.407495,17.436228,78.417495,NULL
kimp906757960,2022-03-05,12:00:00,12:10:00,19.176269,72.836721,19.196269,72.856721,NULL
kimy475612117,2022-03-20,18:30:00,18:45:00,18.994237,72.825553,19.084237,72.915553,NULL
kinb202819384,2022-02-13,08:30:00,08:45:00,15.561295,73.749478,15.581295,73.769478,NULL
kinc542802063,2022-03-16,21:15:00,21:30:00,18.554382,73.798206,18.644382,73.888206,NULL
kinn169532527,2022-03-07,11:35:00,11:45:00,0.000000,0.000000,0.020000,0.020000,NULL
kinz865470580,2022-02-13,17:30:00,17:35:00,15.569600,73.742294,15.629600,73.802294,NULL
kiox299634110,2022-04-02,20:00:00,20:15:00,18.546258,73.904337,18.656258,74.014337,NULL
kisj704646416,2022-03-09,08:50:00,09:05:00,22.725748,75.898497,22.735747,75.908497,NULL
kitt337907719,2022-03-02,22:50:00,23:05:00,12.981615,80.231598,13.111615,80.361598,NULL
kiyg810534481,2022-03-16,23:35:00,23:45:00,19.178321,72.834715,19.248321,72.904715,NULL
kiyk223630390,2022-03-11,12:50:00,12:55:00,18.994049,72.825203,19.034049,72.865203,NULL
kjal979882916,2022-03-16,20:25:00,20:40:00,26.846156,75.802300,26.986156,75.942300,NULL
kjed097017426,2022-04-01,11:35:00,11:40:00,17.455894,78.375467,17.465894,78.385467,NULL
kjef892715538,2022-03-17,12:45:00,12:55:00,19.176269,72.836721,19.216269,72.876721,NULL
kjei595862586,2022-02-18,17:35:00,17:40:00,0.000000,0.000000,0.070000,0.070000,NULL
kjgf359672430,2022-02-17,15:30:00,15:40:00,19.888716,75.321461,19.928716,75.361461,NULL
kjht356207304,2022-03-17,09:15:00,09:30:00,12.914264,77.678400,12.934264,77.698400,NULL
kjic578711491,2022-03-11,08:15:00,08:30:00,11.003669,76.976494,11.013669,76.986494,NULL
kjln790080169,2022-03-02,20:25:00,20:30:00,11.006686,76.951736,11.076686,77.021736,NULL
kjmt601272450,2022-04-06,18:00:00,18:15:00,23.416792,85.316842,23.496792,85.396842,NULL
kjni870891929,2022-03-10,22:50:00,23:00:00,12.981615,80.231598,13.061615,80.311598,NULL
kjoy052193677,2022-03-06,19:30:00,19:35:00,12.975996,80.221898,13.065996,80.311898,NULL
kjpf840721043,2022-04-03,14:55:00,15:00:00,21.186608,72.794136,21.226608,72.834136,NULL
kjpp858660850,2022-03-09,23:10:00,23:25:00,12.323194,76.630583,12.373194,76.680583,NULL
kjrl674025438,2022-04-06,19:30:00,19:40:00,0.000000,0.000000,0.070000,0.070000,NULL
kjsi663713414,2022-03-16,22:10:00,22:25:00,22.751234,75.889490,22.861234,75.999490,NULL
kjso870064135,2022-04-01,15:50:00,16:05:00,22.751857,75.866699,22.791857,75.906699,NULL
kjul457226529,2022-03-09,22:10:00,22:25:00,22.753839,75.897429,22.783839,75.927429,NULL
kjxw105828911,2022-04-01,09:10:00,09:25:00,19.103249,72.846749,19.113249,72.856749,NULL
kjzl218401575,2022-04-01,18:45:00,19:00:00,12.914264,77.678400,12.964264,77.728400,NULL
kkas549034701,2022-02-18,18:50:00,18:55:00,23.264015,77.408236,23.374015,77.518236,NULL
kkbd201162601,2022-03-02,19:25:00,19:35:00,11.000762,76.981876,11.070762,77.051876,NULL
kkdx293493677,2022-04-05,22:25:00,22:35:00,21.186438,72.794115,21.246438,72.854115,NULL
kkey357107052,2022-04-05,12:50:00,12:55:00,0.000000,0.000000,0.040000,0.040000,NULL
kkgv520440318,2022-03-01,10:35:00,10:40:00,18.592718,73.773572,18.602718,73.783572,NULL
kkho378389637,2022-04-03,11:10:00,11:15:00,17.451976,78.385883,17.471976,78.405883,NULL
kkhw301173513,2022-03-03,18:55:00,19:00:00,11.022169,76.999594,11.082169,77.059594,NULL
kkid644249816,2022-04-05,13:50:00,14:00:00,19.103249,72.846749,19.143249,72.886749,NULL
kkjs367321241,2022-03-18,23:45:00,00:00:00,22.310237,73.158921,22.380237,73.228921,NULL
kkkg430733627,2022-03-24,17:50:00,17:55:00,26.910262,75.783013,26.960262,75.833013,NULL
kkkn806065019,2022-03-28,19:00:00,19:10:00,21.149669,72.772629,21.179669,72.802629,NULL
kklz242189792,2022-03-20,19:40:00,19:55:00,18.551440,73.804855,18.621440,73.874855,NULL
kkni283102635,2022-03-29,19:30:00,19:45:00,11.020910,76.940432,11.090910,77.010432,NULL
kkof077176405,2022-03-06,19:55:00,20:00:00,26.766536,75.837333,26.856536,75.927333,NULL
kkqb212189836,2022-02-18,21:55:00,22:00:00,23.234631,77.401663,23.304631,77.471663,NULL
kkqp408531429,2022-02-16,22:45:00,22:50:00,19.876428,75.364792,19.966428,75.454792,NULL
kkun247667776,2022-02-13,21:20:00,21:35:00,30.361281,78.068022,30.391281,78.098022,NULL
kkwm408643147,2022-02-15,09:40:00,09:50:00,25.452350,81.841889,25.462350,81.851889,NULL
kkzr928184130,2022-03-17,21:00:00,21:05:00,17.424114,78.347554,17.454114,78.377554,NULL
kleq584677542,2022-03-08,19:50:00,20:05:00,0.000000,0.000000,0.110000,0.110000,NULL
klhn910543336,2022-03-28,10:20:00,10:35:00,12.304569,76.643622,12.314569,76.653622,NULL
klil713169327,2022-03-26,20:10:00,20:20:00,22.761226,75.887522,22.811226,75.937522,NULL
klje181215820,2022-03-18,21:00:00,21:10:00,12.975377,77.696664,13.055377,77.776664,NULL
kljo727155219,2022-03-05,17:40:00,17:50:00,0.000000,0.000000,0.030000,0.030000,NULL
klkf554764955,2022-03-16,17:15:00,17:30:00,10.961850,76.971082,11.031850,77.041082,NULL
klkl943389128,2022-03-12,19:25:00,19:30:00,26.888420,75.800689,26.998420,75.910689,NULL
klld832495097,2022-03-23,21:40:00,21:55:00,21.185047,72.808590,21.295047,72.918590,NULL
kllk327072475,2022-03-08,21:10:00,21:20:00,23.359033,85.325347,23.469033,85.435347,NULL
klvq005450972,2022-02-12,23:10:00,23:15:00,19.876428,75.364792,19.956428,75.444792,NULL
klvy799014109,2022-03-23,20:20:00,20:25:00,18.530963,73.828972,18.660963,73.958972,NULL
klxg163745734,2022-03-03,21:35:00,21:45:00,12.323978,76.627961,12.373978,76.677961,NULL
klyj023071874,2022-02-17,10:00:00,10:05:00,30.899584,75.809346,30.909584,75.819346,NULL
klzi903877473,2022-03-26,12:30:00,12:40:00,23.354422,85.332900,23.394422,85.372900,NULL
klzj034903123,2022-03-19,20:50:00,21:00:00,18.546947,73.900626,18.596947,73.950626,NULL
kmac246319179,2022-03-01,15:55:00,16:05:00,21.157735,72.768778,21.197735,72.808778,NULL
kmbo231089374,2022-02-14,22:40:00,22:45:00,19.875016,75.322405,19.985016,75.432405,NULL
kmfl008341614,2022-03-24,10:55:00,11:00:00,19.176269,72.836721,19.196269,72.856721,NULL
kmlj204977311,2022-03-24,23:30:00,23:45:00,0.000000,0.000000,0.050000,0.050000,NULL
kmlj391590844,2022-04-04,21:45:00,21:50:00,19.223840,72.841347,19.303840,72.921347,NULL
kmon215269430,2022-04-06,19:15:00,19:20:00,11.016298,76.972076,11.086298,77.042076,NULL
kmpn581539537,2022-03-08,21:40:00,21:45:00,11.021278,76.995017,11.101278,77.075017,NULL
kmsx081138354,2022-04-01,17:00:00,17:05:00,21.152760,72.778059,21.192760,72.818059,NULL
kmtr436001502,2022-03-03,12:15:00,12:30:00,12.304569,76.643622,12.344569,76.683622,NULL
kmwg452084316,2022-03-01,11:50:00,12:05:00,22.761226,75.887522,22.771226,75.897522,NULL
kmzt405510881,2022-02-15,19:30:00,19:45:00,0.000000,0.000000,0.030000,0.030000,NULL
knbi333416030,2022-03-18,20:45:00,20:55:00,23.353783,85.326967,23.433783,85.406967,NULL
knge151257440,2022-03-14,19:55:00,20:05:00,11.021278,76.995017,11.091278,77.065017,NULL
knhd280468325,2022-03-14,21:00:00,21:15:00,12.325461,76.632278,12.405461,76.712278,NULL
knkd371033117,2022-04-06,19:40:00,19:55:00,0.000000,0.000000,0.070000,0.070000,NULL
knmw486561606,2022-03-30,14:30:00,14:45:00,21.173493,72.801953,21.213493,72.841953,NULL
knpy928079937,2022-02-11,15:30:00,15:45:00,25.443994,81.860187,25.483994,81.900187,NULL
knqy643580611,2022-03-11,18:40:00,18:50:00,22.753659,75.903365,22.813659,75.963365,NULL
kntj016417308,2022-02-18,00:00:00,00:15:00,26.482581,80.315628,26.622581,80.455628,NULL
kntk207944823,2022-02-16,23:45:00,23:55:00,30.905562,75.832841,31.035562,75.962841,NULL
knul324217390,2022-03-29,18:45:00,18:50:00,22.761593,75.886362,22.871593,75.996362,NULL
knye535329075,2022-03-30,17:30:00,17:40:00,22.761226,75.887522,22.791226,75.917522,NULL
koem421696610,2022-04-01,09:15:00,09:25:00,0.000000,0.000000,0.010000,0.010000,NULL
koew144021127,2022-04-03,08:10:00,08:15:00,26.913726,75.752820,26.933726,75.772820,NULL
kohn971192560,2022-03-31,21:50:00,22:05:00,26.956431,75.776649,27.086431,75.906649,NULL
koix478559898,2022-03-08,19:00:00,19:10:00,23.357804,85.325146,23.467804,85.435146,NULL
kokb697074496,2022-03-05,17:45:00,17:55:00,22.761593,75.886362,22.821593,75.946362,NULL
koki673774600,2022-03-26,10:30:00,10:45:00,0.000000,0.000000,0.010000,0.010000,NULL
koon832863430,2022-03-25,19:30:00,19:35:00,13.081878,80.248519,13.171878,80.338519,NULL
kopc916482813,2022-02-18,19:00:00,19:10:00,19.876994,75.372353,19.956994,75.452353,NULL
kosb089205903,2022-03-27,22:40:00,22:55:00,12.913041,77.683237,12.993041,77.763237,NULL
koua385497181,2022-03-17,09:45:00,10:00:00,18.563934,73.915367,18.573935,73.925367,NULL
koub788963037,2022-03-24,08:20:00,08:25:00,26.902908,75.792934,26.922908,75.812934,NULL
kouu700340756,2022-02-16,23:35:00,23:40:00,15.496162,73.825364,15.586162,73.915364,NULL
kovf937439544,2022-03-30,10:45:00,10:55:00,22.725835,75.887648,22.735835,75.897648,NULL
kowl671761267,2022-02-17,21:30:00,21:40:00,19.876106,75.340775,19.906106,75.370775,NULL
koyq182356634,2022-03-12,20:30:00,20:40:00,26.914142,75.805704,27.044142,75.935704,NULL
kozb792075862,2022-03-30,21:50:00,22:00:00,12.284747,76.625861,12.334747,76.675861,NULL
kpag818782100,2022-02-13,22:55:00,23:10:00,0.000000,0.000000,0.050000,0.050000,NULL
kpbc605955326,2022-03-14,19:10:00,19:15:00,11.010375,76.952950,11.090375,77.032950,NULL
kpco845027297,2022-03-15,18:20:00,18:35:00,17.426228,78.407495,17.456228,78.437495,NULL
kpeu270810576,2022-03-18,19:40:00,19:50:00,11.010375,76.952950,11.100375,77.042950,NULL
kpjr226562494,2022-03-08,22:40:00,22:45:00,13.058616,80.264151,13.148616,80.354151,NULL
kpju767136721,2022-04-01,23:25:00,23:35:00,26.905287,75.794592,26.955287,75.844592,NULL
kpjv398343138,2022-04-02,21:30:00,21:45:00,12.323225,76.630028,12.393225,76.700028,NULL
kply084580983,2022-02-14,22:10:00,22:15:00,26.474986,80.342796,26.584986,80.452796,NULL
kpty698048040,2022-03-11,18:35:00,18:45:00,0.000000,0.000000,0.050000,0.050000,NULL
kpzh855681732,2022-04-02,17:15:00,17:30:00,17.410371,78.437225,17.490371,78.517225,NULL
kqbq939301652,2022-04-06,19:55:00,20:00:00,18.530963,73.828972,18.610963,73.908972,NULL
kqhf148574953,2022-03-27,20:10:00,20:25:00,0.000000,0.000000,0.080000,0.080000,NULL
kqhx601209639,2022-02-13,10:25:00,10:40:00,0.000000,0.000000,0.010000,0.010000,NULL
kqmi499374214,2022-02-11,09:30:00,09:45:00,27.160934,78.044095,27.180934,78.064095,NULL
kqnb541413741,2022-04-06,21:25:00,21:40:00,17.422819,78.449578,17.502819,78.529578,NULL
kqqm652939322,2022-02-17,11:25:00,11:35:00,0.000000,0.000000,0.010000,0.010000,NULL
kqqo683110531,2022-03-05,20:45:00,21:00:00,22.651847,75.881991,22.681847,75.911991,NULL
kqqu667033761,2022-04-04,21:15:00,21:25:00,12.316967,76.603067,12.386967,76.673067,NULL
kqrg162838229,2022-03-12,20:55:00,21:00:00,18.520016,73.830547,18.630016,73.940547,NULL
kqrr355404936,2022-02-13,13:20:00,13:25:00,0.000000,0.000000,0.040000,0.040000,NULL
kqtc089699547,2022-03-05,09:15:00,09:20:00,22.311358,73.164798,22.321358,73.174798,NULL
kqty733282183,2022-02-15,12:15:00,12:30:00,19.876428,75.364792,19.916428,75.404792,NULL
kqtz991938473,2022-02-13,23:15:00,23:30:00,27.163303,78.057044,27.193303,78.087044,NULL
kqub936334770,2022-03-01,10:00:00,10:05:00,26.905287,75.794592,26.915287,75.804592,NULL
krax165075040,2022-02-12,20:20:00,20:30:00,23.214459,77.434976,23.324459,77.544976,NULL
krdm800256219,2022-03-29,22:25:00,22:30:00,19.003517,72.827650,19.073517,72.897650,NULL
krdp994164584,2022-02-12,19:40:00,19:45:00,25.459775,81.834841,25.529775,81.904841,NULL
krdw366715183,2022-02-16,18:15:00,18:20:00,22.577821,88.400581,22.687821,88.510581,NULL
krdy511539141,2022-03-02,18:00:00,18:15:00,12.975996,80.221898,13.105996,80.351898,NULL
krnf877303948,2022-03-05,10:55:00,11:00:00,19.181300,72.836191,19.201300,72.856191,NULL
krnm443650850,2022-03-26,21:10:00,21:15:00,26.849596,75.800512,26.899596,75.850512,NULL
krnw667193374,2022-02-14,22:25:00,22:30:00,15.303897,73.914336,15.383897,73.994336,NULL
krog064144200,2022-02-16,23:10:00,23:20:00,25.452350,81.841889,25.532350,81.921889,NULL
krpy793559208,2022-04-03,10:55:00,11:05:00,13.054347,80.257221,13.074347,80.277221,NULL
krsi376796238,2022-04-04,20:15:00,20:25:00,13.091809,80.219104,13.221809,80.349104,NULL
krst941319134,2022-02-12,18:45:00,18:55:00,26.490950,80.318656,26.620950,80.448656,NULL
krxr951034624,2022-03-10,20:30:00,20:35:00,21.185047,72.808590,21.275047,72.898590,NULL
krzq671280402,2022-03-01,15:15:00,15:20:00,26.846156,75.802300,26.886156,75.842300,NULL
ksbc376698602,2022-03-26,08:10:00,08:20:00,22.308096,73.167753,22.318096,73.177753,NULL
kscj132046140,2022-03-28,11:50:00,12:00:00,17.428294,78.404423,17.448294,78.424423,NULL
kscr424686986,2022-03-17,14:55:00,15:10:00,21.160522,72.771477,21.200522,72.811477,NULL
kscw878662353,2022-04-01,10:00:00,10:10:00,21.160522,72.771477,21.170522,72.781477,NULL
ksec432319879,2022-03-12,19:40:00,19:55:00,21.171060,72.789292,21.251060,72.869292,NULL
ksev165764370,2022-03-05,16:55:00,17:00:00,26.914142,75.805704,26.954142,75.845704,NULL
ksgb971383396,2022-03-30,21:20:00,21:30:00,21.170096,72.789122,21.200096,72.819122,NULL
ksho009960131,2022-03-23,21:00:00,21:05:00,21.175104,72.804342,21.305104,72.934342,NULL
ksic530061459,2022-03-05,13:10:00,13:15:00,13.081878,80.248519,13.121878,80.288519,NULL
ksns380486204,2022-03-21,10:40:00,10:45:00,22.745049,75.892471,22.765049,75.912471,NULL
kspj738904572,2022-04-06,19:55:00,20:10:00,19.121999,72.908493,19.251999,73.038493,NULL
ksqf587892282,2022-03-31,18:35:00,18:45:00,13.054347,80.257221,13.164347,80.367221,NULL
ksqm057491992,2022-03-26,18:45:00,18:50:00,26.902940,75.793007,26.962940,75.853007,NULL
kssq360074504,2022-03-21,23:30:00,23:35:00,17.459710,78.368855,17.519710,78.428855,NULL
kssz255190006,2022-03-03,22:15:00,22:30:00,26.902940,75.793007,26.952940,75.843007,NULL
ktac555450382,2022-03-24,19:10:00,19:15:00,21.175975,72.795503,21.225975,72.845503,NULL
ktaj441007501,2022-03-23,18:40:00,18:45:00,13.054347,80.257221,13.184347,80.387221,NULL
ktcv011184188,2022-03-29,21:15:00,21:20:00,22.745049,75.892471,22.875049,76.022471,NULL
ktdb924838759,2022-03-15,22:45:00,23:00:00,13.026286,80.275235,13.056286,80.305235,NULL
ktdx058407184,2022-03-26,23:45:00,00:00:00,17.450851,78.379347,17.480851,78.409347,NULL
ktga677366319,2022-03-14,21:15:00,21:25:00,12.970221,77.645396,13.080221,77.755396,NULL
ktkb039216394,2022-03-11,19:55:00,20:05:00,18.562450,73.916619,18.622450,73.976619,NULL
ktox186568882,2022-03-09,11:00:00,11:05:00,11.020910,76.940432,11.030910,76.950432,NULL
ktqv408426439,2022-03-11,19:00:00,19:15:00,26.846156,75.802300,26.906156,75.862300,NULL
ktrr492803480,2022-03-15,23:30:00,23:35:00,12.311072,76.654878,12.361072,76.704878,NULL
ktxp118859804,2022-03-03,10:55:00,11:05:00,13.066762,80.251865,13.076762,80.261865,NULL
ktyx669448951,2022-03-06,22:30:00,22:45:00,19.131141,72.813074,19.241141,72.923074,NULL
kuag478730497,2022-03-02,19:30:00,19:45:00,22.311603,73.165012,22.381603,73.235012,NULL
kucj688633722,2022-04-02,17:30:00,17:40:00,22.751857,75.866699,22.831857,75.946699,NULL
kuhf219631225,2022-02-18,22:30:00,22:35:00,23.214294,77.435361,23.284294,77.505361,NULL
kulw647465544,2022-03-05,19:45:00,19:50:00,21.149669,72.772629,21.179669,72.802629,NULL
kuov384451144,2022-03-29,21:45:00,22:00:00,26.913483,75.803139,27.003483,75.893139,NULL
kupt640759063,2022-02-14,21:40:00,21:45:00,0.000000,0.000000,0.080000,0.080000,NULL
kupu492759656,2022-03-10,22:20:00,22:35:00,13.026286,80.275235,13.096286,80.345235,NULL
kupy824548874,2022-03-04,23:10:00,23:25:00,26.914142,75.805704,27.004142,75.895704,NULL
kuqa154317749,2022-03-13,18:55:00,19:05:00,12.325461,76.632278,12.355461,76.662278,NULL
kusr680208929,2022-03-16,20:45:00,20:50:00,21.173493,72.801953,21.253493,72.881953,NULL
kuvs476700943,2022-03-27,21:40:00,21:50:00,23.399250,85.390464,23.509250,85.500464,NULL
kuxi900317544,2022-03-23,17:15:00,17:20:00,22.307898,73.167788,22.437898,73.297788,NULL
kuyo148592510,2022-03-27,23:15:00,23:20:00,17.431668,78.408321,17.511668,78.488321,NULL
kuyx431574512,2022-03-05,08:10:00,08:25:00,0.000000,0.000000,0.010000,0.010000,NULL
kvco933548933,2022-02-13,10:20:00,10:25:00,9.957144,76.296783,9.967144,76.306783,NULL
kvcz166491796,2022-03-13,11:00:00,11:15:00,19.091458,72.827808,19.111458,72.847808,NULL
kvdb347586430,2022-03-17,13:25:00,13:30:00,0.000000,0.000000,0.040000,0.040000,NULL
kvhz604281505,2022-03-04,21:30:00,21:35:00,12.308500,76.665808,12.418500,76.775808,NULL
kvom307816509,2022-03-23,23:45:00,00:00:00,22.761593,75.886362,22.851593,75.976362,NULL
kvpp186722056,2022-03-16,17:40:00,17:45:00,0.000000,0.000000,0.080000,0.080000,NULL
kvpp711739118,2022-03-23,21:10:00,21:25:00,18.539299,73.897902,18.649299,74.007902,NULL
kvqk488778566,2022-03-18,22:15:00,22:30:00,21.186884,72.793616,21.296884,72.903616,NULL
kvqt411182558,2022-03-08,18:10:00,18:25:00,19.120083,72.907385,19.250083,73.037385,NULL
kvrc415722445,2022-03-27,20:30:00,20:35:00,26.902908,75.792934,26.972908,75.862934,NULL
kvry471667682,2022-03-28,17:50:00,18:05:00,13.045479,80.233110,13.095479,80.283110,NULL
kvvx658240160,2022-02-17,11:55:00,12:00:00,25.452350,81.841889,25.472350,81.861889,NULL
kvwa018084722,2022-04-03,20:25:00,20:30:00,21.170096,72.789122,21.200096,72.819122,NULL
kvyb034466446,2022-03-21,18:40:00,18:55:00,26.902908,75.792934,26.932908,75.822934,NULL
kwac459258247,2022-03-18,21:35:00,21:40:00,23.371292,85.327872,23.501292,85.457872,NULL
kwdb419640562,2022-03-21,21:55:00,22:10:00,12.316967,76.603067,12.366967,76.653067,NULL
kwfd664813511,2022-02-17,22:40:00,22:55:00,23.234249,77.434007,23.294249,77.494007,NULL
kwfu638099359,2022-04-01,15:35:00,15:45:00,12.299524,76.642620,12.339524,76.682620,NULL
kwhr378253810,2022-03-08,18:55:00,19:00:00,21.175104,72.804342,21.265104,72.894342,NULL
kwme384075462,2022-03-20,21:00:00,21:05:00,0.000000,0.000000,0.130000,0.130000,NULL
kwmv603335255,2022-02-11,11:00:00,11:10:00,26.471617,80.313564,26.491617,80.333564,NULL
kwol878349166,2022-03-19,21:25:00,21:35:00,12.934179,77.615797,12.984179,77.665797,NULL
kwqd776233935,2022-03-20,20:25:00,20:40:00,23.355164,85.324097,23.435164,85.404097,NULL
kwqq384615851,2022-03-04,18:15:00,18:25:00,13.026286,80.275235,13.096286,80.345235,NULL
kwrz074096500,2022-03-11,20:30:00,20:35:00,17.411028,78.329645,17.471028,78.389645,NULL
kwsy380735365,2022-03-01,21:35:00,21:45:00,12.986047,80.218114,13.016047,80.248114,NULL
kwtn302347049,2022-03-02,18:35:00,18:45:00,17.433809,78.386744,17.563809,78.516744,NULL
kwtu191738232,2022-03-28,20:50:00,21:00:00,12.913041,77.683237,12.943041,77.713237,NULL
kwvo176250144,2022-03-06,21:40:00,21:50:00,26.905287,75.794592,27.045287,75.934592,NULL
kwxx332327932,2022-03-07,10:30:00,10:45:00,11.021278,76.995017,11.031278,77.005017,NULL
kwym935514073,2022-03-18,21:40:00,21:50:00,26.913483,75.803139,27.003483,75.893139,NULL
kxae102783915,2022-03-19,17:15:00,17:20:00,22.748060,75.893400,22.798060,75.943400,NULL
kxaj772064408,2022-03-29,19:25:00,19:30:00,19.121999,72.908493,19.211999,72.998493,NULL
kxap223756568,2022-04-04,22:40:00,22:45:00,11.003008,76.975440,11.133009,77.105440,NULL
kxat721434811,2022-03-26,08:55:00,09:10:00,19.065838,72.832658,19.075838,72.842658,NULL
kxcm483694128,2022-03-25,23:40:00,23:50:00,18.516216,73.842527,18.586216,73.912527,NULL
kxdc810247309,2022-03-15,11:50:00,12:00:00,23.416792,85.316842,23.426792,85.326842,NULL
kxdi659246557,2022-03-26,16:45:00,16:50:00,12.906229,77.596791,12.946229,77.636791,NULL
kxea958988934,2022-03-13,10:45:00,11:00:00,26.910262,75.783013,26.930262,75.803013,NULL
kxew723813918,2022-03-09,18:25:00,18:40:00,21.149669,72.772629,21.179669,72.802629,NULL
kxfb230420855,2022-02-18,21:15:00,21:30:00,27.160832,78.011608,27.230832,78.081608,NULL
kxho775409661,2022-04-03,19:35:00,19:45:00,23.357804,85.325146,23.417804,85.385146,NULL
kxiq267446974,2022-02-16,18:35:00,18:40:00,9.991703,76.293136,10.071703,76.373136,NULL
kxjf507291796,2022-03-18,21:55:00,22:10:00,22.307898,73.167788,22.397898,73.257788,NULL
kxmi763162719,2022-03-19,18:25:00,18:35:00,26.913483,75.803139,26.963483,75.853139,NULL
kxqf101800161,2022-03-07,23:25:00,23:30:00,11.003681,76.975525,11.063681,77.035525,NULL
kxsb919855631,2022-04-06,19:20:00,19:25:00,21.160522,72.771477,21.230522,72.841477,NULL
kxuj354929120,2022-03-16,23:30:00,23:35:00,18.533811,73.899315,18.623811,73.989315,NULL
kxve993725643,2022-04-05,20:40:00,20:50:00,12.323978,76.627961,12.383978,76.687961,NULL
kxxb357556348,2022-03-26,16:00:00,16:05:00,21.175104,72.804342,21.215104,72.844342,NULL
kxxs780016603,2022-03-06,17:45:00,17:50:00,26.902908,75.792934,26.982908,75.872934,NULL
kxzd788904424,2022-03-14,18:25:00,18:35:00,22.725748,75.898497,22.835748,76.008497,NULL
kxzh492306910,2022-03-27,22:25:00,22:35:00,12.913041,77.683237,13.023041,77.793237,NULL
kycu582332122,2022-03-19,20:25:00,20:40:00,17.430448,78.418213,17.490448,78.478213,NULL
kydb020843838,2022-03-17,10:20:00,10:25:00,22.311603,73.165012,22.321603,73.175012,NULL
kydr306556074,2022-03-30,10:55:00,11:10:00,11.024839,77.007003,11.034839,77.017003,NULL
kyid549519579,2022-03-04,18:20:00,18:25:00,11.008638,76.984311,11.138638,77.114311,NULL
kyie269208930,2022-03-27,21:35:00,21:45:00,12.935662,77.614130,13.005662,77.684130,NULL
kyjn239561446,2022-04-06,19:25:00,19:40:00,11.021278,76.995017,11.131278,77.105017,NULL
kylw026216930,2022-02-17,18:55:00,19:10:00,19.876428,75.364792,19.926428,75.414792,NULL
kynv850632058,2022-04-05,21:20:00,21:30:00,17.438263,78.397865,17.468263,78.427865,NULL
kyok633376595,2022-02-15,09:10:00,09:15:00,10.028047,76.310019,10.048047,76.330019,NULL
kyqs785360825,2022-03-13,18:20:00,18:30:00,11.022477,76.995667,11.052477,77.025667,NULL
kyrp142473722,2022-03-12,20:40:00,20:45:00,23.351489,85.324253,23.461489,85.434253,NULL
kyvg259122174,2022-03-27,20:00:00,20:10:00,11.022169,76.999594,11.152169,77.129594,NULL
kzbu064137694,2022-03-20,21:30:00,21:35:00,26.892312,75.806896,26.982312,75.896896,NULL
kzcq628805577,2022-02-11,09:25:00,09:30:00,25.454648,81.834502,25.464648,81.844502,NULL
kzec642267375,2022-02-11,00:00:00,00:10:00,23.234249,77.434007,23.294249,77.494007,NULL
kzgu903683293,2022-04-06,19:50:00,20:05:00,12.970324,77.645748,13.050324,77.725748,NULL
kzkp077768149,2022-03-14,22:25:00,22:40:00,19.207222,72.972281,19.317222,73.082281,NULL
kzns698108345,2022-03-07,08:45:00,08:50:00,21.173493,72.801953,21.193493,72.821953,NULL
kznz011042009,2022-03-21,19:10:00,19:25:00,26.902328,75.794257,26.932328,75.824257,NULL
kzrh689005307,2022-03-18,19:35:00,19:45:00,26.956431,75.776649,27.046431,75.866649,NULL
kzsn474389952,2022-03-16,22:15:00,22:25:00,12.316967,76.603067,12.386967,76.673067,NULL
kzvx918950241,2022-03-07,10:10:00,10:25:00,12.310972,76.659264,12.330972,76.679264,NULL
kzwy082574092,2022-03-08,22:55:00,23:10:00,11.021278,76.995017,11.151278,77.125017,NULL
kzxq992522837,2022-03-15,12:10:00,12:15:00,12.323994,76.626167,12.363994,76.666167,NULL
kzzs184408550,2022-03-04,17:45:00,18:00:00,18.636215,73.751081,18.746215,73.861081,NULL
laeq713085974,2022-03-28,21:15:00,21:20:00,18.994049,72.825203,19.024049,72.855203,NULL
lakr761680304,2022-03-08,19:40:00,19:50:00,12.981615,80.231598,13.111615,80.361598,NULL
lakt588322961,2022-04-02,20:50:00,20:55:00,17.410371,78.437225,17.480371,78.507225,NULL
laly052364040,2022-03-21,09:45:00,10:00:00,13.029198,77.570997,13.039198,77.580997,NULL
larg251421075,2022-03-09,23:30:00,23:35:00,21.173343,72.792731,21.233343,72.852731,NULL
last796029882,2022-03-11,23:25:00,23:30:00,11.022298,76.998349,11.072298,77.048349,NULL
lavz424750452,2022-02-13,11:15:00,11:20:00,15.513150,73.783460,15.533150,73.803460,NULL
lawi721244723,2022-02-16,23:55:00,00:05:00,26.473698,80.352677,26.613698,80.492677,NULL
lawk767210033,2022-02-13,17:10:00,17:15:00,15.303897,73.914336,15.333897,73.944336,NULL
laxo800342893,2022-03-10,20:00:00,20:05:00,13.066762,80.251865,13.146762,80.331865,NULL
layh729492910,2022-04-04,22:35:00,22:50:00,12.323994,76.626167,12.433994,76.736167,NULL
lays561359928,2022-04-02,00:00:00,00:15:00,0.000000,0.000000,0.130000,0.130000,NULL
lazk867331051,2022-04-02,17:40:00,17:50:00,19.121999,72.908493,19.231999,73.018493,NULL
lbac392550024,2022-03-13,12:50:00,13:05:00,12.326356,76.619103,12.366356,76.659103,NULL
lbhw492661004,2022-03-17,23:25:00,23:30:00,18.592718,73.773572,18.642718,73.823572,NULL
lbjp756789098,2022-03-08,21:15:00,21:20:00,13.044694,80.261470,13.154694,80.371470,NULL
lbkq628982436,2022-03-14,23:00:00,23:10:00,12.906229,77.596791,12.986229,77.676791,NULL
lbks725663047,2022-03-05,22:30:00,22:45:00,17.410371,78.437225,17.460371,78.487225,NULL
lbmf598197743,2022-03-26,17:30:00,17:45:00,10.994136,76.963303,11.044136,77.013303,NULL
lbqa402758280,2022-03-21,15:45:00,15:55:00,12.321214,76.621094,12.361214,76.661094,NULL
lbqm150022979,2022-02-14,20:40:00,20:55:00,-26.472001,80.354002,26.582001,80.464002,NULL
lbui872023073,2022-03-18,22:35:00,22:40:00,18.994237,72.825553,19.104237,72.935553,NULL
lbur950487474,2022-04-03,23:55:00,00:10:00,26.902940,75.793007,26.932940,75.823007,NULL
lbyk632380497,2022-03-29,23:35:00,23:50:00,21.183434,72.814492,21.313434,72.944492,NULL
lccf694383483,2022-02-14,21:50:00,22:00:00,30.342509,78.061187,30.482509,78.201187,NULL
lcey117096394,2022-03-09,21:10:00,21:20:00,26.911378,75.789034,26.971378,75.849034,NULL
lcfg827956220,2022-03-21,15:25:00,15:30:00,22.751234,75.889490,22.791234,75.929490,NULL
lcfm697362855,2022-03-13,10:20:00,10:30:00,12.316967,76.603067,12.336967,76.623067,NULL
lcgk008504983,2022-04-04,20:30:00,20:40:00,26.766536,75.837333,26.896536,75.967333,NULL
lcki850151823,2022-03-12,20:25:00,20:30:00,12.297954,76.665169,12.427954,76.795169,NULL
lcma897382130,2022-03-18,19:50:00,19:55:00,13.049645,80.242268,13.129645,80.322268,NULL
lcmo819813117,2022-04-01,23:50:00,23:55:00,26.905287,75.794592,26.935287,75.824592,NULL
lcpp133552546,2022-02-12,23:55:00,00:05:00,22.533662,88.366217,22.613662,88.446217,NULL
lcpu502246532,2022-03-06,18:35:00,18:50:00,22.745049,75.892471,22.825049,75.972471,NULL
lcsm071198895,2022-03-29,23:20:00,23:25:00,11.003669,76.976494,11.083669,77.056494,NULL
lctl892193125,2022-03-29,19:25:00,19:40:00,12.913041,77.683237,13.043041,77.813237,NULL
lcwn330553507,2022-03-04,17:30:00,17:40:00,18.562450,73.916619,18.652450,74.006619,NULL
lczc180690998,2022-03-31,23:30:00,23:40:00,17.440827,78.393391,17.510827,78.463391,NULL
lczg958038469,2022-03-10,17:55:00,18:05:00,21.186884,72.793616,21.256884,72.863616,NULL
ldae637084908,2022-03-13,20:35:00,20:40:00,21.186884,72.793616,21.216884,72.823616,NULL
ldbh278615078,2022-04-06,23:15:00,23:30:00,21.157735,72.768778,21.247735,72.858778,NULL
ldfr027910517,2022-04-06,21:00:00,21:15:00,0.000000,0.000000,0.110000,0.110000,NULL
ldkh164310946,2022-03-21,00:00:00,00:15:00,12.913041,77.683237,12.943041,77.713237,NULL
ldpe803061204,2022-03-08,20:55:00,21:10:00,26.913726,75.752820,27.003726,75.842821,NULL
ldvs354665330,2022-03-24,16:00:00,16:15:00,26.891191,75.802083,26.931191,75.842083,NULL
ldwd679906035,2022-03-27,22:30:00,22:45:00,21.157729,72.768726,21.237729,72.848726,NULL
ldxc139333577,2022-03-19,23:40:00,23:55:00,12.334022,76.618203,12.364022,76.648203,NULL
ldxx648232776,2022-03-21,09:40:00,09:45:00,17.459710,78.368855,17.469710,78.378855,NULL
leba770639097,2022-03-18,17:20:00,17:30:00,19.221315,72.862381,19.351315,72.992381,NULL
lebq239215969,2022-03-15,20:50:00,20:55:00,22.307898,73.167788,22.337898,73.197788,NULL
lebs573080407,2022-02-18,22:10:00,22:20:00,19.866969,75.318894,19.996969,75.448894,NULL
ledx873649251,2022-03-08,22:10:00,22:20:00,23.369746,85.339820,23.439746,85.409820,NULL
leff787822709,2022-03-13,11:45:00,12:00:00,19.178321,72.834715,19.198321,72.854715,NULL
leio461536174,2022-03-31,23:45:00,23:50:00,17.430448,78.418213,17.500448,78.488213,NULL
leli007597763,2022-03-06,17:30:00,17:45:00,19.109300,72.825451,19.189300,72.905451,NULL
lenv993116465,2022-03-27,21:50:00,22:05:00,0.000000,0.000000,0.110000,0.110000,NULL
leoe849200540,2022-02-13,08:50:00,09:05:00,0.000000,0.000000,0.010000,0.010000,NULL
letl915663868,2022-04-01,14:45:00,14:50:00,0.000000,0.000000,0.040000,0.040000,NULL
lets692741783,2022-03-26,14:55:00,15:00:00,17.412330,78.449654,17.452330,78.489654,NULL
letw285954214,2022-03-14,18:55:00,19:05:00,22.761593,75.886362,22.851593,75.976362,NULL
leum727062677,2022-03-26,10:30:00,10:45:00,12.321214,76.621094,12.341214,76.641094,NULL
lexh561348137,2022-04-06,18:55:00,19:05:00,12.949934,77.699386,13.029934,77.779386,NULL
lezb158488142,2022-02-15,08:35:00,08:40:00,30.372202,78.077151,30.392202,78.097151,NULL
lfag581605306,2022-02-15,17:20:00,17:25:00,30.905562,75.832841,30.935562,75.862841,NULL
lfau421894745,2022-03-26,16:00:00,16:10:00,0.000000,0.000000,0.040000,0.040000,NULL
lffd073963657,2022-03-08,23:20:00,23:25:00,18.554382,73.798206,18.684382,73.928206,NULL
lffe175419676,2022-03-23,00:00:00,00:15:00,21.160437,72.774209,21.270437,72.884209,NULL
lfgq216468566,2022-03-03,17:25:00,17:35:00,23.359033,85.325347,23.419033,85.385347,NULL
lfhb157950446,2022-03-13,15:00:00,15:15:00,18.546258,73.904337,18.586258,73.944337,NULL
lfho503260573,2022-03-28,08:40:00,08:45:00,0.000000,0.000000,0.010000,0.010000,NULL
lfkr680811422,2022-02-12,19:25:00,19:30:00,0.000000,0.000000,0.070000,0.070000,NULL
lflb125555478,2022-03-02,20:50:00,21:00:00,17.411028,78.329645,17.521028,78.439645,NULL
lfpm432574547,2022-03-08,21:50:00,21:55:00,22.745536,75.893106,22.855536,76.003106,NULL
lfra509141877,2022-02-14,19:40:00,19:45:00,15.516833,73.768172,15.646833,73.898172,NULL
lfup836393940,2022-03-15,18:55:00,19:10:00,18.546258,73.904337,18.596258,73.954337,NULL
lfvd233482646,2022-03-09,20:55:00,21:10:00,21.175104,72.804342,21.225104,72.854342,NULL
lfve234396055,2022-03-30,08:40:00,08:55:00,12.323194,76.630583,12.343194,76.650583,NULL
lfza093027418,2022-03-12,21:30:00,21:35:00,11.003008,76.975440,11.093008,77.065440,NULL
lfzi188561866,2022-02-11,19:45:00,19:50:00,0.000000,0.000000,0.060000,0.060000,NULL
lgbw411479549,2022-04-03,09:10:00,09:15:00,13.029780,80.208812,13.039780,80.218812,NULL
lgcb078238067,2022-02-15,17:10:00,17:15:00,26.482419,80.320939,26.512419,80.350939,NULL
lgee738117860,2022-03-25,22:10:00,22:15:00,0.000000,0.000000,0.080000,0.080000,NULL
lgff497818491,2022-03-16,20:10:00,20:15:00,19.121999,72.908493,19.231999,73.018493,NULL
lgho898374824,2022-03-28,11:35:00,11:45:00,21.173343,72.792731,21.193343,72.812731,NULL
lgku266112386,2022-02-17,22:35:00,22:45:00,0.000000,0.000000,0.030000,0.030000,NULL
lgmq888905658,2022-03-06,17:20:00,17:25:00,12.316967,76.603067,12.426967,76.713067,NULL
lgnp677263436,2022-03-18,21:20:00,21:35:00,0.000000,0.000000,0.110000,0.110000,NULL
lgnx257689951,2022-03-08,18:20:00,18:25:00,22.320000,73.170000,22.410000,73.260000,NULL
lgof246157253,2022-03-29,20:30:00,20:35:00,13.066762,80.251865,13.136762,80.321865,NULL
lgpr411552255,2022-03-21,17:35:00,17:45:00,12.316967,76.603067,12.346967,76.633067,NULL
lgrz678933880,2022-03-28,14:50:00,15:05:00,19.176269,72.836721,19.216269,72.876721,NULL
lgvl544046649,2022-03-09,22:10:00,22:20:00,0.000000,0.000000,0.050000,0.050000,NULL
lgvw325099371,2022-02-15,21:40:00,21:45:00,19.879631,75.323403,19.939631,75.383403,NULL
lgwf053743321,2022-03-23,18:15:00,18:25:00,19.176269,72.836721,19.246269,72.906721,NULL
lgxh444633569,2022-03-20,19:50:00,19:55:00,22.745049,75.892471,22.855049,76.002471,NULL
lgyn057448138,2022-03-16,20:10:00,20:25:00,22.695207,75.866059,22.785207,75.956059,NULL
lgzn457957462,2022-04-03,18:00:00,18:10:00,17.450851,78.379347,17.510851,78.439347,NULL
lhah969664556,2022-03-16,21:30:00,21:40:00,26.913987,75.752891,26.983987,75.822891,NULL
lhcg251366466,2022-03-30,21:55:00,22:10:00,18.636215,73.751081,18.696215,73.811081,NULL
lhdf669070518,2022-02-12,22:50:00,22:55:00,25.449659,81.839744,25.559659,81.949744,NULL
lhem148111647,2022-02-11,08:50:00,09:05:00,19.876994,75.372353,19.896994,75.392353,NULL
lheo333594331,2022-03-15,17:25:00,17:40:00,12.986047,80.218114,13.016047,80.248114,NULL
lhfo186255622,2022-04-04,20:10:00,20:15:00,0.000000,0.000000,0.130000,0.130000,NULL
lhke473510493,2022-03-19,21:35:00,21:45:00,21.175104,72.804342,21.205104,72.834342,NULL
lhkj415289334,2022-03-19,09:15:00,09:30:00,12.316967,76.603067,12.326967,76.613067,NULL
lhko145631281,2022-04-05,09:25:00,09:35:00,11.021278,76.995017,11.031278,77.005017,NULL
lhok461882419,2022-03-15,11:45:00,11:50:00,18.636215,73.751081,18.646215,73.761081,NULL
lhqg543234944,2022-03-28,19:30:00,19:45:00,19.121999,72.908493,19.171999,72.958493,NULL
lhrv144136255,2022-02-15,09:15:00,09:30:00,30.893081,75.821495,30.913081,75.841495,NULL
lhta698976892,2022-03-07,22:10:00,22:25:00,22.311844,73.165081,22.341844,73.195081,NULL
lhus187289759,2022-03-07,23:20:00,23:30:00,12.980410,77.640489,13.040410,77.700489,NULL
lhvm671437279,2022-03-09,20:40:00,20:55:00,22.311358,73.164798,22.341358,73.194798,NULL
lhzj224035382,2022-02-18,19:10:00,19:15:00,19.878028,75.317475,20.008028,75.447475,NULL
liai045079089,2022-03-10,23:25:00,23:35:00,26.911927,75.797282,27.051927,75.937282,NULL
libi732501950,2022-03-02,23:25:00,23:40:00,12.906229,77.596791,12.986229,77.676791,NULL
libx894848304,2022-03-16,19:30:00,19:45:00,22.753839,75.897429,22.863838,76.007429,NULL
lica069675616,2022-03-07,16:40:00,16:50:00,22.728163,75.884212,22.768163,75.924212,NULL
lidm253462376,2022-03-03,12:00:00,12:05:00,17.429585,78.392621,17.439585,78.402621,NULL
lifh604608424,2022-03-06,21:20:00,21:35:00,18.536562,73.896485,18.626562,73.986485,NULL
ligq612964184,2022-03-12,17:50:00,18:05:00,19.121999,72.908493,19.201999,72.988493,NULL
lihl233097101,2022-03-17,22:40:00,22:55:00,0.000000,0.000000,0.050000,0.050000,NULL
lihq948208577,2022-03-26,11:50:00,12:00:00,11.021278,76.995017,11.041278,77.015017,NULL
liiv859791787,2022-03-21,19:45:00,20:00:00,13.045479,80.233110,13.095479,80.283110,NULL
lijt018981689,2022-03-08,18:40:00,18:50:00,26.902940,75.793007,26.972940,75.863007,NULL
likm769613260,2022-04-01,09:55:00,10:05:00,23.371292,85.327872,23.381292,85.337872,NULL
linu089149477,2022-02-17,20:40:00,20:45:00,30.899992,75.831338,30.949992,75.881338,NULL
lirb724946963,2022-03-10,18:20:00,18:25:00,11.026117,76.944652,11.106117,77.024652,NULL
litd238218026,2022-03-14,18:35:00,18:50:00,22.725748,75.898497,22.815748,75.988497,NULL
litq072381670,2022-02-18,23:40:00,23:50:00,30.895204,75.822103,30.985204,75.912103,NULL
lizs140453639,2022-03-05,12:25:00,12:40:00,21.185047,72.808590,21.225047,72.848590,NULL
ljag830622915,2022-03-03,22:25:00,22:35:00,0.000000,0.000000,0.030000,0.030000,NULL
ljbk690651704,2022-03-24,11:30:00,11:45:00,12.310972,76.659264,12.320972,76.669264,NULL
ljep947754095,2022-03-16,17:55:00,18:00:00,17.440827,78.393391,17.510827,78.463391,NULL
ljfy543933323,2022-03-29,19:55:00,20:10:00,19.126630,72.829976,19.206630,72.909976,NULL
ljgp550489562,2022-03-29,22:55:00,23:00:00,26.911927,75.797282,27.051927,75.937282,NULL
ljid595163947,2022-03-25,23:10:00,23:20:00,12.284747,76.625861,12.364747,76.705861,NULL
ljir091036945,2022-04-03,14:40:00,14:45:00,19.055831,72.833984,19.095831,72.873984,NULL
ljma738183350,2022-03-29,19:35:00,19:50:00,17.433809,78.386744,17.563809,78.516744,NULL
ljnv231960130,2022-03-20,22:45:00,22:50:00,26.905287,75.794592,26.985287,75.874592,NULL
ljpj528376472,2022-03-20,22:25:00,22:40:00,11.001753,76.986241,11.091753,77.076241,NULL
ljpq270273618,2022-03-14,21:50:00,22:00:00,13.064181,80.236442,13.154181,80.326442,NULL
ljrh820180259,2022-03-28,21:15:00,21:20:00,18.994237,72.825553,19.044237,72.875553,NULL
lkdh410173003,2022-03-14,21:55:00,22:10:00,13.045479,80.233110,13.115479,80.303110,NULL
lkds207431601,2022-03-11,19:15:00,19:20:00,12.975996,80.221898,13.035996,80.281898,NULL
lkei028811581,2022-03-27,21:45:00,21:50:00,22.732225,75.874765,22.812225,75.954765,NULL
lkfp928924830,2022-04-05,21:10:00,21:25:00,18.516216,73.842527,18.576216,73.902527,NULL
lkfs145352387,2022-03-23,17:10:00,17:20:00,26.956431,75.776649,27.086431,75.906649,NULL
lkgu052277921,2022-03-29,18:45:00,18:50:00,13.027018,80.254791,13.107018,80.334791,NULL
lkil051405143,2022-02-12,17:30:00,17:40:00,26.473698,80.352677,26.553698,80.432677,NULL
lkim578970224,2022-03-11,19:25:00,19:35:00,12.972161,77.596014,13.032161,77.656014,NULL
lkll367559335,2022-03-26,23:00:00,23:10:00,11.026117,76.944652,11.056117,76.974652,NULL
lknn263594848,2022-02-11,21:35:00,21:40:00,26.483042,80.317833,26.533042,80.367833,NULL
lkre965151030,2022-03-25,20:20:00,20:25:00,13.044694,80.261470,13.124694,80.341470,NULL
lksw665199942,2022-03-11,09:55:00,10:10:00,26.846156,75.802300,26.856156,75.812300,NULL
lktl914389522,2022-03-01,17:25:00,17:40:00,18.636215,73.751081,18.666215,73.781081,NULL
lkwe721808877,2022-03-19,13:45:00,13:50:00,17.483216,78.552111,17.523216,78.592111,NULL
lkwf998011992,2022-03-06,23:30:00,23:40:00,12.323994,76.626167,12.393994,76.696167,NULL
lkxm043821530,2022-03-20,20:50:00,21:00:00,10.961850,76.971082,11.031850,77.041082,NULL
llaz783699020,2022-03-15,11:45:00,12:00:00,12.933284,77.615428,12.943284,77.625428,NULL
llbi438277400,2022-03-03,08:30:00,08:40:00,12.316967,76.603067,12.326967,76.613067,NULL
llca932144590,2022-04-06,20:00:00,20:15:00,12.334022,76.618203,12.404022,76.688203,NULL
lled120061331,2022-03-24,13:00:00,13:15:00,21.160522,72.771477,21.200522,72.811477,NULL
llei947898371,2022-03-16,21:40:00,21:55:00,0.000000,0.000000,0.080000,0.080000,NULL
llgk631278832,2022-03-28,11:50:00,12:05:00,22.753659,75.903365,22.773659,75.923365,NULL
llgy900816595,2022-02-12,21:55:00,22:00:00,19.874103,75.368419,19.964103,75.458419,NULL
llio867927147,2022-03-17,10:10:00,10:20:00,22.310329,73.169083,22.320329,73.179083,NULL
llnb511618365,2022-03-10,18:45:00,18:55:00,22.745536,75.893106,22.835536,75.983106,NULL
llnx989721586,2022-03-16,18:40:00,18:50:00,12.323225,76.630028,12.453225,76.760028,NULL
llow419157478,2022-03-20,19:40:00,19:45:00,11.003681,76.975525,11.083681,77.055525,NULL
llph151522837,2022-03-24,11:35:00,11:45:00,12.970324,77.645748,12.980324,77.655748,NULL
lluh662211905,2022-03-10,17:25:00,17:35:00,12.933298,77.614293,13.043298,77.724293,NULL
llvg850233788,2022-04-02,20:45:00,20:50:00,13.022394,80.242439,13.102394,80.322439,NULL
llzn483115198,2022-03-23,19:00:00,19:05:00,18.543626,73.905101,18.653626,74.015101,NULL
llzq010368138,2022-03-15,17:20:00,17:25:00,19.121999,72.908493,19.151999,72.938493,NULL
lmam222460100,2022-03-14,21:15:00,21:30:00,11.003669,76.976494,11.073669,77.046494,NULL
lmch629229685,2022-02-12,17:45:00,18:00:00,19.875016,75.322405,19.945016,75.392405,NULL
lmdx958191158,2022-03-15,09:30:00,09:45:00,18.520016,73.830547,18.530016,73.840547,NULL
lmez010960510,2022-03-28,10:10:00,10:20:00,18.994049,72.825203,19.014049,72.845203,NULL
lmfu333544668,2022-03-07,22:35:00,22:40:00,22.307898,73.167788,22.357898,73.217788,NULL
lmmw269814056,2022-02-17,22:40:00,22:55:00,30.895204,75.822103,30.945204,75.872103,NULL
lmop404805897,2022-02-17,11:55:00,12:00:00,22.552996,88.352310,22.572996,88.372310,NULL
lmpc774243107,2022-03-16,17:40:00,17:55:00,12.311072,76.654878,12.421072,76.764878,NULL
lmpw581592516,2022-02-16,18:35:00,18:40:00,25.457687,81.835585,25.597687,81.975585,NULL
lmqr538162370,2022-02-18,20:00:00,20:05:00,25.453436,81.833167,25.593436,81.973167,NULL
lmri025150326,2022-03-16,20:30:00,20:35:00,22.745536,75.893106,22.855536,76.003106,NULL
lmsy246088843,2022-03-01,17:35:00,17:40:00,23.369746,85.339820,23.419746,85.389820,NULL
lmui964486050,2022-02-17,21:45:00,21:50:00,23.234249,77.434007,23.264249,77.464007,NULL
lmvb859557349,2022-02-12,20:25:00,20:35:00,27.157772,78.047250,27.237772,78.127250,NULL
lmvl935039573,2022-04-05,18:35:00,18:40:00,21.171060,72.789292,21.201060,72.819292,NULL
lmwn813729997,2022-02-11,09:45:00,09:55:00,0.000000,0.000000,0.010000,0.010000,NULL
lmxk068662217,2022-03-19,13:00:00,13:10:00,11.022169,76.999594,11.062169,77.039594,NULL
lmxn002468658,2022-03-26,08:20:00,08:25:00,11.021278,76.995017,11.031278,77.005017,NULL
lmyq524334587,2022-03-21,08:20:00,08:30:00,11.000762,76.981876,11.020762,77.001876,NULL
lmzk613084829,2022-03-24,00:00:00,00:15:00,0.000000,0.000000,0.060000,0.060000,NULL
lmzq039959678,2022-03-21,20:15:00,20:25:00,12.981615,80.231598,13.041615,80.291598,NULL
lmzz096437145,2022-03-27,19:30:00,19:40:00,22.308096,73.167753,22.438096,73.297753,NULL
lnbr729317134,2022-03-07,09:50:00,10:00:00,12.972161,77.596014,12.992161,77.616014,NULL
lnfh101750179,2022-04-05,19:25:00,19:35:00,17.424114,78.347554,17.454114,78.377554,NULL
lnfp310798174,2022-03-03,18:35:00,18:50:00,17.428294,78.404423,17.488294,78.464423,NULL
lngw234816447,2022-03-04,18:40:00,18:55:00,21.173493,72.801953,21.253493,72.881953,NULL
lnji578462364,2022-03-11,11:55:00,12:00:00,19.121999,72.908493,19.141999,72.928493,NULL
lnkg652409653,2022-03-28,23:35:00,23:40:00,26.888420,75.800689,26.918420,75.830689,NULL
lnll654439737,2022-03-31,19:25:00,19:35:00,22.725835,75.887648,22.805835,75.967648,NULL
lnob270753198,2022-03-11,10:20:00,10:35:00,22.311603,73.165012,22.321603,73.175012,NULL
lnsc784424929,2022-02-15,12:25:00,12:40:00,25.454648,81.834502,25.494648,81.874502,NULL
lnte353244658,2022-03-24,19:15:00,19:20:00,21.175104,72.804342,21.235104,72.864342,NULL
lnvp821145479,2022-03-25,22:45:00,23:00:00,22.311603,73.165012,22.421603,73.275012,NULL
lnvx410517350,2022-03-09,09:40:00,09:50:00,23.371292,85.327872,23.381292,85.337872,NULL
lnwz999341982,2022-03-24,18:45:00,18:55:00,23.359194,85.325447,23.389194,85.355447,NULL
lnxb449512187,2022-03-10,21:50:00,22:00:00,0.000000,0.000000,0.090000,0.090000,NULL
lnxk440069161,2022-04-04,21:45:00,21:50:00,11.010375,76.952950,11.140375,77.082950,NULL
lnxv709397321,2022-04-02,19:50:00,19:55:00,12.980410,77.640489,13.090410,77.750489,NULL
lnyq582775921,2022-03-23,23:25:00,23:30:00,0.000000,0.000000,0.130000,0.130000,NULL
lofi190510334,2022-02-15,21:40:00,21:50:00,22.553227,88.353273,22.613227,88.413273,NULL
logx909013630,2022-03-30,09:20:00,09:25:00,21.152760,72.778059,21.172760,72.798059,NULL
lojq488482902,2022-04-01,21:00:00,21:15:00,21.160522,72.771477,21.220522,72.831477,NULL
lojt325752709,2022-03-06,23:40:00,23:55:00,26.911927,75.797282,27.021927,75.907282,NULL
lonf731908494,2022-03-04,23:55:00,00:00:00,12.970221,77.645396,13.050221,77.725396,NULL
lonh999670815,2022-02-11,20:45:00,20:50:00,10.003064,76.307589,10.033064,76.337589,NULL
looj887356390,2022-02-17,13:35:00,13:45:00,23.234631,77.401663,23.274631,77.441663,NULL
losn201089846,2022-03-07,09:00:00,09:10:00,21.170798,72.790489,21.190798,72.810489,NULL
losy350041129,2022-02-14,21:25:00,21:40:00,10.003064,76.307589,10.073064,76.377589,NULL
lout234744195,2022-04-06,23:35:00,23:40:00,12.337978,76.616792,12.447978,76.726792,NULL
loys552600134,2022-03-18,22:40:00,22:55:00,23.359033,85.325347,23.429033,85.395347,NULL
lpbd034575412,2022-03-28,18:10:00,18:20:00,22.751234,75.889490,22.811234,75.949490,NULL
lpcs434418454,2022-02-16,21:15:00,21:20:00,15.556561,73.763633,15.626561,73.833633,NULL
lphg778391847,2022-03-26,18:30:00,18:45:00,13.045479,80.233110,13.075479,80.263110,NULL
lphw609217449,2022-03-28,16:40:00,16:50:00,17.431668,78.408321,17.471668,78.448321,NULL
lpmh545925279,2022-04-05,10:15:00,10:20:00,22.760072,75.892574,22.780072,75.912574,NULL
lpoj605109078,2022-03-08,22:55:00,23:05:00,22.753839,75.897429,22.833838,75.977429,NULL
lpoo559278752,2022-03-16,19:50:00,20:00:00,13.058616,80.264151,13.188616,80.394151,NULL
lpqd469288592,2022-03-20,19:30:00,19:35:00,13.029198,77.570997,13.099198,77.640997,NULL
lprf817071419,2022-02-17,09:50:00,10:05:00,0.000000,0.000000,0.010000,0.010000,NULL
lprq374726580,2022-04-03,10:55:00,11:05:00,13.005801,80.250744,13.015801,80.260744,NULL
lpsq074586809,2022-04-01,18:10:00,18:25:00,12.935662,77.614130,12.965662,77.644130,NULL
lpte841515119,2022-04-06,20:15:00,20:25:00,17.410371,78.437225,17.540371,78.567225,NULL
lptz010834014,2022-03-21,15:10:00,15:20:00,18.636215,73.751081,18.676215,73.791081,NULL
lpzf748317685,2022-03-27,23:30:00,23:45:00,11.003008,76.975440,11.093008,77.065440,NULL
lqbl319321687,2022-03-02,20:30:00,20:40:00,26.911378,75.789034,27.001378,75.879034,NULL
lqct344581768,2022-03-30,23:25:00,23:30:00,18.592718,73.773572,18.622718,73.803572,NULL
lqho431780551,2022-03-17,18:40:00,18:50:00,13.029780,80.208812,13.059780,80.238812,NULL
lqjl997616267,2022-03-17,17:45:00,18:00:00,12.972793,80.249982,13.032793,80.309982,NULL
lqjo369322062,2022-04-02,23:30:00,23:40:00,19.103249,72.846749,19.213249,72.956749,NULL
lqkb835679948,2022-03-09,09:40:00,09:50:00,19.223840,72.841347,19.243840,72.861347,NULL
lqlt459446295,2022-04-05,20:30:00,20:45:00,22.727021,75.884167,22.757021,75.914167,NULL
lqlz933501085,2022-03-13,11:10:00,11:25:00,19.221315,72.862381,19.241315,72.882381,NULL
lqme129431593,2022-03-12,22:30:00,22:40:00,26.891191,75.802083,26.961191,75.872083,NULL
lqoc542997049,2022-04-05,08:25:00,08:40:00,26.849596,75.800512,26.859596,75.810512,NULL
lqog115341784,2022-03-01,08:55:00,09:05:00,19.121999,72.908493,19.131999,72.918493,NULL
lqyq813452304,2022-02-11,17:45:00,18:00:00,23.214294,77.435361,23.244294,77.465361,NULL
lrbb506912317,2022-02-15,08:45:00,08:50:00,30.899584,75.809346,30.909584,75.819346,NULL
lrbb564302256,2022-03-04,23:45:00,00:00:00,13.081878,80.248519,13.171878,80.338519,NULL
lrbl116031443,2022-03-23,20:55:00,21:05:00,21.149834,72.778666,21.279834,72.908666,NULL
lrdd900317462,2022-04-04,18:00:00,18:10:00,26.888420,75.800689,27.018420,75.930689,NULL
lrds708812627,2022-03-16,21:50:00,22:05:00,21.183434,72.814492,21.253434,72.884492,NULL
lrfc113013145,2022-03-04,17:25:00,17:35:00,19.223840,72.841347,19.313840,72.931347,NULL
lrfh109107100,2022-02-11,18:55:00,19:10:00,15.585658,73.743606,15.615658,73.773606,NULL
lrhp926875815,2022-03-26,22:35:00,22:45:00,10.961850,76.971082,11.011850,77.021082,NULL
lris868424911,2022-03-31,21:00:00,21:15:00,22.761593,75.886362,22.841593,75.966362,NULL
lrix576592103,2022-03-20,23:35:00,23:45:00,0.000000,0.000000,0.110000,0.110000,NULL
lrlz646368404,2022-03-11,19:35:00,19:45:00,12.972532,77.608179,13.022532,77.658179,NULL
lroo490677161,2022-03-08,23:30:00,23:35:00,12.352058,76.606650,12.442058,76.696650,NULL
lrpn607817005,2022-02-11,23:20:00,23:35:00,15.544419,73.755736,15.594419,73.805736,NULL
lrri260798214,2022-03-26,11:00:00,11:10:00,11.020910,76.940432,11.030910,76.950432,NULL
lrrn777743168,2022-03-13,11:40:00,11:45:00,13.086438,80.220672,13.096438,80.230672,NULL
lrtj206865264,2022-03-25,22:40:00,22:45:00,17.438263,78.397865,17.518263,78.477865,NULL
lrvt441262930,2022-03-18,18:15:00,18:25:00,12.310972,76.659264,12.400972,76.749264,NULL
lrzs939256923,2022-03-13,23:40:00,23:55:00,12.304569,76.643622,12.354569,76.693622,NULL
lrzw980773914,2022-03-12,20:50:00,20:55:00,11.001852,76.976268,11.111852,77.086268,NULL
lsav207811802,2022-04-03,18:25:00,18:30:00,11.022169,76.999594,11.082169,77.059594,NULL
lsci942511728,2022-03-07,09:50:00,10:05:00,17.411028,78.329645,17.421028,78.339645,NULL
lset448895958,2022-03-03,19:35:00,19:45:00,21.157735,72.768778,21.187735,72.798778,NULL
lsit674172822,2022-04-03,20:45:00,20:55:00,22.320000,73.170000,22.350000,73.200000,NULL
lsjk696739204,2022-03-26,17:20:00,17:30:00,23.357804,85.325146,23.387804,85.355146,NULL
lsjn273617190,2022-03-13,21:45:00,22:00:00,22.308096,73.167753,22.358096,73.217753,NULL
lskl898371493,2022-03-31,17:10:00,17:15:00,11.001753,76.986241,11.131753,77.116241,NULL
lskq121584096,2022-03-23,21:45:00,21:50:00,12.323194,76.630583,12.393194,76.700583,NULL
lslb864135743,2022-03-26,12:30:00,12:35:00,12.933298,77.614293,12.973298,77.654293,NULL
lsst567737164,2022-03-28,12:25:00,12:30:00,17.431477,78.400350,17.471477,78.440350,NULL
lstm049022839,2022-03-03,18:45:00,18:55:00,10.994136,76.963303,11.054136,77.023303,NULL
lswh238601863,2022-03-09,23:55:00,00:00:00,22.311844,73.165081,22.371844,73.225081,NULL
lswi984607341,2022-03-29,19:45:00,19:55:00,22.728163,75.884212,22.808163,75.964212,NULL
lsyi980225581,2022-03-13,13:25:00,13:40:00,17.450851,78.379347,17.490851,78.419347,NULL
ltcy941879776,2022-03-15,08:35:00,08:45:00,12.972532,77.608179,12.982532,77.618179,NULL
ltfd919019671,2022-03-18,17:50:00,18:00:00,22.320000,73.170000,22.410000,73.260000,NULL
ltiv026596650,2022-02-12,19:50:00,19:55:00,0.000000,0.000000,0.090000,0.090000,NULL
ltkk194949582,2022-03-14,22:30:00,22:45:00,12.325461,76.632278,12.455461,76.762278,NULL
ltkm870320813,2022-02-11,15:45:00,15:50:00,23.230791,77.437020,23.270791,77.477020,NULL
ltku854780654,2022-02-11,10:35:00,10:45:00,0.000000,0.000000,0.010000,0.010000,NULL
ltoi660207512,2022-03-31,17:20:00,17:25:00,18.593481,73.785901,18.663481,73.855901,NULL
ltoj997318534,2022-03-07,11:55:00,12:10:00,13.066762,80.251865,13.076762,80.261865,NULL
ltpv954472394,2022-03-20,18:30:00,18:45:00,12.979096,77.640625,13.109096,77.770625,NULL
ltqd573284612,2022-03-31,23:15:00,23:25:00,12.308500,76.665808,12.398500,76.755808,NULL
ltrf391509526,2022-03-12,17:10:00,17:20:00,22.748060,75.893400,22.828060,75.973400,NULL
ltrp525870768,2022-03-16,20:40:00,20:45:00,22.310237,73.158921,22.400237,73.248921,NULL
lttk966894899,2022-04-01,08:25:00,08:35:00,23.333017,85.317200,23.353017,85.337200,NULL
ltua187231202,2022-04-04,20:40:00,20:55:00,18.592718,73.773572,18.672718,73.853572,NULL
ltuo081712610,2022-04-04,21:35:00,21:50:00,11.022477,76.995667,11.132477,77.105667,NULL
ltup087653940,2022-03-13,10:30:00,10:40:00,22.751234,75.889490,22.771234,75.909490,NULL
ltwr528697521,2022-03-10,22:50:00,23:05:00,22.745049,75.892471,22.835049,75.982471,NULL
luaq247158372,2022-03-26,21:25:00,21:40:00,22.751857,75.866699,22.801857,75.916699,NULL
lubd358643567,2022-03-07,23:25:00,23:40:00,0.000000,0.000000,0.060000,0.060000,NULL
lubs365882830,2022-03-14,18:20:00,18:35:00,12.972532,77.608179,13.052532,77.688179,NULL
lucj930993614,2022-03-06,22:15:00,22:20:00,0.000000,0.000000,0.080000,0.080000,NULL
lufk324166654,2022-03-21,17:50:00,17:55:00,21.186608,72.794136,21.246608,72.854136,NULL
lugj202583450,2022-03-04,20:50:00,21:05:00,12.980410,77.640489,13.110410,77.770489,NULL
luka250567007,2022-03-18,23:00:00,23:10:00,12.972532,77.608179,13.042532,77.678179,NULL
lupq818963202,2022-04-01,11:30:00,11:45:00,17.483216,78.552111,17.503216,78.572111,NULL
luub762541586,2022-03-03,09:00:00,09:10:00,18.562450,73.916619,18.582450,73.936619,NULL
luvq212680438,2022-03-09,08:45:00,08:50:00,26.849596,75.800512,26.859596,75.810512,NULL
luvz291265070,2022-03-16,19:15:00,19:30:00,12.979166,77.640709,13.059166,77.720709,NULL
luzx400142829,2022-04-06,19:25:00,19:40:00,19.178321,72.834715,19.308321,72.964715,NULL
lvbx126214365,2022-03-03,15:55:00,16:10:00,12.934365,77.616155,12.974365,77.656155,NULL
lvcf072843155,2022-03-12,21:50:00,21:55:00,12.970324,77.645748,13.040324,77.715748,NULL
lvhm448351831,2022-02-14,18:55:00,19:00:00,9.985697,76.281128,10.115697,76.411128,NULL
lvic154347798,2022-03-17,09:30:00,09:45:00,23.333017,85.317200,23.343017,85.327200,NULL
lviw765358918,2022-04-05,11:50:00,12:05:00,22.722634,75.886959,22.742634,75.906959,NULL
lvja481869510,2022-04-02,21:20:00,21:35:00,26.910262,75.783013,27.040262,75.913013,NULL
lvjh586163830,2022-03-19,10:10:00,10:25:00,21.185047,72.808590,21.195047,72.818590,NULL
lvka746556439,2022-03-20,21:55:00,22:05:00,26.913987,75.752891,27.053987,75.892891,NULL
lvkp664333922,2022-03-10,21:50:00,21:55:00,0.000000,0.000000,0.130000,0.130000,NULL
lvlk414949394,2022-04-02,22:00:00,22:05:00,21.183434,72.814492,21.273434,72.904492,NULL
lvnt175615248,2022-03-19,09:35:00,09:40:00,18.927584,72.832585,18.947584,72.852585,NULL
lvnv966329524,2022-04-03,12:45:00,12:55:00,12.975996,80.221898,13.015996,80.261898,NULL
lvnw837317483,2022-03-01,09:50:00,09:55:00,23.354422,85.332900,23.364422,85.342900,NULL
lvnz340862349,2022-03-13,11:50:00,11:55:00,0.000000,0.000000,0.020000,0.020000,NULL
lvnz878892159,2022-04-03,08:50:00,09:00:00,11.001753,76.986241,11.021753,77.006241,NULL
lvog322942223,2022-04-05,09:35:00,09:40:00,26.910262,75.783013,26.930262,75.803013,NULL
lvph411101254,2022-03-03,18:55:00,19:00:00,12.979166,77.640709,13.029166,77.690709,NULL
lvss866151225,2022-03-23,20:20:00,20:35:00,18.636215,73.751081,18.766215,73.881081,NULL
lvvw698891299,2022-03-21,21:20:00,21:25:00,12.972532,77.608179,13.002532,77.638179,NULL
lvwk495188066,2022-03-19,12:50:00,13:00:00,26.905190,75.810753,26.945190,75.850753,NULL
lvyo271407734,2022-03-21,09:20:00,09:35:00,17.458998,78.500366,17.468998,78.510366,NULL
lvys368228964,2022-03-17,19:35:00,19:40:00,17.440827,78.393391,17.490827,78.443391,NULL
lwab474390344,2022-02-15,19:55:00,20:00:00,25.443994,81.860187,25.503994,81.920187,NULL
lwch955520149,2022-03-17,09:00:00,09:10:00,23.359194,85.325447,23.369194,85.335447,NULL
lwci092602957,2022-03-26,17:20:00,17:35:00,26.888420,75.800689,26.918420,75.830689,NULL
lwdc073699908,2022-03-11,18:50:00,19:05:00,22.760072,75.892574,22.790072,75.922574,NULL
lwea616642546,2022-03-27,19:25:00,19:30:00,13.086438,80.220672,13.166438,80.300672,NULL
lwkc323060104,2022-03-28,21:00:00,21:15:00,26.902908,75.792934,26.952908,75.842934,NULL
lwnn523334605,2022-03-18,22:45:00,22:50:00,21.152760,72.778059,21.242760,72.868059,NULL
lwro838407770,2022-04-06,17:10:00,17:25:00,0.000000,0.000000,0.090000,0.090000,NULL
lwrt686073591,2022-03-26,17:55:00,18:10:00,12.970221,77.645396,13.030221,77.705396,NULL
lwsq965582324,2022-03-02,21:40:00,21:50:00,26.956431,75.776649,27.036431,75.856649,NULL
lwss759586279,2022-04-04,17:20:00,17:25:00,18.546258,73.904337,18.656258,74.014337,NULL
lwvz990739910,2022-03-13,09:20:00,09:30:00,18.569156,73.774723,18.579156,73.784723,NULL
lwwf196807128,2022-03-28,08:55:00,09:10:00,12.323194,76.630583,12.333194,76.640583,NULL
lxbd042201836,2022-04-05,20:10:00,20:15:00,12.337978,76.616792,12.397978,76.676792,NULL
lxhy674147822,2022-03-11,20:25:00,20:35:00,19.120083,72.907385,19.180083,72.967385,NULL
lxlx275255455,2022-03-03,15:10:00,15:15:00,22.722634,75.886959,22.762634,75.926959,NULL
lxop126840206,2022-03-25,21:10:00,21:20:00,22.651847,75.881991,22.721847,75.951991,NULL
lxpj910940278,2022-03-28,13:55:00,14:00:00,17.483216,78.552111,17.523216,78.592111,NULL
lxqd896787919,2022-03-15,23:15:00,23:20:00,13.058616,80.264151,13.108616,80.314151,NULL
lxrd236701469,2022-02-13,13:00:00,13:15:00,30.327968,78.046106,30.367968,78.086106,NULL
lxwa140818117,2022-03-02,20:25:00,20:35:00,12.978453,77.643685,13.048453,77.713685,NULL
lybm186357196,2022-02-11,12:10:00,12:15:00,0.000000,0.000000,0.040000,0.040000,NULL
lych025043240,2022-04-05,21:50:00,21:55:00,11.010375,76.952950,11.070375,77.012950,NULL
lydb601850363,2022-03-11,09:10:00,09:20:00,19.109300,72.825451,19.119300,72.835451,NULL
lydu356315603,2022-03-24,23:25:00,23:40:00,23.355164,85.324097,23.415164,85.384097,NULL
lyfj290477839,2022-02-13,22:10:00,22:15:00,26.490950,80.318656,26.550950,80.378656,NULL
lynm504709183,2022-04-04,20:20:00,20:35:00,11.021278,76.995017,11.151278,77.125017,NULL
lynw380862969,2022-03-13,21:40:00,21:50:00,21.149669,72.772629,21.179669,72.802629,NULL
lype136914180,2022-03-19,14:20:00,14:25:00,19.176269,72.836721,19.216269,72.876721,NULL
lyqs160626048,2022-03-07,17:20:00,17:25:00,12.970221,77.645396,13.020221,77.695396,NULL
lyqx210539228,2022-03-19,17:40:00,17:50:00,11.008638,76.984311,11.068638,77.044311,NULL
lyuw785623509,2022-03-10,17:25:00,17:30:00,17.431477,78.400350,17.511477,78.480350,NULL
lyvf617345919,2022-03-07,12:10:00,12:25:00,26.902328,75.794257,26.942328,75.834257,NULL
lyxu187630460,2022-03-20,22:20:00,22:25:00,13.045479,80.233110,13.115479,80.303110,NULL
lyyj446897623,2022-03-02,19:20:00,19:30:00,11.025083,77.015393,11.105083,77.095393,NULL
lzbk119661412,2022-03-03,18:50:00,19:05:00,19.055831,72.833984,19.115831,72.893984,NULL
lzcw343073763,2022-03-13,08:25:00,08:35:00,18.994049,72.825203,19.004049,72.835203,NULL
lzdv854312781,2022-03-28,19:30:00,19:45:00,11.003669,76.976494,11.033669,77.006494,NULL
lzfn858432259,2022-02-14,22:50:00,23:00:00,30.893081,75.821495,30.963081,75.891495,NULL
lzgm211743278,2022-03-15,21:20:00,21:25:00,11.020910,76.940432,11.070910,76.990432,NULL
lzgs394476976,2022-03-16,23:35:00,23:45:00,12.284747,76.625861,12.364747,76.705861,NULL
lzhb104348126,2022-02-13,20:45:00,21:00:00,22.514585,88.393310,22.574585,88.453310,NULL
lzhq802774888,2022-02-11,23:10:00,23:25:00,30.332735,78.054222,30.392735,78.114222,NULL
lzkn486903927,2022-03-13,18:25:00,18:30:00,11.022298,76.998349,11.082298,77.058349,NULL
lzkv724137602,2022-04-03,16:00:00,16:15:00,12.935662,77.614130,12.975662,77.654130,NULL
lzsu649341076,2022-02-14,20:10:00,20:25:00,9.988483,76.295211,10.098483,76.405211,NULL
lzsv538310462,2022-03-31,20:10:00,20:15:00,22.745536,75.893106,22.855536,76.003106,NULL
lzxr446417420,2022-03-20,17:50:00,17:55:00,11.024839,77.007003,11.114839,77.097003,NULL
lzym484050229,2022-02-18,23:30:00,23:45:00,30.893384,75.821202,31.033384,75.961202,NULL
maab888930044,2022-03-26,10:45:00,10:55:00,12.310972,76.659264,12.320972,76.669264,NULL
maac861720502,2022-03-02,20:25:00,20:30:00,13.081878,80.248519,13.191878,80.358519,NULL
maai009743697,2022-04-01,18:35:00,18:40:00,26.911378,75.789034,26.941378,75.819034,NULL
mact755754210,2022-03-02,20:30:00,20:35:00,21.175104,72.804342,21.245104,72.874342,NULL
macu532628119,2022-03-24,23:20:00,23:30:00,18.546258,73.904337,18.576258,73.934337,NULL
mafw581032294,2022-04-05,08:20:00,08:30:00,12.935662,77.614130,12.955662,77.634130,NULL
mahk034814595,2022-03-14,22:50:00,23:00:00,22.651847,75.881991,22.721847,75.951991,NULL
majc879690269,2022-03-17,22:55:00,23:05:00,12.970221,77.645396,13.030221,77.705396,NULL
makl463685538,2022-03-16,18:40:00,18:50:00,12.326356,76.619103,12.406356,76.699103,NULL
mame400683795,2022-04-05,18:45:00,18:50:00,12.934365,77.616155,12.984365,77.666155,NULL
maqg628843854,2022-02-17,15:20:00,15:35:00,26.477750,80.351569,26.517750,80.391569,NULL
maqv741757893,2022-03-12,19:35:00,19:40:00,0.000000,0.000000,0.090000,0.090000,NULL
marh830102798,2022-02-18,17:20:00,17:25:00,22.539129,88.365507,22.619129,88.445507,NULL
matd707982331,2022-03-01,22:00:00,22:15:00,17.433809,78.386744,17.483809,78.436744,NULL
mavu758226963,2022-03-24,23:25:00,23:30:00,17.430448,78.418213,17.460448,78.448213,NULL
mbag630745668,2022-03-15,20:30:00,20:35:00,21.149834,72.778666,21.199834,72.828666,NULL
mbhl506357488,2022-04-05,16:55:00,17:05:00,12.934179,77.615797,12.974179,77.655797,NULL
mbhl763139783,2022-03-29,18:55:00,19:10:00,12.906229,77.596791,13.016229,77.706791,NULL
mbhv505482253,2022-03-25,19:15:00,19:20:00,12.979166,77.640709,13.049166,77.710709,NULL
mbnu886025799,2022-03-26,14:45:00,14:55:00,21.160437,72.774209,21.200437,72.814209,NULL
mbox185212479,2022-02-12,17:10:00,17:20:00,27.159795,78.042990,27.249795,78.132990,NULL
mbqb854396458,2022-03-27,21:25:00,21:40:00,11.021278,76.995017,11.111278,77.085017,NULL
mbrj282340945,2022-02-16,00:00:00,00:05:00,27.163303,78.057044,27.253303,78.147044,NULL
mbry978601064,2022-03-24,21:25:00,21:30:00,22.761593,75.886362,22.821593,75.946362,NULL
mbvr902434556,2022-03-03,22:25:00,22:40:00,12.979096,77.640625,13.039096,77.700625,NULL
mbwe864006841,2022-03-26,20:15:00,20:30:00,11.024839,77.007003,11.084839,77.067003,NULL
mbxu622856925,2022-02-15,20:15:00,20:25:00,15.585658,73.743606,15.635658,73.793606,NULL
mbzd519155820,2022-03-01,23:30:00,23:35:00,21.157729,72.768726,21.217729,72.828726,NULL
mbzl529555082,2022-03-04,21:35:00,21:40:00,11.021278,76.995017,11.101278,77.075017,NULL
mcap917327399,2022-02-11,21:45:00,21:50:00,9.970717,76.285447,10.000717,76.315447,NULL
mcax123200239,2022-03-23,18:00:00,18:05:00,18.514210,73.838429,18.624210,73.948429,NULL
mcei556826843,2022-04-04,22:00:00,22:15:00,21.175104,72.804342,21.285104,72.914342,NULL
mcjg202506760,2022-03-23,19:40:00,19:45:00,21.173493,72.801953,21.243493,72.871953,NULL
mcnb387789751,2022-03-18,18:40:00,18:55:00,19.126630,72.829976,19.236630,72.939976,NULL
mcqj833124978,2022-03-24,19:20:00,19:30:00,22.745049,75.892471,22.775049,75.922471,NULL
mctx146223837,2022-02-13,20:55:00,21:10:00,-27.165108,78.015053,27.225108,78.075053,NULL
mcvn691975524,2022-02-12,21:35:00,21:45:00,15.546594,73.760431,15.656594,73.870431,NULL
mcxa770941028,2022-03-21,23:50:00,00:05:00,18.563934,73.915367,18.613934,73.965367,NULL
mdbs551909555,2022-03-08,21:15:00,21:30:00,12.972532,77.608179,13.082532,77.718179,NULL
mdfo773463155,2022-04-02,23:00:00,23:05:00,21.173493,72.801953,21.263493,72.891953,NULL
mdig362012056,2022-03-04,19:25:00,19:30:00,19.065838,72.832658,19.195838,72.962658,NULL
mdma084182397,2022-03-17,09:25:00,09:30:00,13.086438,80.220672,13.096438,80.230672,NULL
mdpg043357494,2022-03-21,21:10:00,21:15:00,12.939496,77.625999,12.999496,77.685999,NULL
mdpo295579967,2022-02-17,16:20:00,16:30:00,25.452350,81.841889,25.492350,81.881889,NULL
mdqh225418616,2022-03-09,19:40:00,19:45:00,13.044694,80.261470,13.104694,80.321470,NULL
mduz011124858,2022-03-21,13:10:00,13:25:00,13.081878,80.248519,13.121878,80.288519,NULL
mdws534784048,2022-03-14,22:55:00,23:05:00,13.049645,80.242268,13.159645,80.352268,NULL
mdzs136627694,2022-03-12,22:30:00,22:40:00,12.913041,77.683237,13.023041,77.793237,NULL
meef599265821,2022-03-07,18:55:00,19:00:00,0.000000,0.000000,0.030000,0.030000,NULL
meeq768171362,2022-02-11,20:10:00,20:25:00,9.957144,76.296783,10.017144,76.356783,NULL
mevk873975968,2022-03-02,22:45:00,22:55:00,12.304569,76.643622,12.434569,76.773622,NULL
mevy145409814,2022-03-05,08:45:00,08:55:00,18.927584,72.832585,18.947584,72.852585,NULL
mewt871099523,2022-03-15,19:40:00,19:45:00,26.888420,75.800689,26.918420,75.830689,NULL
mexi889463821,2022-02-17,19:25:00,19:35:00,30.887220,75.804893,30.917220,75.834893,NULL
mfai542774074,2022-04-06,22:30:00,22:40:00,23.354422,85.332900,23.464422,85.442900,NULL
mfbm685783396,2022-03-14,18:50:00,19:00:00,13.005801,80.250744,13.135801,80.380744,NULL
mffh372572364,2022-03-05,10:15:00,10:30:00,13.005801,80.250744,13.025801,80.270744,NULL
mfgp327027920,2022-03-30,23:55:00,00:05:00,0.000000,0.000000,0.050000,0.050000,NULL
mfkm295992455,2022-02-12,17:30:00,17:40:00,27.195928,77.998092,27.325928,78.128092,NULL
mflg571165806,2022-03-16,21:55:00,22:05:00,26.910262,75.783013,27.040262,75.913013,NULL
mfmh637287929,2022-03-11,18:00:00,18:15:00,12.975996,80.221898,13.025996,80.271898,NULL
mfms542523649,2022-03-09,13:00:00,13:10:00,22.727021,75.884167,22.767021,75.924167,NULL
mfol662804540,2022-03-27,19:30:00,19:40:00,12.933298,77.614293,13.013298,77.694293,NULL
mfpe569807093,2022-03-21,18:00:00,18:05:00,11.003008,76.975440,11.063009,77.035440,NULL
mfww667203068,2022-03-05,22:25:00,22:40:00,18.994237,72.825553,19.024237,72.855553,NULL
mfxc413232725,2022-03-27,17:40:00,17:50:00,21.185047,72.808590,21.275047,72.898590,NULL
mgbd870318407,2022-04-05,23:20:00,23:35:00,11.025083,77.015393,11.075083,77.065393,NULL
mgbe723681567,2022-03-30,22:30:00,22:35:00,22.750040,75.902847,22.810040,75.962847,NULL
mgbj572767334,2022-03-01,17:25:00,17:30:00,21.157729,72.768726,21.207729,72.818726,NULL
mgbq271462045,2022-03-11,00:00:00,00:15:00,12.310972,76.659264,12.340972,76.689264,NULL
mgeb383371672,2022-03-14,17:35:00,17:45:00,26.846156,75.802300,26.916156,75.872300,NULL
mgei450309055,2022-03-07,11:55:00,12:05:00,19.131141,72.813074,19.141140,72.823074,NULL
mger780641834,2022-03-26,18:20:00,18:25:00,12.337928,76.617889,12.387928,76.667889,NULL
mgio795091530,2022-02-17,19:55:00,20:00:00,26.483672,80.320708,26.543672,80.380708,NULL
mgjh775757469,2022-02-17,17:25:00,17:40:00,15.506205,73.766668,15.556205,73.816668,NULL
mgjs921089192,2022-03-08,23:45:00,23:55:00,26.888420,75.800689,26.978420,75.890689,NULL
mgmo287954918,2022-03-08,18:35:00,18:50:00,22.728163,75.884212,22.808163,75.964212,NULL
mgqf312635294,2022-03-01,23:55:00,00:10:00,21.171060,72.789292,21.221060,72.839292,NULL
mgrx755723874,2022-03-10,22:15:00,22:30:00,12.975377,77.696664,13.055377,77.776664,NULL
mgte533794338,2022-04-04,17:40:00,17:45:00,18.551440,73.804855,18.621440,73.874855,NULL
mgvw470971618,2022-03-20,18:00:00,18:05:00,12.978453,77.643685,13.068453,77.733685,NULL
mgvy293313798,2022-03-17,16:20:00,16:25:00,0.000000,0.000000,0.040000,0.040000,NULL
mgws635353666,2022-04-04,17:55:00,18:05:00,21.175975,72.795503,21.285975,72.905503,NULL
mgyd374838734,2022-03-26,22:45:00,22:50:00,12.323194,76.630583,12.353194,76.660583,NULL
mhaj163755399,2022-03-08,21:10:00,21:25:00,23.399250,85.390464,23.529250,85.520464,NULL
mhbw191834924,2022-02-18,21:00:00,21:10:00,9.979186,76.317361,10.049186,76.387361,NULL
mhcp008782916,2022-03-19,12:45:00,12:55:00,12.975996,80.221898,13.015996,80.261898,NULL
mhdh402231374,2022-03-16,20:35:00,20:50:00,22.307898,73.167788,22.417898,73.277788,NULL
mhdy421596671,2022-03-21,17:55:00,18:00:00,11.003669,76.976494,11.053669,77.026494,NULL
mhey540789978,2022-03-12,22:10:00,22:15:00,19.131141,72.813074,19.221141,72.903074,NULL
mhgb248040092,2022-04-04,20:45:00,21:00:00,22.651847,75.881991,22.721847,75.951991,NULL
mhkw290830083,2022-03-11,14:00:00,14:15:00,21.175975,72.795503,21.215975,72.835503,NULL
mhnq894221044,2022-03-28,10:15:00,10:25:00,18.533811,73.899315,18.543811,73.909315,NULL
mhsr191274778,2022-04-01,22:00:00,22:05:00,0.000000,0.000000,0.050000,0.050000,NULL
mhsv482036433,2022-03-16,19:40:00,19:50:00,13.091809,80.219104,13.201809,80.329104,NULL
mhth982757294,2022-03-03,20:35:00,20:45:00,13.045479,80.233110,13.105479,80.293110,NULL
mhtl211823453,2022-03-28,17:55:00,18:10:00,21.186608,72.794136,21.236608,72.844136,NULL
mhve925152676,2022-03-18,20:10:00,20:25:00,0.000000,0.000000,0.080000,0.080000,NULL
mibu135836897,2022-03-15,22:00:00,22:10:00,11.006686,76.951736,11.066686,77.011736,NULL
mibx762745655,2022-03-17,09:50:00,10:00:00,21.149569,72.772697,21.159569,72.782697,NULL
mien913314737,2022-03-07,17:10:00,17:20:00,19.254567,72.848923,19.304567,72.898923,NULL
mifb062366104,2022-03-16,20:35:00,20:40:00,12.304569,76.643622,12.434569,76.773622,NULL
mifq215174685,2022-03-19,17:10:00,17:20:00,11.001753,76.986241,11.051753,77.036241,NULL
mijw851573948,2022-03-20,21:25:00,21:40:00,21.183434,72.814492,21.293434,72.924492,NULL
mikp615052003,2022-02-16,18:45:00,19:00:00,25.443994,81.860187,25.513994,81.930187,NULL
milj541558432,2022-03-04,22:10:00,22:15:00,0.000000,0.000000,0.070000,0.070000,NULL
mimg501618270,2022-03-21,17:45:00,17:55:00,26.914142,75.805704,26.944142,75.835704,NULL
mioo248071197,2022-03-14,20:25:00,20:40:00,22.745536,75.893106,22.825536,75.973106,NULL
mios587573066,2022-04-05,18:50:00,19:05:00,17.431477,78.400350,17.491477,78.460350,NULL
mirt199087171,2022-02-17,10:20:00,10:25:00,22.551084,88.354127,22.561084,88.364127,NULL
mist293205458,2022-02-15,10:10:00,10:15:00,25.449659,81.839744,25.459659,81.849744,NULL
mitw210337293,2022-03-29,17:55:00,18:05:00,12.323194,76.630583,12.433194,76.740583,NULL
miuc936101314,2022-03-12,20:40:00,20:45:00,17.410371,78.437225,17.500371,78.527225,NULL
mivw858318385,2022-03-31,20:40:00,20:50:00,17.451976,78.385883,17.541976,78.475883,NULL
mivz461407242,2022-02-17,22:20:00,22:30:00,22.526461,88.364453,22.586461,88.424453,NULL
miyv465604116,2022-03-12,22:15:00,22:30:00,17.440827,78.393391,17.530827,78.483391,NULL
mjbo906634889,2022-02-18,00:00:00,00:15:00,19.875016,75.322405,19.945016,75.392405,NULL
mjbp947754533,2022-03-29,23:35:00,23:50:00,26.766536,75.837333,26.906536,75.977333,NULL
mjcq095679258,2022-02-11,17:20:00,17:35:00,15.506205,73.766668,15.566205,73.826668,NULL
mjey355506878,2022-03-11,10:40:00,10:55:00,18.543626,73.905101,18.553626,73.915101,NULL
mjif550741647,2022-03-18,18:20:00,18:35:00,12.979096,77.640625,13.049096,77.710625,NULL
mjil646550687,2022-04-06,18:20:00,18:25:00,11.024839,77.007003,11.114839,77.097003,NULL
mjjk292400593,2022-03-23,21:35:00,21:40:00,22.311358,73.164798,22.381358,73.234798,NULL
mjjl405462834,2022-03-24,18:40:00,18:45:00,21.160437,72.774209,21.220437,72.834209,NULL
mjkp174923833,2022-03-05,23:50:00,00:00:00,11.016298,76.972076,11.076298,77.032076,NULL
mjkv310475194,2022-03-31,23:40:00,23:45:00,12.323978,76.627961,12.453978,76.757961,NULL
mjny778475225,2022-02-13,12:00:00,12:10:00,25.450317,81.831681,25.470317,81.851681,NULL
mjov786528345,2022-03-23,17:55:00,18:10:00,21.152760,72.778059,21.222760,72.848059,NULL
mjph321722493,2022-03-28,22:45:00,22:50:00,11.025083,77.015393,11.075083,77.065393,NULL
mjra614047376,2022-03-11,18:15:00,18:25:00,12.321214,76.621094,12.371214,76.671094,NULL
mjrh659166453,2022-03-07,10:00:00,10:05:00,0.000000,0.000000,0.010000,0.010000,NULL
mjsd869081161,2022-03-10,19:10:00,19:20:00,19.176269,72.836721,19.266269,72.926721,NULL
mjsq064397885,2022-03-12,21:25:00,21:40:00,19.120083,72.907385,19.190083,72.977385,NULL
mjzt727796336,2022-03-17,09:10:00,09:15:00,22.311603,73.165012,22.331603,73.185012,NULL
mjzv475761405,2022-04-03,08:55:00,09:00:00,18.994237,72.825553,19.004237,72.835553,NULL
mkgg731594420,2022-03-12,23:55:00,00:10:00,13.064181,80.236442,13.144181,80.316442,NULL
mkhn889893632,2022-03-14,21:45:00,21:50:00,21.171060,72.789292,21.301060,72.919292,NULL
mklx421457148,2022-04-04,17:15:00,17:30:00,26.913726,75.752820,27.003726,75.842821,NULL
mkoj547937826,2022-03-12,20:50:00,21:05:00,26.888420,75.800689,27.018420,75.930689,NULL
mkov854924222,2022-03-13,22:45:00,22:55:00,23.351489,85.324253,23.401489,85.374253,NULL
mkpp302632862,2022-04-05,19:30:00,19:40:00,17.426228,78.407495,17.456228,78.437495,NULL
mkva994791983,2022-03-15,16:45:00,16:50:00,18.514210,73.838429,18.554210,73.878429,NULL
mkxv329200622,2022-03-05,09:50:00,09:55:00,26.888420,75.800689,26.898420,75.810689,NULL
mkzl194353374,2022-03-18,23:35:00,23:50:00,11.021278,76.995017,11.131278,77.105017,NULL
mlap569420989,2022-04-06,17:50:00,17:55:00,22.732225,75.874765,22.812225,75.954765,NULL
mlbf473541138,2022-03-29,20:25:00,20:35:00,22.732225,75.874765,22.802225,75.944765,NULL
mlcf220251758,2022-04-03,12:25:00,12:30:00,22.310237,73.158921,22.350237,73.198921,NULL
mleb942163074,2022-03-06,17:20:00,17:30:00,12.304569,76.643622,12.384569,76.723622,NULL
mljl907881090,2022-04-06,23:40:00,23:45:00,22.310237,73.158921,22.400237,73.248921,NULL
mlkr724159500,2022-03-11,08:50:00,09:05:00,17.483216,78.552111,17.493216,78.562111,NULL
mlly020096578,2022-04-04,20:15:00,20:30:00,13.081878,80.248519,13.151878,80.318519,NULL
mlnj899014906,2022-03-03,21:10:00,21:20:00,12.933284,77.615428,12.963284,77.645428,NULL
mlqe930415651,2022-03-01,18:25:00,18:35:00,23.351058,85.325731,23.381058,85.355731,NULL
mlsq618867419,2022-03-23,20:10:00,20:25:00,22.312790,73.170283,22.392790,73.250283,NULL
mltg533186640,2022-04-06,22:00:00,22:15:00,11.024839,77.007003,11.104839,77.087003,NULL
mlue084492076,2022-03-19,17:30:00,17:40:00,13.066762,80.251865,13.126762,80.311865,NULL
mlvv464352659,2022-03-07,21:20:00,21:25:00,26.902908,75.792934,26.952908,75.842934,NULL
mlyj980799599,2022-02-12,17:15:00,17:30:00,25.454648,81.834502,25.534648,81.914502,NULL
mlzq889451393,2022-03-01,23:00:00,23:05:00,12.323194,76.630583,12.353194,76.660583,NULL
mmad593959244,2022-03-04,23:10:00,23:15:00,18.546947,73.900626,18.656947,74.010626,NULL
mmbt765343357,2022-03-15,10:35:00,10:45:00,12.979166,77.640709,12.999166,77.660709,NULL
mmew456181593,2022-02-16,21:10:00,21:15:00,30.893234,75.821720,30.963234,75.891720,NULL
mmfp795505097,2022-03-12,19:20:00,19:30:00,26.846156,75.802300,26.976156,75.932300,NULL
mmfw659947091,2022-03-29,19:20:00,19:35:00,12.979166,77.640709,13.069166,77.730709,NULL
mmgv347585951,2022-04-01,17:50:00,18:05:00,17.440827,78.393391,17.500827,78.453391,NULL
mmhe959868409,2022-03-14,23:10:00,23:20:00,23.353783,85.326967,23.423783,85.396967,NULL
mmhy715801750,2022-03-25,19:40:00,19:50:00,23.333017,85.317200,23.403017,85.387200,NULL
mmju058109263,2022-02-18,20:10:00,20:15:00,30.361281,78.068022,30.431281,78.138022,NULL
mmne277888809,2022-04-03,23:30:00,23:45:00,11.003681,76.975525,11.063681,77.035525,NULL
mmnl700517314,2022-03-28,19:10:00,19:15:00,19.121999,72.908493,19.151999,72.938493,NULL
mmnq033985559,2022-03-07,19:20:00,19:25:00,18.536562,73.896485,18.586562,73.946485,NULL
mmoi200068827,2022-04-01,15:50:00,15:55:00,0.000000,0.000000,0.040000,0.040000,NULL
mmpj310506063,2022-03-20,22:25:00,22:30:00,0.000000,0.000000,0.070000,0.070000,NULL
mmqa257155778,2022-04-06,22:25:00,22:40:00,0.000000,0.000000,0.080000,0.080000,NULL
mmqf170202616,2022-03-09,00:00:00,00:05:00,26.888420,75.800689,26.918420,75.830689,NULL
mmsk944308508,2022-02-18,21:25:00,21:40:00,23.232537,77.429845,23.312537,77.509845,NULL
mmso865853867,2022-03-06,22:15:00,22:25:00,18.546258,73.904337,18.656258,74.014337,NULL
mnaq264232960,2022-03-13,20:40:00,20:50:00,21.170096,72.789122,21.200096,72.819122,NULL
mnav019478116,2022-03-25,21:40:00,21:55:00,21.149669,72.772629,21.219669,72.842629,NULL
mnea366351067,2022-03-30,21:40:00,21:55:00,22.732225,75.874765,22.792225,75.934765,NULL
mnep467825107,2022-03-30,22:15:00,22:30:00,18.539299,73.897902,18.569299,73.927902,NULL
mnhk755382504,2022-03-14,18:50:00,19:05:00,13.045479,80.233110,13.155479,80.343110,NULL
mnjd600263184,2022-03-06,17:25:00,17:35:00,19.091458,72.827808,19.161458,72.897808,NULL
mnko903589578,2022-02-15,21:20:00,21:25:00,15.556561,73.763633,15.616561,73.823633,NULL
mnmk603650407,2022-03-03,18:10:00,18:25:00,26.766536,75.837333,26.796536,75.867333,NULL
mnsp594424372,2022-02-15,09:00:00,09:15:00,26.469003,80.316344,26.489003,80.336344,NULL
mntp848067314,2022-03-13,22:00:00,22:05:00,11.001852,76.976268,11.031852,77.006268,NULL
mnxn884371946,2022-03-28,11:10:00,11:25:00,23.359033,85.325347,23.379033,85.345347,NULL
mnym599094238,2022-03-02,20:55:00,21:05:00,22.761226,75.887522,22.831226,75.957521,NULL
mogi510834671,2022-03-19,10:25:00,10:40:00,22.722634,75.886959,22.732634,75.896959,NULL
moln491233783,2022-03-30,17:20:00,17:25:00,26.911927,75.797282,26.941927,75.827282,NULL
momf531368734,2022-04-05,14:30:00,14:45:00,18.593481,73.785901,18.633481,73.825901,NULL
momy957350924,2022-02-18,21:40:00,21:45:00,30.895817,75.813112,31.035817,75.953112,NULL
mooi657427666,2022-03-08,19:45:00,19:50:00,18.514210,73.838429,18.604210,73.928429,NULL
mope411278455,2022-03-15,20:50:00,20:55:00,19.109300,72.825451,19.169300,72.885451,NULL
moql695975380,2022-03-14,23:15:00,23:20:00,19.178321,72.834715,19.258321,72.914715,NULL
moxv622554266,2022-03-27,17:15:00,17:20:00,21.186608,72.794136,21.296608,72.904136,NULL
moyh760051262,2022-03-04,18:00:00,18:10:00,23.399250,85.390464,23.469250,85.460464,NULL
mozj670710314,2022-03-06,19:50:00,20:05:00,0.000000,0.000000,0.080000,0.080000,NULL
mpet509696213,2022-03-19,13:45:00,13:55:00,23.351489,85.324253,23.391489,85.364253,NULL
mpid892105656,2022-03-24,11:40:00,11:45:00,17.458998,78.500366,17.468998,78.510366,NULL
mpkj907688327,2022-04-03,20:55:00,21:00:00,13.022394,80.242439,13.052394,80.272439,NULL
mplw920544748,2022-03-06,18:00:00,18:15:00,12.979166,77.640709,13.069166,77.730709,NULL
mply688461274,2022-04-03,20:25:00,20:30:00,22.651847,75.881991,22.681847,75.911991,NULL
mpmj126993214,2022-03-20,22:25:00,22:40:00,12.913041,77.683237,13.023041,77.793237,NULL
mpnb283435211,2022-03-05,23:10:00,23:25:00,17.431668,78.408321,17.461668,78.438321,NULL
mpng774433811,2022-03-19,13:20:00,13:35:00,17.459710,78.368855,17.499710,78.408855,NULL
mpom767448788,2022-03-26,22:35:00,22:50:00,12.323225,76.630028,12.353225,76.660028,NULL
mpwp291475332,2022-03-01,23:50:00,00:05:00,17.459710,78.368855,17.489710,78.398855,NULL
mpxz628633412,2022-02-14,19:35:00,19:40:00,19.874733,75.353942,19.954733,75.433942,NULL
mpyo938204338,2022-03-24,20:25:00,20:35:00,12.906229,77.596791,12.936229,77.626791,NULL
mpzq193506864,2022-04-01,09:00:00,09:05:00,12.323225,76.630028,12.333225,76.640028,NULL
mqap045772910,2022-03-31,18:30:00,18:45:00,18.539299,73.897902,18.669299,74.027902,NULL
mqeq874545228,2022-03-13,20:45:00,20:55:00,13.081878,80.248519,13.141878,80.308519,NULL
mqfh263713062,2022-03-25,19:20:00,19:30:00,17.438263,78.397865,17.548263,78.507865,NULL
mqfx044813014,2022-03-13,20:15:00,20:25:00,12.284747,76.625861,12.344747,76.685861,NULL
mqge775450419,2022-03-26,19:35:00,19:45:00,0.000000,0.000000,0.060000,0.060000,NULL
mqhd795683441,2022-03-10,17:30:00,17:45:00,12.326356,76.619103,12.416356,76.709103,NULL
mqhw773310802,2022-04-03,08:25:00,08:35:00,13.086438,80.220672,13.106438,80.240672,NULL
mqka859152264,2022-04-04,21:30:00,21:35:00,12.311072,76.654878,12.391072,76.734878,NULL
mqky813045415,2022-03-28,14:30:00,14:40:00,22.725748,75.898497,22.765747,75.938497,NULL
mqmq922233863,2022-03-28,11:25:00,11:30:00,13.029198,77.570997,13.049198,77.590997,NULL
mqnh613736893,2022-03-27,17:55:00,18:05:00,22.311603,73.165012,22.401603,73.255012,NULL
mqom404271272,2022-03-25,23:30:00,23:45:00,18.516216,73.842527,18.646216,73.972527,NULL
mqpx877984772,2022-03-26,17:35:00,17:50:00,13.091809,80.219104,13.151809,80.279104,NULL
mqqs850766570,2022-03-07,20:15:00,20:20:00,18.592718,73.773572,18.622718,73.803572,NULL
mqrk261322570,2022-03-19,21:00:00,21:10:00,0.000000,0.000000,0.050000,0.050000,NULL
mquo707004446,2022-03-14,20:55:00,21:00:00,12.979166,77.640709,13.069166,77.730709,NULL
mqvp909535115,2022-03-30,14:30:00,14:45:00,10.961850,76.971082,11.001850,77.011082,NULL
mqya632661029,2022-03-17,18:25:00,18:30:00,17.411028,78.329645,17.471028,78.389645,NULL
mqyt408064437,2022-04-05,22:50:00,22:55:00,18.546947,73.900626,18.606947,73.960626,NULL
mrdg183916741,2022-02-15,11:00:00,11:05:00,19.874733,75.353942,19.884733,75.363942,NULL
mrek766767233,2022-03-03,15:35:00,15:40:00,13.091809,80.219104,13.131809,80.259104,NULL
mrfq421093291,2022-03-27,19:45:00,19:50:00,18.520016,73.830547,18.630016,73.940547,NULL
mrfx777445506,2022-03-30,11:00:00,11:10:00,21.173343,72.792731,21.183343,72.802731,NULL
mrgg439648298,2022-03-03,10:30:00,10:35:00,11.025083,77.015393,11.045083,77.035393,NULL
mrjk286419068,2022-03-06,22:00:00,22:05:00,18.546258,73.904337,18.616258,73.974337,NULL
mrjm925736117,2022-03-11,18:35:00,18:50:00,23.416792,85.316842,23.446792,85.346842,NULL
mrjq908735185,2022-03-15,20:30:00,20:40:00,13.045479,80.233110,13.105479,80.293110,NULL
mrns025904291,2022-03-24,08:40:00,08:50:00,13.058616,80.264151,13.068616,80.274151,NULL
mrtz690369413,2022-03-24,18:10:00,18:20:00,11.026117,76.944652,11.086117,77.004652,NULL
mrua249096824,2022-02-16,21:50:00,22:00:00,0.000000,0.000000,0.080000,0.080000,NULL
mruy043305111,2022-03-18,18:55:00,19:10:00,18.539299,73.897902,18.609299,73.967902,NULL
mrvy893201573,2022-03-08,22:35:00,22:40:00,17.424114,78.347554,17.554114,78.477554,NULL
mrxf746641441,2022-04-04,23:55:00,00:00:00,22.311844,73.165081,22.391844,73.245081,NULL
mryb985330207,2022-03-27,18:20:00,18:25:00,19.254567,72.848923,19.364567,72.958923,NULL
mrym595868013,2022-02-15,23:10:00,23:25:00,30.372202,78.077151,30.402202,78.107151,NULL
mscn741126753,2022-02-18,18:20:00,18:35:00,22.537960,88.349843,22.617960,88.429843,NULL
msdi678394363,2022-03-14,22:20:00,22:35:00,22.311844,73.165081,22.381844,73.235081,NULL
msey183212192,2022-03-07,11:10:00,11:20:00,12.297954,76.665169,12.307954,76.675169,NULL
mski712699426,2022-03-26,11:00:00,11:10:00,26.846156,75.802300,26.866156,75.822300,NULL
mskm735286086,2022-03-27,19:35:00,19:45:00,13.064181,80.236442,13.134181,80.306442,NULL
msld289262147,2022-03-04,20:10:00,20:25:00,17.412330,78.449654,17.492330,78.529654,NULL
msnf482681847,2022-03-17,14:20:00,14:25:00,12.316967,76.603067,12.356967,76.643067,NULL
msnj088276941,2022-03-01,13:40:00,13:50:00,17.426228,78.407495,17.466228,78.447495,NULL
msnw786727644,2022-02-14,22:45:00,23:00:00,27.165108,78.015053,27.255108,78.105053,NULL
mspt255904895,2022-03-16,20:15:00,20:30:00,13.045479,80.233110,13.115479,80.303110,NULL
msqe463705113,2022-03-11,15:55:00,16:00:00,17.424114,78.347554,17.464114,78.387554,NULL
msqy545881869,2022-03-02,00:00:00,00:05:00,23.371292,85.327872,23.461292,85.417872,NULL
msso587061939,2022-03-08,22:50:00,23:05:00,12.970324,77.645748,13.050324,77.725748,NULL
msst937092386,2022-03-11,18:10:00,18:25:00,0.000000,0.000000,0.050000,0.050000,NULL
mswu038400268,2022-03-17,14:45:00,14:50:00,12.299524,76.642620,12.339524,76.682620,NULL
msym702782436,2022-03-18,17:50:00,17:55:00,23.374878,85.335739,23.484878,85.445739,NULL
mszv246191873,2022-03-10,22:00:00,22:15:00,22.310237,73.158921,22.420237,73.268921,NULL
mtck680289906,2022-02-13,10:45:00,10:55:00,0.000000,0.000000,0.010000,0.010000,NULL
mtcr221173183,2022-03-28,19:15:00,19:20:00,18.539299,73.897902,18.569299,73.927902,NULL
mteg385403286,2022-03-11,21:10:00,21:15:00,12.986047,80.218114,13.036047,80.268114,NULL
mteo720732343,2022-03-23,21:20:00,21:35:00,21.175975,72.795503,21.265975,72.885503,NULL
mtgd890623169,2022-03-08,19:40:00,19:50:00,12.935662,77.614130,13.025662,77.704130,NULL
mtjl328422300,2022-02-12,18:10:00,18:20:00,-30.902872,75.826808,31.012872,75.936808,NULL
mtlq557527223,2022-02-11,15:55:00,16:05:00,27.201725,78.007553,27.241725,78.047553,NULL
mtnk106594200,2022-04-04,20:15:00,20:25:00,21.152760,72.778059,21.242760,72.868059,NULL
mttu695236585,2022-03-31,20:35:00,20:45:00,11.026117,76.944652,11.096117,77.014652,NULL
mtuf991352659,2022-03-13,22:15:00,22:30:00,0.000000,0.000000,0.060000,0.060000,NULL
mtuj344981353,2022-03-12,23:45:00,00:00:00,23.374989,85.335486,23.504989,85.465486,NULL
mtvc132431220,2022-03-16,19:10:00,19:20:00,17.412330,78.449654,17.502330,78.539654,NULL
mtvu176503616,2022-03-29,17:15:00,17:20:00,0.000000,0.000000,0.090000,0.090000,NULL
mtxz498076790,2022-03-12,21:50:00,22:05:00,18.514210,73.838429,18.594210,73.918429,NULL
mtyg952021330,2022-03-12,23:45:00,23:50:00,22.745049,75.892471,22.835049,75.982471,NULL
mtyi065179357,2022-03-03,00:00:00,00:05:00,0.000000,0.000000,0.060000,0.060000,NULL
mtzf812042344,2022-03-15,10:55:00,11:00:00,12.323194,76.630583,12.343194,76.650583,NULL
muaz489760243,2022-03-03,15:10:00,15:20:00,22.751234,75.889490,22.791234,75.929490,NULL
muer019258243,2022-02-15,21:40:00,21:50:00,27.161661,78.011544,27.221661,78.071544,NULL
mufg801621772,2022-04-06,20:00:00,20:05:00,12.972161,77.596014,13.062161,77.686014,NULL
mugk667460458,2022-03-06,20:20:00,20:35:00,22.745536,75.893106,22.835536,75.983106,NULL
muho720763592,2022-03-20,21:15:00,21:30:00,11.006686,76.951736,11.136686,77.081736,NULL
mujl584878262,2022-03-09,11:50:00,12:05:00,26.888420,75.800689,26.898420,75.810689,NULL
muju181262354,2022-03-31,17:10:00,17:25:00,26.911378,75.789034,26.991378,75.869034,NULL
mukf381691694,2022-03-24,11:45:00,12:00:00,22.744648,75.894377,22.764648,75.914377,NULL
mumb275540539,2022-03-10,22:10:00,22:25:00,18.563934,73.915367,18.643935,73.995367,NULL
muoe247905862,2022-03-02,19:45:00,19:50:00,26.888420,75.800689,26.998420,75.910689,NULL
mupr233190762,2022-04-01,20:50:00,21:05:00,21.149669,72.772629,21.199669,72.822629,NULL
murb988369284,2022-02-12,19:35:00,19:50:00,30.361281,78.068022,30.491281,78.198022,NULL
muxd410425615,2022-02-14,21:55:00,22:00:00,22.514585,88.393310,22.624585,88.503310,NULL
muzk115409037,2022-04-03,10:45:00,10:50:00,13.005801,80.250744,13.025801,80.270744,NULL
mvaa931513420,2022-03-05,16:40:00,16:50:00,19.131141,72.813074,19.171140,72.853074,NULL
mvfm680151780,2022-04-03,18:15:00,18:30:00,21.149569,72.772697,21.209569,72.832697,NULL
mvig464211598,2022-03-15,20:35:00,20:45:00,18.994237,72.825553,19.024237,72.855553,NULL
mvls158779205,2022-03-15,22:50:00,23:00:00,0.000000,0.000000,0.050000,0.050000,NULL
mvos025512986,2022-03-18,23:10:00,23:20:00,19.091458,72.827808,19.171458,72.907808,NULL
mvpl009654764,2022-03-23,19:40:00,19:45:00,18.563934,73.915367,18.693935,74.045367,NULL
mvpu277208594,2022-03-18,22:55:00,23:05:00,22.307898,73.167788,22.417898,73.277788,NULL
mvqs331574430,2022-03-10,17:40:00,17:55:00,0.000000,0.000000,0.070000,0.070000,NULL
mvtr028760514,2022-04-04,21:20:00,21:25:00,19.131141,72.813074,19.201141,72.883074,NULL
mvvk118681740,2022-03-31,23:15:00,23:30:00,22.695207,75.866059,22.785207,75.956059,NULL
mvwq665627868,2022-03-31,00:00:00,00:15:00,22.761226,75.887522,22.891226,76.017522,NULL
mvyd490228119,2022-02-11,10:45:00,10:50:00,23.232537,77.429845,23.252537,77.449845,NULL
mwdu640731791,2022-03-13,19:10:00,19:20:00,12.352058,76.606650,12.412058,76.666650,NULL
mwfa804460439,2022-03-13,20:50:00,21:05:00,23.353783,85.326967,23.413783,85.386967,NULL
mwha251448945,2022-03-30,21:55:00,22:05:00,11.016298,76.972076,11.076298,77.032076,NULL
mwnr966211292,2022-03-09,08:30:00,08:35:00,0.000000,0.000000,0.010000,0.010000,NULL
mwpx426078176,2022-03-13,20:50:00,21:05:00,17.483216,78.552111,17.513216,78.582111,NULL
mwww255473653,2022-03-28,18:35:00,18:45:00,17.438263,78.397865,17.468263,78.427865,NULL
mwww302265796,2022-03-17,22:35:00,22:50:00,0.000000,0.000000,0.060000,0.060000,NULL
mwxv955462088,2022-03-04,17:45:00,17:55:00,13.066762,80.251865,13.176762,80.361865,NULL
mwyh397553747,2022-03-31,18:20:00,18:30:00,13.026286,80.275235,13.156286,80.405235,NULL
mwyi621708115,2022-03-09,09:30:00,09:45:00,19.003517,72.827650,19.013517,72.837650,NULL
mwzs247660287,2022-03-30,18:10:00,18:25:00,21.175104,72.804342,21.225104,72.854342,NULL
mxcg722447955,2022-03-01,18:50:00,19:00:00,12.310972,76.659264,12.360972,76.709264,NULL
mxcz072009654,2022-03-26,21:10:00,21:15:00,12.310972,76.659264,12.360972,76.709264,NULL
mxik699870005,2022-03-06,18:20:00,18:35:00,19.091458,72.827808,19.201458,72.937808,NULL
mxit325701851,2022-03-05,16:25:00,16:35:00,11.003669,76.976494,11.043669,77.016494,NULL
mxjj875225293,2022-03-14,22:20:00,22:25:00,23.359033,85.325347,23.449033,85.415347,NULL
mxkb517865667,2022-02-13,18:55:00,19:10:00,30.895204,75.822103,30.925204,75.852103,NULL
mxmz991714626,2022-03-12,18:40:00,18:50:00,21.149569,72.772697,21.279569,72.902697,NULL
mxpd911239648,2022-03-04,22:00:00,22:05:00,22.310526,73.170937,22.420526,73.280937,NULL
mxuw713526914,2022-03-26,22:50:00,23:05:00,21.173343,72.792731,21.233343,72.852731,NULL
mxvm113834046,2022-03-26,11:55:00,12:10:00,17.431668,78.408321,17.441668,78.418321,NULL
mxwl060648149,2022-02-13,22:20:00,22:35:00,-9.970717,76.285447,10.030717,76.345447,NULL
myct837716718,2022-03-14,18:30:00,18:40:00,22.307898,73.167788,22.397898,73.257788,NULL
myis243640595,2022-03-31,21:30:00,21:40:00,19.207222,72.972281,19.277222,73.042281,NULL
myjk139959541,2022-03-16,23:50:00,00:05:00,26.913726,75.752820,27.053726,75.892820,NULL
mylj196250632,2022-03-04,23:20:00,23:25:00,12.913041,77.683237,13.043041,77.813237,NULL
mymj327519790,2022-03-20,18:25:00,18:40:00,21.170096,72.789122,21.260096,72.879122,NULL
mymp837328201,2022-03-06,22:45:00,22:50:00,0.000000,0.000000,0.090000,0.090000,NULL
myoe351022072,2022-03-11,10:00:00,10:10:00,11.020910,76.940432,11.030910,76.950432,NULL
myor945425648,2022-02-12,21:35:00,21:40:00,30.893234,75.821720,31.023234,75.951720,NULL
myrs619819777,2022-03-04,21:15:00,21:20:00,17.410371,78.437225,17.520371,78.547225,NULL
mysa642655389,2022-04-02,23:35:00,23:40:00,17.422819,78.449578,17.552819,78.579578,NULL
mysu809168379,2022-02-17,21:40:00,21:55:00,9.970717,76.285447,10.020717,76.335447,NULL
myte114273523,2022-03-04,17:55:00,18:00:00,26.902328,75.794257,26.992328,75.884257,NULL
mywp250803080,2022-04-01,19:20:00,19:25:00,18.536718,73.830327,18.586718,73.880327,NULL
myyb210483800,2022-02-16,17:20:00,17:30:00,23.232357,77.429989,23.362357,77.559989,NULL
myzk285720709,2022-03-06,17:45:00,18:00:00,22.725748,75.898497,22.855747,76.028497,NULL
myzm632969092,2022-03-11,09:15:00,09:20:00,18.569156,73.774723,18.589156,73.794723,NULL
myzs246101036,2022-03-05,12:40:00,12:45:00,12.981615,80.231598,13.021615,80.271598,NULL
mzch509362663,2022-04-01,23:40:00,23:50:00,13.086438,80.220672,13.146439,80.280672,NULL
mzcl470074616,2022-04-03,16:45:00,16:50:00,13.081878,80.248519,13.121878,80.288519,NULL
mzdb354214256,2022-03-09,19:30:00,19:35:00,22.753659,75.903365,22.803659,75.953365,NULL
mzeb245970250,2022-02-14,18:25:00,18:40:00,23.184992,77.417227,23.294992,77.527227,NULL
mzjs641931069,2022-03-06,21:45:00,22:00:00,12.978453,77.643685,13.108453,77.773685,NULL
mzlk037121696,2022-03-30,22:30:00,22:35:00,23.351058,85.325731,23.411058,85.385731,NULL
mzlk511073050,2022-03-13,09:15:00,09:30:00,12.939496,77.625999,12.949496,77.635999,NULL
mznr082225778,2022-03-11,10:25:00,10:30:00,22.651847,75.881991,22.661847,75.891991,NULL
mzpu910326151,2022-02-11,17:25:00,17:30:00,26.473698,80.352677,26.523698,80.402677,NULL
mzpy950265817,2022-03-04,18:45:00,19:00:00,21.152760,72.778059,21.242760,72.868059,NULL
mztk990882588,2022-03-14,22:50:00,22:55:00,12.972532,77.608179,13.102532,77.738179,NULL
mzul275119443,2022-04-01,15:15:00,15:20:00,0.000000,0.000000,0.040000,0.040000,NULL
mzww282947051,2022-03-10,22:40:00,22:55:00,22.651847,75.881991,22.731847,75.961991,NULL
mzyt873581742,2022-03-13,12:40:00,12:55:00,12.325461,76.632278,12.365461,76.672278,NULL
mzzd808916566,2022-03-24,08:20:00,08:25:00,19.176269,72.836721,19.186269,72.846721,NULL
naay198285953,2022-03-21,08:40:00,08:50:00,11.008638,76.984311,11.028638,77.004311,NULL
nady500784124,2022-03-01,17:40:00,17:50:00,12.321214,76.621094,12.371214,76.671094,NULL
nagg800854701,2022-02-13,12:45:00,12:50:00,26.463504,80.372929,26.503504,80.412929,NULL
nagi241529437,2022-03-09,22:45:00,22:50:00,12.986047,80.218114,13.016047,80.248114,NULL
nagz251497461,2022-03-26,09:25:00,09:30:00,19.120083,72.907385,19.130083,72.917385,NULL
naif435145095,2022-03-21,14:10:00,14:15:00,26.913483,75.803139,26.953483,75.843139,NULL
nalc019690997,2022-03-25,22:50:00,23:00:00,22.310237,73.158921,22.440237,73.288921,NULL
namr116587116,2022-03-04,22:25:00,22:30:00,26.910262,75.783013,27.000262,75.873013,NULL
nand481930479,2022-03-31,19:40:00,19:45:00,19.003517,72.827650,19.093517,72.917650,NULL
naok030694136,2022-03-27,18:55:00,19:10:00,21.173343,72.792731,21.263343,72.882731,NULL
naqx278828978,2022-03-13,17:40:00,17:55:00,12.323225,76.630028,12.373225,76.680028,NULL
nary987309673,2022-03-15,14:10:00,14:15:00,22.307898,73.167788,22.347898,73.207788,NULL
nauh491274929,2022-03-16,17:10:00,17:15:00,17.450851,78.379347,17.520851,78.449347,NULL
naum612098195,2022-03-19,15:10:00,15:20:00,12.308500,76.665808,12.348500,76.705808,NULL
nauz564784921,2022-03-11,17:35:00,17:50:00,19.176269,72.836721,19.226269,72.886721,NULL
navc769622804,2022-03-14,17:10:00,17:15:00,17.450851,78.379347,17.530851,78.459347,NULL
navo855178808,2022-03-29,19:40:00,19:55:00,19.003517,72.827650,19.083517,72.907650,NULL
navv832980136,2022-03-24,14:20:00,14:30:00,18.546947,73.900626,18.586947,73.940626,NULL
nbbb866469651,2022-03-28,09:45:00,09:55:00,22.744648,75.894377,22.764648,75.914377,NULL
nbdt525518092,2022-02-15,10:00:00,10:10:00,25.450377,81.834236,25.470377,81.854236,NULL
nbfp777452950,2022-04-03,18:20:00,18:25:00,0.000000,0.000000,0.030000,0.030000,NULL
nbfy257288524,2022-03-27,22:40:00,22:45:00,11.003681,76.975525,11.083681,77.055525,NULL
nbhj388901413,2022-03-25,17:55:00,18:05:00,12.986047,80.218114,13.096047,80.328114,NULL
nbje045011341,2022-03-13,21:55:00,22:05:00,12.310972,76.659264,12.360972,76.709264,NULL
nbkr092142196,2022-04-01,10:55:00,11:10:00,26.913726,75.752820,26.923726,75.762821,NULL
nbmf350870972,2022-03-01,21:00:00,21:10:00,22.761593,75.886362,22.791593,75.916362,NULL
nbms758107197,2022-03-27,23:00:00,23:15:00,23.369746,85.339820,23.449746,85.419820,NULL
nbox956530400,2022-03-26,19:25:00,19:35:00,12.979166,77.640709,13.029166,77.690709,NULL
nbqe921090666,2022-03-28,10:20:00,10:35:00,23.359033,85.325347,23.369033,85.335347,NULL
nbqi254199343,2022-04-06,23:10:00,23:15:00,18.569156,73.774723,18.649156,73.854723,NULL
nbtb320230472,2022-04-06,22:25:00,22:30:00,13.058616,80.264151,13.138616,80.344151,NULL
nbuq671487864,2022-03-05,11:45:00,11:55:00,23.353783,85.326967,23.363783,85.336967,NULL
nbvz642633260,2022-03-17,08:30:00,08:45:00,17.433809,78.386744,17.443809,78.396744,NULL
nbxu389583630,2022-02-16,17:45:00,18:00:00,23.184992,77.417227,23.294992,77.527227,NULL
nbya042264513,2022-03-30,11:40:00,11:45:00,21.160437,72.774209,21.180437,72.794209,NULL
ncap102536353,2022-03-17,11:35:00,11:50:00,13.058616,80.264151,13.078616,80.284151,NULL
ncbi652168076,2022-04-05,18:50:00,18:55:00,18.562450,73.916619,18.612450,73.966619,NULL
ncdt226272160,2022-03-21,11:20:00,11:35:00,12.979166,77.640709,12.999166,77.660709,NULL
ncfb280567708,2022-04-03,19:50:00,19:55:00,26.846156,75.802300,26.896156,75.852300,NULL
nchc759442381,2022-03-05,16:25:00,16:30:00,18.516216,73.842527,18.556216,73.882527,NULL
ncjb357594570,2022-03-01,21:00:00,21:05:00,22.310329,73.169083,22.340329,73.199083,NULL
ncji069306091,2022-03-24,08:30:00,08:35:00,19.126630,72.829976,19.136630,72.839976,NULL
ncjo629369244,2022-02-18,19:20:00,19:30:00,22.553227,88.353273,22.663227,88.463273,NULL
nckq968209858,2022-02-18,17:25:00,17:40:00,15.157944,73.950889,15.267944,74.060889,NULL
nckz577381978,2022-03-11,18:20:00,18:30:00,13.005801,80.250744,13.055801,80.300744,NULL
nclq664806538,2022-03-12,21:00:00,21:05:00,12.975996,80.221898,13.055996,80.301898,NULL
ncly350182452,2022-02-11,20:20:00,20:30:00,22.539129,88.365507,22.599129,88.425507,NULL
ncnc584203263,2022-03-19,21:30:00,21:45:00,22.751234,75.889490,22.781234,75.919490,NULL
ncpe980858774,2022-04-01,16:55:00,17:10:00,0.000000,0.000000,0.040000,0.040000,NULL
ncpp868073125,2022-02-16,18:40:00,18:50:00,15.493950,73.827423,15.583950,73.917423,NULL
ncrt455290247,2022-03-11,16:45:00,16:55:00,11.024839,77.007003,11.064839,77.047003,NULL
ncsr631564876,2022-03-03,12:40:00,12:50:00,12.949934,77.699386,12.989934,77.739386,NULL
ncss834024629,2022-04-05,20:15:00,20:20:00,22.745049,75.892471,22.805049,75.952471,NULL
ncut752604554,2022-02-11,10:10:00,10:15:00,26.471529,80.313458,26.491529,80.333458,NULL
ncvm454304747,2022-03-26,19:20:00,19:30:00,11.021278,76.995017,11.081278,77.055017,NULL
nczb640324590,2022-03-14,00:00:00,00:10:00,18.534080,73.898520,18.604080,73.968520,NULL
ndld278533457,2022-04-03,20:35:00,20:45:00,21.186438,72.794115,21.236438,72.844115,NULL
ndma949798698,2022-03-23,21:40:00,21:50:00,11.003008,76.975440,11.133009,77.105440,NULL
ndmq367361149,2022-03-02,17:55:00,18:00:00,0.000000,0.000000,0.080000,0.080000,NULL
ndnr329693995,2022-03-15,23:00:00,23:15:00,21.170096,72.789122,21.230096,72.849122,NULL
ndqi252549533,2022-04-03,10:40:00,10:55:00,13.045479,80.233110,13.055479,80.243110,NULL
ndqo633373477,2022-03-23,17:15:00,17:20:00,13.022394,80.242439,13.112394,80.332439,NULL
ndqt900531352,2022-03-11,21:15:00,21:30:00,13.064181,80.236442,13.124181,80.296442,NULL
ndrg395915172,2022-02-14,19:45:00,20:00:00,22.539129,88.365507,22.629129,88.455507,NULL
ndrk352061075,2022-03-12,19:00:00,19:05:00,11.000762,76.981876,11.090762,77.071876,NULL
ndro186454126,2022-03-09,16:10:00,16:15:00,11.022477,76.995667,11.062477,77.035667,NULL
ndsd628467445,2022-02-18,20:30:00,20:45:00,22.537960,88.349843,22.647960,88.459843,NULL
ndts223206713,2022-03-18,20:15:00,20:20:00,19.176269,72.836721,19.306269,72.966721,NULL
ndxc898456929,2022-03-01,08:50:00,09:05:00,18.551440,73.804855,18.561440,73.814855,NULL
necv303251571,2022-04-04,17:25:00,17:30:00,11.022477,76.995667,11.102477,77.075667,NULL
nedw491015265,2022-03-15,10:35:00,10:50:00,18.514210,73.838429,18.524210,73.848429,NULL
nefb046256515,2022-03-15,19:35:00,19:45:00,22.744648,75.894377,22.804648,75.954377,NULL
neqg897607951,2022-04-05,10:50:00,11:00:00,11.006686,76.951736,11.026686,76.971736,NULL
netu387410640,2022-03-13,10:10:00,10:15:00,11.001753,76.986241,11.021753,77.006241,NULL
neva367167678,2022-03-28,09:10:00,09:20:00,23.351058,85.325731,23.371058,85.345731,NULL
nevc444301371,2022-03-20,17:55:00,18:10:00,21.171060,72.789292,21.281060,72.899292,NULL
neze374003063,2022-03-26,08:55:00,09:00:00,26.905190,75.810753,26.925190,75.830753,NULL
nfbo612860913,2022-03-30,18:00:00,18:15:00,26.956431,75.776649,27.006431,75.826649,NULL
nfce969942017,2022-02-12,23:30:00,23:45:00,19.875522,75.367127,20.005522,75.497127,NULL
nfcw075365763,2022-03-06,19:15:00,19:25:00,22.320000,73.170000,22.390000,73.240000,NULL
nfdj333236314,2022-03-12,21:10:00,21:15:00,19.103249,72.846749,19.193249,72.936749,NULL
nfeh978831671,2022-03-24,10:30:00,10:40:00,19.120083,72.907385,19.130083,72.917385,NULL
nffx370526208,2022-03-21,08:35:00,08:50:00,22.745049,75.892471,22.755049,75.902471,NULL
nfhh292135619,2022-02-13,10:25:00,10:30:00,30.346994,78.062543,30.356994,78.072543,NULL
nfkm536805384,2022-03-20,17:20:00,17:35:00,19.121999,72.908493,19.251999,73.038493,NULL
nfkp770376075,2022-04-02,17:45:00,17:50:00,11.008638,76.984311,11.078638,77.054311,NULL
nfln980409502,2022-03-28,20:55:00,21:00:00,11.010375,76.952950,11.040375,76.982950,NULL
nfqi620084599,2022-03-26,20:30:00,20:45:00,18.536562,73.896485,18.596562,73.956485,NULL
nfrg786257385,2022-02-18,23:00:00,23:05:00,10.020683,76.310631,10.150683,76.440631,NULL
nfsa516841034,2022-03-01,22:55:00,23:10:00,19.207222,72.972281,19.257222,73.022281,NULL
nfya937262694,2022-03-12,21:15:00,21:25:00,23.359033,85.325347,23.449033,85.415347,NULL
nfyq716676074,2022-03-26,19:25:00,19:35:00,12.337978,76.616792,12.387978,76.666792,NULL
ngdu361154140,2022-03-15,13:50:00,13:55:00,0.000000,0.000000,0.040000,0.040000,NULL
ngfj096328913,2022-04-05,22:40:00,22:50:00,12.337978,76.616792,12.367978,76.646792,NULL
nghf501831811,2022-02-18,17:30:00,17:45:00,30.328174,78.049117,30.408174,78.129117,NULL
ngli415530865,2022-03-21,19:55:00,20:05:00,23.359194,85.325447,23.409194,85.375447,NULL
ngmo256196198,2022-02-14,19:15:00,19:25:00,0.000000,0.000000,0.090000,0.090000,NULL
ngpv749046611,2022-04-06,23:40:00,23:50:00,12.975377,77.696664,13.085377,77.806664,NULL
ngpx216223802,2022-02-13,15:00:00,15:10:00,0.000000,0.000000,0.040000,0.040000,NULL
ngrb836243509,2022-02-16,20:30:00,20:45:00,30.359722,78.067079,30.449722,78.157079,NULL
ngrk486706273,2022-02-12,23:15:00,23:30:00,22.569358,88.433452,22.679358,88.543452,NULL
ngrr953755054,2022-03-23,21:50:00,22:00:00,26.902908,75.792934,27.042908,75.932934,NULL
ngsu897137947,2022-03-16,22:30:00,22:45:00,12.299524,76.642620,12.409524,76.752620,NULL
ngvx059695443,2022-03-27,22:30:00,22:40:00,0.000000,0.000000,0.080000,0.080000,NULL
ngwa693646075,2022-02-15,13:15:00,13:20:00,0.000000,0.000000,0.040000,0.040000,NULL
ngwn859609161,2022-03-06,20:45:00,20:55:00,22.760072,75.892574,22.840072,75.972574,NULL
ngye937671610,2022-03-23,19:35:00,19:50:00,22.753839,75.897429,22.843839,75.987429,NULL
ngzj962249645,2022-04-01,10:35:00,10:45:00,11.003681,76.975525,11.013681,76.985525,NULL
nhbx524263535,2022-03-01,21:45:00,21:55:00,23.353783,85.326967,23.383783,85.356967,NULL
nhda436221842,2022-03-30,17:15:00,17:30:00,23.374878,85.335739,23.404878,85.365739,NULL
nhdk983966912,2022-03-09,18:55:00,19:05:00,26.902908,75.792934,26.932908,75.822934,NULL
nhds357041540,2022-03-24,21:15:00,21:30:00,13.026279,80.174568,13.076279,80.224568,NULL
nhgr156858586,2022-03-19,10:00:00,10:10:00,11.022169,76.999594,11.042169,77.019594,NULL
nhgw188843676,2022-03-09,10:20:00,10:30:00,17.450851,78.379347,17.470851,78.399347,NULL
nhie804010300,2022-03-20,21:10:00,21:25:00,18.533811,73.899315,18.643811,74.009315,NULL
nhiw966813419,2022-03-04,19:55:00,20:00:00,11.022298,76.998349,11.102298,77.078349,NULL
nhmh602995173,2022-03-02,21:25:00,21:30:00,23.353783,85.326967,23.483783,85.456967,NULL
nhpx028677841,2022-03-21,14:35:00,14:50:00,0.000000,0.000000,0.040000,0.040000,NULL
nhqp904621351,2022-04-01,21:25:00,21:35:00,11.003008,76.975440,11.063009,77.035440,NULL
nhtt562066953,2022-03-07,14:50:00,15:05:00,26.902940,75.793007,26.942940,75.833007,NULL
nhvm358851447,2022-03-02,23:00:00,23:15:00,0.000000,0.000000,0.130000,0.130000,NULL
nhvq362076603,2022-03-12,20:55:00,21:00:00,13.027018,80.254791,13.107018,80.334791,NULL
nich763368358,2022-03-15,17:25:00,17:35:00,12.913041,77.683237,12.973041,77.743237,NULL
nicr379483488,2022-03-26,18:20:00,18:30:00,18.994049,72.825203,19.054049,72.885203,NULL
nieo455339239,2022-02-16,19:35:00,19:45:00,27.161850,78.040165,27.291850,78.170165,NULL
nifd035140733,2022-04-02,17:50:00,18:05:00,11.025083,77.015393,11.135083,77.125393,NULL
nifs704126107,2022-02-11,09:40:00,09:50:00,15.513150,73.783460,15.523150,73.793460,NULL
nijv715074206,2022-03-10,20:40:00,20:45:00,23.374989,85.335486,23.464989,85.425486,NULL
niku327151869,2022-03-15,11:00:00,11:15:00,18.539299,73.897902,18.559299,73.917902,NULL
nilz831017646,2022-03-26,12:20:00,12:25:00,18.551440,73.804855,18.591440,73.844855,NULL
nimt379110675,2022-03-04,21:25:00,21:35:00,22.307898,73.167788,22.377898,73.237788,NULL
nind660311352,2022-03-10,17:50:00,18:05:00,12.284747,76.625861,12.414747,76.755861,NULL
niuo140094952,2022-04-02,21:20:00,21:25:00,19.254567,72.848923,19.384567,72.978923,NULL
nixn123664811,2022-04-03,18:25:00,18:30:00,26.905287,75.794592,26.965287,75.854592,NULL
niye595006789,2022-04-03,20:50:00,20:55:00,26.846156,75.802300,26.876156,75.832300,NULL
niyo669689518,2022-03-29,19:25:00,19:40:00,11.000762,76.981876,11.080762,77.061876,NULL
njah195047041,2022-03-26,13:25:00,13:35:00,12.297954,76.665169,12.337954,76.705169,NULL
njal824545746,2022-03-17,13:40:00,13:50:00,21.149669,72.772629,21.189669,72.812629,NULL
njei617905873,2022-03-15,12:10:00,12:25:00,21.160437,72.774209,21.200437,72.814209,NULL
njfj824249246,2022-02-17,11:40:00,11:45:00,9.985697,76.281128,10.005697,76.301128,NULL
njfz936670348,2022-03-15,10:55:00,11:10:00,21.175975,72.795503,21.195975,72.815503,NULL
njgo127778512,2022-04-05,14:45:00,15:00:00,26.921411,75.793604,26.961411,75.833604,NULL
njgp155450822,2022-04-03,16:25:00,16:40:00,12.970221,77.645396,13.010221,77.685396,NULL
njhr274671868,2022-03-08,21:25:00,21:30:00,17.431477,78.400350,17.521477,78.490350,NULL
njkh107238862,2022-03-08,19:15:00,19:25:00,21.152760,72.778059,21.282760,72.908059,NULL
njmg579552113,2022-03-02,20:55:00,21:10:00,18.569156,73.774723,18.639156,73.844723,NULL
njmo150975311,2022-03-04,19:15:00,19:30:00,23.369746,85.339820,23.479746,85.449820,NULL
njmy502059571,2022-04-04,19:35:00,19:40:00,19.103249,72.846749,19.213249,72.956749,NULL
njoy447064215,2022-03-05,17:35:00,17:45:00,12.934365,77.616155,12.984365,77.666155,NULL
njpu434582536,2022-03-19,08:30:00,08:45:00,12.914264,77.678400,12.924264,77.688400,NULL
njqs426938976,2022-03-14,19:15:00,19:20:00,18.562450,73.916619,18.672450,74.026619,NULL
njso136030798,2022-03-04,18:40:00,18:55:00,12.323194,76.630583,12.393194,76.700583,NULL
njsw745947828,2022-03-27,22:15:00,22:25:00,0.000000,0.000000,0.130000,0.130000,NULL
njut053567591,2022-04-06,22:50:00,23:00:00,12.979166,77.640709,13.089166,77.750709,NULL
njuu636555761,2022-04-03,11:25:00,11:35:00,17.483216,78.552111,17.493216,78.562111,NULL
njvc325658330,2022-03-01,09:50:00,10:05:00,21.170798,72.790489,21.180798,72.800489,NULL
nkab528667320,2022-02-18,19:00:00,19:10:00,30.905562,75.832841,30.985562,75.912841,NULL
nkai764297660,2022-04-03,08:45:00,09:00:00,11.003669,76.976494,11.023669,76.996494,NULL
nkck015125805,2022-03-21,16:30:00,16:45:00,12.934365,77.616155,12.974365,77.656155,NULL
nkde482285064,2022-03-16,23:45:00,23:50:00,13.022394,80.242439,13.132394,80.352439,NULL
nkfz738599146,2022-03-25,20:10:00,20:25:00,26.913987,75.752891,27.043987,75.882891,NULL
nkhw391764280,2022-03-11,14:10:00,14:25:00,13.086438,80.220672,13.126439,80.260672,NULL
nkhy351534690,2022-03-01,08:25:00,08:30:00,13.066762,80.251865,13.076762,80.261865,NULL
nkkn972190046,2022-03-05,09:45:00,09:55:00,12.323225,76.630028,12.333225,76.640028,NULL
nkkv203570973,2022-03-04,21:55:00,22:05:00,11.003669,76.976494,11.083669,77.056494,NULL
nkln686136657,2022-02-11,23:35:00,23:50:00,0.000000,0.000000,0.030000,0.030000,NULL
nkmh560985800,2022-03-09,19:35:00,19:40:00,12.949934,77.699386,13.009934,77.759386,NULL
nkob102431367,2022-03-05,08:20:00,08:25:00,22.760072,75.892574,22.780072,75.912574,NULL
nkoh288709570,2022-04-01,09:55:00,10:05:00,17.459710,78.368855,17.479710,78.388855,NULL
nksy986743370,2022-03-20,19:50:00,20:05:00,0.000000,0.000000,0.080000,0.080000,NULL
nkwa401940966,2022-04-06,17:20:00,17:35:00,12.933284,77.615428,13.003284,77.685428,NULL
nkyq217081713,2022-02-16,21:30:00,21:45:00,23.234631,77.401663,23.324631,77.491663,NULL
nlgf412048812,2022-03-09,15:40:00,15:45:00,21.152760,72.778059,21.192760,72.818059,NULL
nlic392068877,2022-03-27,22:30:00,22:45:00,0.000000,0.000000,0.090000,0.090000,NULL
nljz410807560,2022-04-01,21:20:00,21:30:00,17.459710,78.368855,17.489710,78.398855,NULL
nlpv004909602,2022-02-18,19:50:00,19:55:00,26.482581,80.315628,26.572581,80.405628,NULL
nlqt549804321,2022-04-01,09:50:00,10:05:00,18.539299,73.897902,18.559299,73.917902,NULL
nlrn836863820,2022-03-13,10:00:00,10:15:00,26.913726,75.752820,26.933726,75.772820,NULL
nltq801700453,2022-03-19,08:45:00,08:50:00,19.091458,72.827808,19.111458,72.847808,NULL
nlve074940948,2022-03-14,17:50:00,17:55:00,21.157729,72.768726,21.267729,72.878726,NULL
nlzy208579036,2022-03-30,19:30:00,19:45:00,19.223840,72.841347,19.283840,72.901347,NULL
nmaw980586164,2022-03-26,11:25:00,11:30:00,12.304569,76.643622,12.324569,76.663622,NULL
nmei300392311,2022-03-26,16:40:00,16:45:00,12.913041,77.683237,12.953041,77.723237,NULL
nmel911848032,2022-03-11,18:20:00,18:25:00,19.207222,72.972281,19.237222,73.002281,NULL
nmgl512159996,2022-03-15,23:50:00,23:55:00,0.000000,0.000000,0.030000,0.030000,NULL
nmgo751746114,2022-02-12,19:00:00,19:05:00,30.899992,75.831338,30.979992,75.911338,NULL
nmgv421810054,2022-02-11,23:20:00,23:25:00,26.481547,80.299775,26.531547,80.349775,NULL
nmky281742602,2022-03-21,16:40:00,16:50:00,22.750040,75.902847,22.790040,75.942847,NULL
nmla539707523,2022-03-27,19:00:00,19:15:00,12.986047,80.218114,13.056047,80.288114,NULL
nmld806197393,2022-03-21,08:50:00,09:00:00,11.026117,76.944652,11.046117,76.964652,NULL
nmlq634659237,2022-03-31,17:25:00,17:30:00,18.554382,73.798206,18.634382,73.878206,NULL
nmmh513636410,2022-03-19,12:30:00,12:45:00,19.207222,72.972281,19.247222,73.012281,NULL
nmmo367627042,2022-02-16,22:40:00,22:45:00,30.372202,78.077151,30.452202,78.157151,NULL
nmmr421562031,2022-03-26,12:35:00,12:50:00,12.334022,76.618203,12.374022,76.658203,NULL
nmmv654787861,2022-02-11,21:35:00,21:45:00,-22.538999,88.322337,22.598999,88.382337,NULL
nmpi209889277,2022-03-21,12:55:00,13:05:00,19.181300,72.836191,19.221300,72.876191,NULL
nmwe369074336,2022-03-09,09:20:00,09:30:00,22.651847,75.881991,22.661847,75.891991,NULL
nmyv383221015,2022-02-18,23:45:00,23:50:00,23.232357,77.429989,23.302357,77.499989,NULL
nmzs583285177,2022-03-14,22:20:00,22:35:00,13.044694,80.261470,13.154694,80.371470,NULL
nnbd226110916,2022-02-17,23:50:00,00:00:00,9.988483,76.295211,10.038483,76.345211,NULL
nnbn656338239,2022-03-09,14:15:00,14:25:00,17.429585,78.392621,17.469585,78.432621,NULL
nndh958968289,2022-03-12,22:00:00,22:05:00,22.725748,75.898497,22.795748,75.968497,NULL
nnen266316087,2022-03-04,20:20:00,20:25:00,10.994136,76.963303,11.104136,77.073303,NULL
nngq113252273,2022-03-30,23:00:00,23:05:00,13.027018,80.254791,13.077018,80.304791,NULL
nnhh140451937,2022-03-24,12:15:00,12:20:00,22.750040,75.902847,22.790040,75.942847,NULL
nnhk136632310,2022-03-13,12:25:00,12:40:00,22.651847,75.881991,22.691847,75.921991,NULL
nnks246945592,2022-04-01,17:50:00,18:05:00,0.000000,0.000000,0.050000,0.050000,NULL
nnmq555289643,2022-04-06,19:50:00,20:05:00,12.337928,76.617889,12.447928,76.727889,NULL
nnnl905154774,2022-03-04,22:25:00,22:30:00,0.000000,0.000000,0.110000,0.110000,NULL
nnol894813706,2022-03-03,22:50:00,23:00:00,21.175975,72.795503,21.205975,72.825503,NULL
nnps355362298,2022-03-14,22:55:00,23:10:00,26.891191,75.802083,26.971191,75.882083,NULL
nnqi222732673,2022-03-11,10:55:00,11:10:00,21.175104,72.804342,21.195104,72.824342,NULL
nntk501970595,2022-03-11,11:30:00,11:35:00,18.592718,73.773572,18.612718,73.793572,NULL
nnzi984785866,2022-03-31,20:45:00,21:00:00,13.058616,80.264151,13.128616,80.334151,NULL
noag628978011,2022-03-05,23:25:00,23:40:00,23.351489,85.324253,23.381489,85.354253,NULL
noan595873233,2022-03-09,22:55:00,23:05:00,21.171060,72.789292,21.221060,72.839292,NULL
noba732943659,2022-04-01,20:45:00,21:00:00,18.593481,73.785901,18.623481,73.815901,NULL
noci358452179,2022-03-16,23:35:00,23:40:00,0.000000,0.000000,0.110000,0.110000,NULL
noir426117438,2022-03-29,21:55:00,22:00:00,22.753659,75.903365,22.823659,75.973365,NULL
noiv975543322,2022-02-15,23:15:00,23:25:00,19.880256,75.323503,19.930256,75.373503,NULL
noiy239222342,2022-03-13,19:25:00,19:30:00,12.970324,77.645748,13.020324,77.695748,NULL
noje730051547,2022-03-07,08:10:00,08:25:00,0.000000,0.000000,0.020000,0.020000,NULL
nokx575690780,2022-03-03,12:00:00,12:05:00,18.927584,72.832585,18.937584,72.842585,NULL
nope275952454,2022-02-16,21:25:00,21:35:00,25.454697,81.834492,25.534697,81.914492,NULL
noqz195007221,2022-02-13,10:35:00,10:50:00,-15.546594,73.760431,15.566594,73.780431,NULL
nout438306886,2022-03-03,23:00:00,23:15:00,19.055831,72.833984,19.105831,72.883984,NULL
novc540360333,2022-03-18,18:00:00,18:10:00,12.986047,80.218114,13.116047,80.348114,NULL
novy567365948,2022-03-05,09:15:00,09:20:00,12.337978,76.616792,12.347978,76.626792,NULL
nozr669774105,2022-03-02,19:15:00,19:20:00,0.000000,0.000000,0.070000,0.070000,NULL
npay218878634,2022-03-27,18:55:00,19:10:00,18.546258,73.904337,18.616258,73.974337,NULL
npay696105874,2022-03-09,19:00:00,19:15:00,17.458998,78.500366,17.518998,78.560366,NULL
npch760309383,2022-03-04,22:50:00,23:05:00,22.753839,75.897429,22.863838,76.007429,NULL
npfc654517020,2022-04-04,22:55:00,23:00:00,22.760072,75.892574,22.840072,75.972574,NULL
npgg194752452,2022-04-01,12:00:00,12:05:00,18.551440,73.804855,18.571440,73.824855,NULL
nplz786278633,2022-03-01,11:40:00,11:55:00,23.416792,85.316842,23.436792,85.336842,NULL
npnf147733784,2022-02-18,22:50:00,23:05:00,25.451646,81.832796,25.521646,81.902796,NULL
npqc426335347,2022-03-09,20:20:00,20:30:00,12.334022,76.618203,12.364022,76.648203,NULL
nprx178976099,2022-03-20,22:40:00,22:55:00,22.308096,73.167753,22.438096,73.297753,NULL
npuo660739362,2022-03-17,20:25:00,20:30:00,12.975996,80.221898,13.005996,80.251898,NULL
npwo106548418,2022-04-05,17:50:00,18:00:00,26.766536,75.837333,26.826536,75.897333,NULL
npww759663298,2022-03-13,12:40:00,12:45:00,17.455894,78.375467,17.495894,78.415467,NULL
npxe344663099,2022-02-18,18:15:00,18:25:00,23.233219,77.433571,23.363219,77.563571,NULL
npyl515816436,2022-03-24,13:15:00,13:20:00,26.849596,75.800512,26.889596,75.840512,NULL
nqdj107406558,2022-03-19,21:35:00,21:45:00,13.058616,80.264151,13.108616,80.314151,NULL
nqfm352762141,2022-03-17,12:00:00,12:10:00,12.980410,77.640489,12.990410,77.650489,NULL
nqjx428659239,2022-03-14,23:55:00,00:05:00,22.310329,73.169083,22.420329,73.279083,NULL
nqnb551065600,2022-03-14,22:15:00,22:25:00,0.000000,0.000000,0.080000,0.080000,NULL
nqnt408684108,2022-02-17,22:10:00,22:20:00,19.875522,75.367127,19.925522,75.417127,NULL
nqof405545643,2022-03-10,21:45:00,22:00:00,12.352058,76.606650,12.422058,76.676650,NULL
nqro604328231,2022-03-14,23:20:00,23:35:00,17.450851,78.379347,17.580851,78.509347,NULL
nqst615305561,2022-04-04,19:45:00,19:50:00,17.431477,78.400350,17.521477,78.490350,NULL
nqvj271537384,2022-03-31,22:00:00,22:05:00,18.534080,73.898520,18.644080,74.008520,NULL
nqvm957991526,2022-04-06,20:40:00,20:55:00,0.000000,0.000000,0.070000,0.070000,NULL
nqxd830938640,2022-03-04,19:50:00,20:00:00,22.722634,75.886959,22.852634,76.016959,NULL
nrer230346234,2022-03-02,22:45:00,22:55:00,12.972532,77.608179,13.052532,77.688179,NULL
nrgt655064427,2022-03-09,09:15:00,09:20:00,13.066762,80.251865,13.076762,80.261865,NULL
nrid516202395,2022-03-28,11:50:00,11:55:00,21.157729,72.768726,21.177729,72.788726,NULL
nrjk467282259,2022-03-18,23:55:00,00:00:00,19.120083,72.907385,19.250083,73.037385,NULL
nrkx927462601,2022-03-14,19:35:00,19:40:00,12.310972,76.659264,12.440972,76.789264,NULL
nrma594854781,2022-03-30,08:45:00,08:50:00,26.892312,75.806896,26.912312,75.826896,NULL
nrmz910220511,2022-03-05,10:15:00,10:30:00,12.308500,76.665808,12.318500,76.675808,NULL
nroj613548980,2022-03-05,13:25:00,13:35:00,23.359194,85.325447,23.399194,85.365447,NULL
nrsu555067353,2022-02-15,20:00:00,20:15:00,30.893384,75.821202,30.943384,75.871202,NULL
nrvk990241058,2022-03-17,08:15:00,08:30:00,23.374878,85.335739,23.394878,85.355739,NULL
nrwm445640751,2022-04-05,16:20:00,16:25:00,12.980410,77.640489,13.020410,77.680489,NULL
nryf896625459,2022-03-18,18:15:00,18:20:00,18.569156,73.774723,18.699156,73.904723,NULL
nsas630900681,2022-03-30,17:35:00,17:50:00,11.022169,76.999594,11.052169,77.029594,NULL
nsbo577561494,2022-03-31,23:25:00,23:35:00,0.000000,0.000000,0.110000,0.110000,NULL
nsdt791500773,2022-03-17,14:50:00,15:05:00,12.975996,80.221898,13.015996,80.261898,NULL
nsid758348444,2022-02-18,18:15:00,18:20:00,30.893081,75.821495,31.033081,75.961495,NULL
nsiu657160548,2022-03-21,21:50:00,21:55:00,26.902328,75.794257,26.952328,75.844257,NULL
nsjv818309372,2022-03-20,22:20:00,22:35:00,11.022477,76.995667,11.092477,77.065667,NULL
nsmt599494333,2022-03-01,10:55:00,11:00:00,13.022394,80.242439,13.032394,80.252439,NULL
nsor575698541,2022-03-28,15:20:00,15:35:00,11.003008,76.975440,11.043008,77.015440,NULL
nstl203805512,2022-03-18,22:25:00,22:30:00,19.221315,72.862381,19.331315,72.972381,NULL
nsvg536389715,2022-03-03,08:35:00,08:50:00,11.026117,76.944652,11.046117,76.964652,NULL
ntdd671148330,2022-03-07,11:20:00,11:30:00,13.026279,80.174568,13.046279,80.194568,NULL
ntft256113729,2022-02-16,23:10:00,23:15:00,30.914057,75.839820,31.004057,75.929820,NULL
ntgo853471974,2022-03-14,21:50:00,22:05:00,22.745049,75.892471,22.835049,75.982471,NULL
ntih719509116,2022-02-15,21:25:00,21:35:00,26.477750,80.351569,26.527750,80.401569,NULL
ntlc073155035,2022-03-06,18:25:00,18:30:00,11.001753,76.986241,11.091753,77.076241,NULL
ntme294239634,2022-03-02,23:00:00,23:15:00,21.149669,72.772629,21.219669,72.842629,NULL
ntmg250046371,2022-04-05,18:55:00,19:05:00,11.022298,76.998349,11.082298,77.058349,NULL
ntov795345883,2022-03-03,19:15:00,19:30:00,26.902908,75.792934,26.962908,75.852934,NULL
ntqa574155446,2022-04-01,18:10:00,18:15:00,12.323978,76.627961,12.373978,76.677961,NULL
ntqf654847526,2022-03-17,23:35:00,23:40:00,13.022394,80.242439,13.072394,80.292439,NULL
ntrn585918689,2022-04-05,21:50:00,21:55:00,12.352058,76.606650,12.382058,76.636650,NULL
ntsc186683905,2022-02-18,18:40:00,18:45:00,22.569367,88.433187,22.659367,88.523187,NULL
ntsd919823753,2022-03-10,17:40:00,17:50:00,26.911927,75.797282,26.981927,75.867282,NULL
ntsq425918098,2022-03-16,22:35:00,22:50:00,11.010375,76.952950,11.140375,77.082950,NULL
ntsz483048511,2022-03-28,19:15:00,19:25:00,26.956431,75.776649,27.006431,75.826649,NULL
ntuh816346426,2022-02-17,15:15:00,15:30:00,22.537960,88.349843,22.577960,88.389843,NULL
ntvb306820641,2022-03-26,21:40:00,21:45:00,17.426228,78.407495,17.456228,78.437495,NULL
ntvz882330474,2022-03-29,19:15:00,19:20:00,13.022394,80.242439,13.092394,80.312439,NULL
ntzy027061451,2022-03-16,20:20:00,20:25:00,18.563934,73.915367,18.643935,73.995367,NULL
nudj930250051,2022-03-29,17:50:00,17:55:00,22.310237,73.158921,22.380237,73.228921,NULL
nugp950456015,2022-03-29,21:45:00,21:50:00,10.994136,76.963303,11.124136,77.093303,NULL
nugx081327859,2022-03-06,20:45:00,20:55:00,12.323994,76.626167,12.413994,76.716167,NULL
nuhq176642647,2022-04-02,22:15:00,22:25:00,12.986047,80.218114,13.076047,80.308114,NULL
nujo448280957,2022-03-03,17:40:00,17:50:00,18.536718,73.830327,18.566719,73.860327,NULL
nuly500087999,2022-04-01,09:25:00,09:35:00,12.325461,76.632278,12.335461,76.642278,NULL
nung093192090,2022-02-13,22:45:00,23:00:00,30.899992,75.831338,30.929992,75.861338,NULL
nunp088399200,2022-03-13,10:45:00,11:00:00,26.914142,75.805704,26.934142,75.825704,NULL
nuqg462131494,2022-02-16,20:35:00,20:40:00,22.551084,88.354127,22.661084,88.464127,NULL
nuqy582310287,2022-02-14,17:45:00,17:55:00,22.552672,88.352885,22.632672,88.432885,NULL
nuta862892594,2022-04-03,23:45:00,00:00:00,21.175104,72.804342,21.225104,72.854342,NULL
nuuk484279006,2022-03-31,19:50:00,20:05:00,0.000000,0.000000,0.110000,0.110000,NULL
nuvf078341972,2022-04-04,22:50:00,22:55:00,0.000000,0.000000,0.110000,0.110000,NULL
nuxi051089258,2022-03-31,21:30:00,21:45:00,22.728163,75.884212,22.838163,75.994212,NULL
nuxp187566978,2022-04-06,19:55:00,20:00:00,26.905287,75.794592,27.015287,75.904592,NULL
nuyk105990581,2022-02-11,22:35:00,22:40:00,26.490950,80.318656,26.550950,80.378656,NULL
nuyl974976996,2022-03-13,10:30:00,10:40:00,12.981615,80.231598,12.991615,80.241598,NULL
nvbi879886647,2022-04-01,20:45:00,20:50:00,22.310526,73.170937,22.340526,73.200937,NULL
nvck471535045,2022-02-13,10:55:00,11:00:00,22.539129,88.365507,22.559129,88.385507,NULL
nvcx294361079,2022-03-09,19:55:00,20:05:00,26.913726,75.752820,26.963726,75.802820,NULL
nvkv892242670,2022-03-09,10:20:00,10:35:00,26.905287,75.794592,26.925287,75.814592,NULL
nvss305715416,2022-03-23,23:55:00,00:05:00,12.914264,77.678400,13.024264,77.788400,NULL
nvvg574209507,2022-03-03,08:55:00,09:00:00,13.064181,80.236442,13.074181,80.246442,NULL
nwby355512352,2022-03-14,22:10:00,22:15:00,12.284747,76.625861,12.394747,76.735861,NULL
nwdx291063262,2022-03-24,08:40:00,08:50:00,17.430448,78.418213,17.450448,78.438213,NULL
nwfm757728752,2022-03-04,20:30:00,20:40:00,18.563934,73.915367,18.673935,74.025367,NULL
nwfu024823642,2022-04-02,21:00:00,21:05:00,0.000000,0.000000,0.110000,0.110000,NULL
nwin330098016,2022-03-18,21:40:00,21:50:00,13.091809,80.219104,13.201809,80.329104,NULL
nwir527150236,2022-03-14,23:35:00,23:45:00,26.905190,75.810753,27.045190,75.950753,NULL
nwjl440559765,2022-03-08,18:00:00,18:15:00,26.849596,75.800512,26.979596,75.930512,NULL
nwlm551229879,2022-02-12,20:10:00,20:20:00,30.893384,75.821202,30.983384,75.911202,NULL
nwnn967229695,2022-03-27,18:20:00,18:35:00,18.994237,72.825553,19.074237,72.905553,NULL
nwqz955754543,2022-04-04,20:25:00,20:40:00,21.175104,72.804342,21.305104,72.934342,NULL
nwri044189341,2022-03-16,21:25:00,21:40:00,11.016298,76.972076,11.146298,77.102076,NULL
nwvu459529234,2022-03-31,19:55:00,20:05:00,22.311358,73.164798,22.381358,73.234798,NULL
nwwm842087125,2022-02-15,08:45:00,09:00:00,9.979186,76.317361,9.999186,76.337361,NULL
nxax772853036,2022-03-26,19:00:00,19:10:00,17.458998,78.500366,17.518998,78.560366,NULL
nxdi168070069,2022-03-17,12:30:00,12:40:00,23.357804,85.325146,23.397804,85.365146,NULL
nxdy873702542,2022-03-03,15:35:00,15:45:00,13.081878,80.248519,13.121878,80.288519,NULL
nxeu998090838,2022-04-06,18:00:00,18:15:00,17.426228,78.407495,17.556228,78.537495,NULL
nxfs257449148,2022-03-09,10:35:00,10:45:00,0.000000,0.000000,0.020000,0.020000,NULL
nxfy531448770,2022-03-10,00:00:00,00:15:00,18.543626,73.905101,18.653626,74.015101,NULL
nxhi577268430,2022-03-09,08:10:00,08:25:00,12.323225,76.630028,12.333225,76.640028,NULL
nxkw893997870,2022-03-19,11:55:00,12:10:00,11.024839,77.007003,11.034839,77.017003,NULL
nxmt751539579,2022-03-31,22:15:00,22:25:00,11.022477,76.995667,11.092477,77.065667,NULL
nxpb824181186,2022-03-23,23:50:00,00:05:00,17.458998,78.500366,17.538998,78.580366,NULL
nxqk892136794,2022-04-05,20:15:00,20:20:00,0.000000,0.000000,0.060000,0.060000,NULL
nxqn270421654,2022-04-04,19:25:00,19:30:00,12.934365,77.616155,13.024365,77.706155,NULL
nxqn671952589,2022-03-19,10:00:00,10:15:00,18.569156,73.774723,18.579156,73.784723,NULL
nxqt284455621,2022-02-11,11:15:00,11:30:00,30.885915,75.788259,30.905915,75.808259,NULL
nxqz661508897,2022-03-24,17:20:00,17:35:00,17.431668,78.408321,17.461668,78.438321,NULL
nxra247275552,2022-03-05,09:15:00,09:20:00,22.695207,75.866059,22.715207,75.886059,NULL
nxrj568652776,2022-03-03,10:45:00,11:00:00,12.934365,77.616155,12.944365,77.626155,NULL
nxvf433491661,2022-02-15,09:10:00,09:20:00,0.000000,0.000000,0.020000,0.020000,NULL
nxvy885752704,2022-03-29,23:40:00,23:55:00,13.029198,77.570997,13.119198,77.660997,NULL
nydf334547715,2022-03-26,19:25:00,19:30:00,26.902908,75.792934,26.952908,75.842934,NULL
nydk571715754,2022-03-09,23:35:00,23:45:00,18.994049,72.825203,19.054049,72.885203,NULL
nyed237442674,2022-03-31,19:40:00,19:50:00,21.149669,72.772629,21.239669,72.862629,NULL
nyfd228350650,2022-03-30,20:00:00,20:10:00,13.081878,80.248519,13.131878,80.298519,NULL
nyfh224947388,2022-03-05,16:00:00,16:05:00,18.563934,73.915367,18.603935,73.955367,NULL
nyjt901358570,2022-03-18,23:40:00,23:50:00,22.695207,75.866059,22.775207,75.946059,NULL
nyke981152863,2022-02-12,23:45:00,23:55:00,25.450329,81.834279,25.520329,81.904279,NULL
nykj981184352,2022-02-15,17:15:00,17:30:00,25.459775,81.834841,25.489775,81.864841,NULL
nymu234606643,2022-04-06,20:50:00,21:00:00,23.359407,85.325055,23.439407,85.405055,NULL
nynr881170986,2022-03-10,20:40:00,20:55:00,13.044694,80.261470,13.154694,80.371470,NULL
nyod566518510,2022-03-01,22:40:00,22:45:00,21.175104,72.804342,21.225104,72.854342,NULL
nyog082629543,2022-02-17,19:35:00,19:50:00,22.551084,88.354127,22.611084,88.414127,NULL
nypf995815650,2022-04-01,12:40:00,12:55:00,21.186884,72.793616,21.226884,72.833616,NULL
nysz428512850,2022-03-17,11:50:00,12:05:00,17.433809,78.386744,17.453809,78.406744,NULL
nytb619339101,2022-03-25,20:50:00,20:55:00,0.000000,0.000000,0.090000,0.090000,NULL
nytn461701311,2022-03-01,18:15:00,18:20:00,23.355164,85.324097,23.385164,85.354097,NULL
nyum131271823,2022-03-18,23:40:00,23:50:00,19.065838,72.832658,19.135838,72.902658,NULL
nyvm953349270,2022-03-09,21:30:00,21:35:00,13.005801,80.250744,13.055801,80.300744,NULL
nyzn915131030,2022-04-06,18:30:00,18:40:00,11.003681,76.975525,11.073681,77.045525,NULL
nzcr952344415,2022-03-17,15:40:00,15:45:00,12.970324,77.645748,13.010324,77.685748,NULL
nzgm108216759,2022-04-04,23:40:00,23:45:00,19.103249,72.846749,19.173249,72.916749,NULL
nzhm934928204,2022-03-02,23:55:00,00:00:00,22.310329,73.169083,22.440329,73.299083,NULL
nzhp394170773,2022-03-01,23:50:00,00:00:00,0.000000,0.000000,0.060000,0.060000,NULL
nzik474134568,2022-04-03,21:40:00,21:45:00,19.065838,72.832658,19.125838,72.892658,NULL
nzlk116689361,2022-03-28,00:00:00,00:10:00,22.761226,75.887522,22.811226,75.937522,NULL
nzno108728173,2022-03-31,21:40:00,21:45:00,0.000000,0.000000,0.090000,0.090000,NULL
nzqh179069938,2022-04-04,23:55:00,00:05:00,26.921411,75.793604,27.001411,75.873604,NULL
nzrr293406504,2022-03-06,21:20:00,21:25:00,17.411028,78.329645,17.541028,78.459645,NULL
nzrx603995803,2022-03-02,22:40:00,22:55:00,18.530963,73.828972,18.610963,73.908972,NULL
nzvd906925631,2022-03-24,21:35:00,21:45:00,22.751857,75.866699,22.811857,75.926699,NULL
nzvo992615448,2022-03-07,08:20:00,08:30:00,13.026286,80.275235,13.036286,80.285235,NULL
nzys678033734,2022-03-09,09:45:00,10:00:00,12.972532,77.608179,12.992532,77.628179,NULL
nzzf451013056,2022-02-13,23:45:00,23:50:00,0.000000,0.000000,0.030000,0.030000,NULL
nzzo373395655,2022-03-17,08:30:00,08:35:00,13.005801,80.250744,13.025801,80.270744,NULL
nzzr158119896,2022-02-12,19:15:00,19:20:00,26.481547,80.299775,26.551547,80.369775,NULL
oada207583994,2022-03-20,22:55:00,23:10:00,0.000000,0.000000,0.110000,0.110000,NULL
oaew463729559,2022-03-07,11:00:00,11:10:00,0.000000,0.000000,0.020000,0.020000,NULL
oagg938559565,2022-03-09,23:40:00,23:50:00,0.000000,0.000000,0.050000,0.050000,NULL
oahh430621494,2022-02-17,10:55:00,11:05:00,0.000000,0.000000,0.010000,0.010000,NULL
oahk746445999,2022-04-04,18:30:00,18:35:00,12.914264,77.678400,13.044264,77.808400,NULL
oaic025226312,2022-04-02,21:10:00,21:25:00,13.081878,80.248519,13.161878,80.328519,NULL
oaie821513242,2022-04-06,20:10:00,20:25:00,0.000000,0.000000,0.130000,0.130000,NULL
oame455721383,2022-03-21,09:25:00,09:35:00,18.543626,73.905101,18.563626,73.925101,NULL
oamt174420009,2022-03-11,19:35:00,19:40:00,18.536562,73.896485,18.596562,73.956485,NULL
oaof845975879,2022-03-12,17:35:00,17:40:00,21.149834,72.778666,21.229834,72.858666,NULL
oapt358956716,2022-04-01,20:45:00,20:50:00,22.310237,73.158921,22.360237,73.208921,NULL
oasl700098110,2022-03-07,17:50:00,18:00:00,0.000000,0.000000,0.050000,0.050000,NULL
oavf561333419,2022-03-03,08:10:00,08:25:00,17.483216,78.552111,17.493216,78.562111,NULL
oazv453390460,2022-03-25,18:25:00,18:35:00,19.131141,72.813074,19.261140,72.943074,NULL
obbr522089026,2022-03-31,17:30:00,17:35:00,13.064181,80.236442,13.194181,80.366442,NULL
obca613346862,2022-03-27,20:55:00,21:00:00,13.091809,80.219104,13.161809,80.289104,NULL
ober295690157,2022-04-06,18:10:00,18:20:00,18.536562,73.896485,18.666562,74.026485,NULL
obfh614409478,2022-03-24,08:50:00,09:05:00,26.956431,75.776649,26.966431,75.786649,NULL
obhg842862910,2022-04-03,10:25:00,10:30:00,26.891191,75.802083,26.911191,75.822083,NULL
obhw439774427,2022-03-18,23:20:00,23:30:00,18.994049,72.825203,19.124049,72.955203,NULL
obie038548442,2022-02-15,11:35:00,11:45:00,26.463504,80.372929,26.483504,80.392929,NULL
obks678672530,2022-04-05,21:40:00,21:50:00,26.910262,75.783013,26.940262,75.813013,NULL
obmj373031522,2022-02-16,20:25:00,20:30:00,27.161694,78.034714,27.301694,78.174714,NULL
obof673335214,2022-02-11,17:50:00,18:00:00,10.035573,76.336958,10.065573,76.366958,NULL
obsa149322778,2022-02-13,10:25:00,10:40:00,9.988483,76.295211,10.008483,76.315211,NULL
ocbg529160503,2022-03-29,19:30:00,19:40:00,22.722634,75.886959,22.802634,75.966959,NULL
ocfl432183307,2022-03-13,22:30:00,22:45:00,18.536718,73.830327,18.566719,73.860327,NULL
ociv781791495,2022-04-06,18:20:00,18:25:00,12.321214,76.621094,12.411214,76.711094,NULL
ockh769032586,2022-02-13,19:00:00,19:05:00,0.000000,0.000000,0.060000,0.060000,NULL
ockl735680370,2022-03-23,20:20:00,20:35:00,0.000000,0.000000,0.110000,0.110000,NULL
ocmd304725933,2022-03-05,22:35:00,22:40:00,26.902908,75.792934,26.962908,75.852934,NULL
ocnv765255653,2022-03-21,20:30:00,20:45:00,0.000000,0.000000,0.060000,0.060000,NULL
ocnv924293810,2022-03-02,19:30:00,19:35:00,0.000000,0.000000,0.070000,0.070000,NULL
ocoy543928952,2022-03-12,21:10:00,21:15:00,12.323978,76.627961,12.393978,76.697961,NULL
ocpu414056041,2022-03-03,11:10:00,11:25:00,11.022477,76.995667,11.032477,77.005667,NULL
ocpy875112498,2022-03-06,17:45:00,18:00:00,23.359194,85.325447,23.469194,85.435447,NULL
ocqh151955304,2022-03-10,18:15:00,18:20:00,22.651847,75.881991,22.761847,75.991991,NULL
ocuy673167854,2022-02-14,23:25:00,23:35:00,26.473698,80.352677,26.583698,80.462677,NULL
ocwa633756358,2022-03-18,17:50:00,18:00:00,22.307898,73.167788,22.437898,73.297788,NULL
oczi839761904,2022-03-28,13:30:00,13:35:00,26.913483,75.803139,26.953483,75.843139,NULL
odcf266870884,2022-03-23,22:50:00,22:55:00,12.933284,77.615428,13.013284,77.695428,NULL
odem032876700,2022-03-06,18:50:00,19:05:00,23.357804,85.325146,23.437804,85.405146,NULL
odgz265199909,2022-03-30,10:45:00,10:55:00,17.428294,78.404423,17.448294,78.424423,NULL
odjc474969393,2022-02-17,21:35:00,21:50:00,0.000000,0.000000,0.060000,0.060000,NULL
odjv490290288,2022-03-26,23:45:00,23:50:00,21.170096,72.789122,21.220096,72.839122,NULL
odku116466354,2022-04-02,18:30:00,18:45:00,17.483216,78.552111,17.593216,78.662111,NULL
odle964260758,2022-03-12,20:50:00,21:00:00,22.727021,75.884167,22.817021,75.974167,NULL
odlf577380162,2022-03-11,16:00:00,16:10:00,22.651847,75.881991,22.691847,75.921991,NULL
odlo529484325,2022-04-06,20:25:00,20:40:00,11.010375,76.952950,11.090375,77.032950,NULL
odnf963885030,2022-03-07,17:35:00,17:45:00,22.744648,75.894377,22.774648,75.924377,NULL
odoe388116987,2022-02-15,23:35:00,23:40:00,15.585658,73.743606,15.615658,73.773606,NULL
odot617176395,2022-03-18,22:30:00,22:40:00,21.157729,72.768726,21.237729,72.848726,NULL
odps883654032,2022-03-27,19:50:00,20:05:00,26.911927,75.797282,27.001927,75.887282,NULL
odtn354832114,2022-03-26,08:30:00,08:35:00,26.910262,75.783013,26.930262,75.803013,NULL
odto977136581,2022-02-15,21:40:00,21:50:00,27.163303,78.057044,27.213303,78.107044,NULL
oduj265352156,2022-03-06,18:15:00,18:25:00,17.440827,78.393391,17.510827,78.463391,NULL
odup965631220,2022-03-27,19:55:00,20:05:00,26.905190,75.810753,26.995190,75.900753,NULL
odxq771874499,2022-04-03,19:30:00,19:35:00,21.171060,72.789292,21.231060,72.849292,NULL
oeaz173841883,2022-03-03,15:00:00,15:10:00,26.905190,75.810753,26.945190,75.850753,NULL
oecn251950441,2022-03-14,22:15:00,22:25:00,0.000000,0.000000,0.080000,0.080000,NULL
oecn886699205,2022-03-11,23:35:00,23:40:00,26.905287,75.794592,26.965287,75.854592,NULL
oecq120433562,2022-02-15,20:20:00,20:35:00,27.157772,78.047250,27.187772,78.077250,NULL
oegt343034456,2022-04-03,11:00:00,11:05:00,12.981615,80.231598,13.001615,80.251598,NULL
oejm902436677,2022-03-05,17:50:00,17:55:00,12.978453,77.643685,13.008453,77.673685,NULL
oejm927822728,2022-02-18,23:00:00,23:05:00,27.161661,78.011544,27.251661,78.101544,NULL
oekk047564759,2022-03-04,19:45:00,19:50:00,17.410371,78.437225,17.490371,78.517225,NULL
oels853255874,2022-02-18,19:30:00,19:40:00,23.232357,77.429989,23.312357,77.509989,NULL
oena792433305,2022-03-07,08:35:00,08:40:00,17.455894,78.375467,17.465894,78.385467,NULL
oeov748943310,2022-02-11,11:50:00,11:55:00,0.000000,0.000000,0.020000,0.020000,NULL
oese537371805,2022-04-06,23:35:00,23:45:00,19.131141,72.813074,19.241141,72.923074,NULL
oetr951770082,2022-04-01,22:00:00,22:15:00,21.171060,72.789292,21.201060,72.819292,NULL
oevv054410717,2022-03-05,15:40:00,15:45:00,12.933298,77.614293,12.973298,77.654293,NULL
oewu134477320,2022-02-17,11:00:00,11:15:00,30.893384,75.821202,30.903384,75.831202,NULL
oewy932938193,2022-02-18,20:30:00,20:40:00,10.027364,76.308258,10.137364,76.418258,NULL
oeyh951278024,2022-03-29,18:45:00,18:50:00,12.337928,76.617889,12.417928,76.697889,NULL
oezg961712759,2022-02-12,19:30:00,19:35:00,-10.035573,76.336958,10.105573,76.406958,NULL
oezy975637631,2022-03-13,15:25:00,15:40:00,19.065838,72.832658,19.105838,72.872658,NULL
ofbc699397572,2022-04-03,08:20:00,08:25:00,12.933298,77.614293,12.953298,77.634293,NULL
ofgj927652548,2022-03-21,17:45:00,17:50:00,17.429585,78.392621,17.489585,78.452621,NULL
ofgl627886029,2022-03-28,09:35:00,09:45:00,18.534080,73.898520,18.554080,73.918520,NULL
ofgq956492059,2022-02-18,23:10:00,23:15:00,15.574828,73.766883,15.654828,73.846883,NULL
ofhn516699520,2022-03-11,15:40:00,15:55:00,17.410371,78.437225,17.450371,78.477225,NULL
ofhq519099322,2022-03-01,10:40:00,10:55:00,22.310526,73.170937,22.320526,73.180937,NULL
ofpa239801854,2022-03-05,13:15:00,13:25:00,11.022169,76.999594,11.062169,77.039594,NULL
ofpl161019437,2022-03-26,09:30:00,09:40:00,11.006686,76.951736,11.026686,76.971736,NULL
ofsx171516466,2022-03-01,00:00:00,00:05:00,13.044694,80.261470,13.094694,80.311470,NULL
oftl814541880,2022-02-13,12:35:00,12:50:00,9.982834,76.283268,10.022834,76.323268,NULL
ofve687656755,2022-03-14,22:55:00,23:05:00,17.483216,78.552111,17.553216,78.622111,NULL
ofwj569412452,2022-03-14,20:25:00,20:40:00,22.751234,75.889490,22.881234,76.019490,NULL
ofxt601212694,2022-03-04,21:25:00,21:40:00,12.979166,77.640709,13.069166,77.730709,NULL
ofzz254197880,2022-03-10,22:30:00,22:40:00,26.902940,75.793007,26.982940,75.873007,NULL
ogbe031570573,2022-03-15,10:55:00,11:10:00,13.064181,80.236442,13.074181,80.246442,NULL
ogib793430920,2022-03-31,22:55:00,23:10:00,22.311358,73.164798,22.401358,73.254798,NULL
ogif470900953,2022-02-15,11:30:00,11:40:00,0.000000,0.000000,0.020000,0.020000,NULL
oglh225004874,2022-04-03,21:20:00,21:35:00,13.066762,80.251865,13.096762,80.281865,NULL
oglm548207413,2022-03-17,21:40:00,21:50:00,21.185047,72.808590,21.235047,72.858590,NULL
oglv021810323,2022-02-18,23:40:00,23:45:00,22.514585,88.393310,22.644585,88.523310,NULL
ogmo860756697,2022-03-04,18:25:00,18:35:00,21.157735,72.768778,21.237735,72.848778,NULL
ognp232305886,2022-02-17,10:15:00,10:25:00,19.876219,75.346017,19.896219,75.366017,NULL
ogqf827153723,2022-03-15,20:20:00,20:35:00,0.000000,0.000000,0.050000,0.050000,NULL
ogqk532532193,2022-02-12,21:25:00,21:30:00,0.000000,0.000000,0.070000,0.070000,NULL
ogsh536968134,2022-02-11,23:35:00,23:45:00,15.576683,73.755750,15.626683,73.805750,NULL
ogsq278685708,2022-02-12,17:20:00,17:35:00,26.492106,80.327797,26.562106,80.397797,NULL
oguk201252914,2022-04-05,16:30:00,16:40:00,13.064181,80.236442,13.104181,80.276442,NULL
ogwl310790174,2022-03-02,19:00:00,19:15:00,17.438263,78.397865,17.548263,78.507865,NULL
ohbc146349004,2022-03-28,23:35:00,23:45:00,21.160437,72.774209,21.210437,72.824209,NULL
ohdq105403092,2022-03-08,20:50:00,21:05:00,26.914142,75.805704,27.054142,75.945704,NULL
ohfh963147472,2022-02-17,19:55:00,20:05:00,22.569367,88.433187,22.629367,88.493187,NULL
ohfz488690337,2022-03-10,22:20:00,22:35:00,12.979096,77.640625,13.109096,77.770625,NULL
ohhc448549441,2022-04-03,20:50:00,21:05:00,26.892312,75.806896,26.922313,75.836896,NULL
ohij042632362,2022-02-11,23:50:00,23:55:00,19.888716,75.321461,19.918716,75.351461,NULL
ohkf469027492,2022-03-04,20:40:00,20:50:00,12.321214,76.621094,12.431214,76.731094,NULL
ohnn559480417,2022-03-03,19:30:00,19:40:00,23.359033,85.325347,23.409033,85.375347,NULL
ohpf554192056,2022-02-17,11:45:00,12:00:00,19.874449,75.360232,19.884449,75.370232,NULL
ohpy089262199,2022-02-17,22:00:00,22:10:00,19.874103,75.368419,19.904103,75.398419,NULL
ohqb044873762,2022-03-01,22:35:00,22:45:00,19.178321,72.834715,19.208321,72.864715,NULL
ohui912667373,2022-03-18,20:10:00,20:15:00,0.000000,0.000000,0.130000,0.130000,NULL
ohvf297553135,2022-03-07,13:00:00,13:10:00,13.066762,80.251865,13.106762,80.291865,NULL
ohvw192247579,2022-03-10,19:10:00,19:25:00,12.975996,80.221898,13.055996,80.301898,NULL
ohyf255006896,2022-03-13,21:40:00,21:50:00,17.411028,78.329645,17.471028,78.389645,NULL
ohyf781585197,2022-03-09,14:55:00,15:00:00,26.846156,75.802300,26.886156,75.842300,NULL
ohze761414069,2022-03-09,09:45:00,09:55:00,22.761593,75.886362,22.771593,75.896362,NULL
ohzf165095441,2022-02-13,17:20:00,17:35:00,0.000000,0.000000,0.030000,0.030000,NULL
oiay843077855,2022-03-20,22:10:00,22:20:00,23.416792,85.316842,23.506792,85.406842,NULL
oibn788204787,2022-03-31,20:15:00,20:25:00,13.045479,80.233110,13.135479,80.323110,NULL
oieh239035364,2022-02-12,18:30:00,18:40:00,23.184992,77.417227,23.294992,77.527227,NULL
oifg249484577,2022-02-17,08:35:00,08:40:00,15.561295,73.749478,15.581295,73.769478,NULL
oifk679853272,2022-03-04,20:55:00,21:10:00,23.351489,85.324253,23.461489,85.434253,NULL
oiga382802013,2022-03-21,21:40:00,21:45:00,26.911378,75.789034,26.961378,75.839034,NULL
oijl128333584,2022-02-16,21:55:00,22:10:00,23.232537,77.429845,23.362537,77.559845,NULL
oini183602327,2022-03-30,14:50:00,15:05:00,21.157729,72.768726,21.197729,72.808726,NULL
oipo304682095,2022-03-09,22:30:00,22:35:00,26.956431,75.776649,27.006431,75.826649,NULL
oiqp268330723,2022-03-06,21:00:00,21:10:00,19.103249,72.846749,19.193249,72.936749,NULL
oiqv043551989,2022-03-10,20:45:00,21:00:00,18.636215,73.751081,18.726215,73.841081,NULL
oisq612742703,2022-03-12,22:35:00,22:40:00,23.399250,85.390464,23.479250,85.470464,NULL
oitk739579230,2022-03-16,19:25:00,19:35:00,22.744648,75.894377,22.824648,75.974377,NULL
oitp700860684,2022-03-29,17:55:00,18:00:00,12.970221,77.645396,13.060221,77.735396,NULL
oixt056089608,2022-03-23,18:15:00,18:20:00,23.354422,85.332900,23.434422,85.412900,NULL
oiyh656906407,2022-03-10,21:00:00,21:15:00,12.934365,77.616155,13.044365,77.726155,NULL
oiyk629378582,2022-04-03,12:25:00,12:30:00,0.000000,0.000000,0.040000,0.040000,NULL
oizg691126337,2022-02-16,19:15:00,19:20:00,19.878028,75.317475,19.988028,75.427475,NULL
ojby355610007,2022-02-18,21:20:00,21:25:00,25.459775,81.834841,25.589775,81.964841,NULL
ojee004168276,2022-03-03,17:40:00,17:50:00,17.430448,78.418213,17.490448,78.478213,NULL
ojgk976611501,2022-02-14,18:00:00,18:15:00,19.874733,75.353942,19.964733,75.443942,NULL
ojji581551312,2022-03-19,19:00:00,19:05:00,21.170798,72.790489,21.230798,72.850489,NULL
ojkf639678702,2022-02-16,22:55:00,23:10:00,25.443994,81.860187,25.583994,82.000187,NULL
ojmi034156797,2022-03-28,17:35:00,17:40:00,12.311072,76.654878,12.371072,76.714878,NULL
ojsd956970155,2022-02-11,14:45:00,15:00:00,0.000000,0.000000,0.040000,0.040000,NULL
ojsw942545421,2022-04-04,23:25:00,23:35:00,18.546947,73.900626,18.636947,73.990626,NULL
ojtj869787639,2022-03-21,20:45:00,20:55:00,12.308500,76.665808,12.368500,76.725808,NULL
ojuv831265285,2022-03-21,17:35:00,17:50:00,23.353783,85.326967,23.403783,85.376967,NULL
ojuv988064777,2022-03-12,17:15:00,17:25:00,0.000000,0.000000,0.070000,0.070000,NULL
ojxh383836679,2022-03-15,08:30:00,08:40:00,23.333017,85.317200,23.353017,85.337200,NULL
ojxi728729356,2022-03-07,21:00:00,21:05:00,21.186608,72.794136,21.216608,72.824136,NULL
okbm411749537,2022-03-08,21:00:00,21:10:00,19.120083,72.907385,19.210083,72.997385,NULL
okdy956692599,2022-04-01,22:00:00,22:05:00,12.979096,77.640625,13.039096,77.700625,NULL
okgr359664734,2022-03-26,20:25:00,20:40:00,26.846156,75.802300,26.896156,75.852300,NULL
okix690008003,2022-02-15,09:40:00,09:45:00,19.874103,75.368419,19.894103,75.388419,NULL
okoj146518945,2022-03-04,20:00:00,20:15:00,13.044694,80.261470,13.124694,80.341470,NULL
okoj342698952,2022-03-20,18:15:00,18:25:00,11.001753,76.986241,11.071753,77.056241,NULL
okpa149993280,2022-03-17,19:00:00,19:05:00,26.891191,75.802083,26.951191,75.862083,NULL
okpu288164759,2022-03-20,23:55:00,00:00:00,12.323194,76.630583,12.453194,76.760583,NULL
okqc176286014,2022-03-26,22:15:00,22:20:00,11.025083,77.015393,11.075083,77.065393,NULL
okrg587701484,2022-03-05,10:55:00,11:00:00,26.914142,75.805704,26.934142,75.825704,NULL
okry088528699,2022-02-15,19:45:00,20:00:00,0.000000,0.000000,0.060000,0.060000,NULL
okud329542529,2022-03-29,19:15:00,19:20:00,12.321214,76.621094,12.431214,76.731094,NULL
okvp821614347,2022-03-26,23:55:00,00:10:00,17.458998,78.500366,17.488998,78.530366,NULL
okwt276328562,2022-03-10,22:40:00,22:50:00,18.514210,73.838429,18.584210,73.908429,NULL
okzj915032573,2022-03-30,10:35:00,10:50:00,19.223840,72.841347,19.243840,72.861347,NULL
olbe166212886,2022-02-13,18:35:00,18:45:00,22.515082,88.367830,22.565082,88.417830,NULL
olei813736174,2022-03-12,22:20:00,22:30:00,26.902940,75.793007,27.012940,75.903007,NULL
olgc600548055,2022-03-18,23:10:00,23:25:00,13.054347,80.257221,13.164347,80.367221,NULL
ollg453244072,2022-03-23,20:50:00,20:55:00,12.323994,76.626167,12.403994,76.706167,NULL
olmy235699317,2022-03-25,20:20:00,20:30:00,18.539299,73.897902,18.629299,73.987902,NULL
olor591034530,2022-03-11,19:00:00,19:10:00,23.371292,85.327872,23.431292,85.387872,NULL
olrt322885344,2022-03-07,16:15:00,16:25:00,12.297954,76.665169,12.337954,76.705169,NULL
omdc143855466,2022-03-31,20:25:00,20:35:00,12.981615,80.231598,13.051615,80.301598,NULL
omey196578671,2022-03-10,18:00:00,18:05:00,19.223840,72.841347,19.303840,72.921347,NULL
omgh072311162,2022-03-31,19:25:00,19:30:00,21.183434,72.814492,21.263434,72.894492,NULL
omml534315429,2022-03-26,10:20:00,10:25:00,11.020910,76.940432,11.040910,76.960432,NULL
ommm913046409,2022-02-15,12:00:00,12:05:00,30.895204,75.822103,30.915204,75.842103,NULL
omnc127744850,2022-03-31,17:25:00,17:35:00,22.751857,75.866699,22.881857,75.996699,NULL
omnm400447657,2022-04-06,20:15:00,20:30:00,12.321214,76.621094,12.401214,76.701094,NULL
omnp934870544,2022-03-31,18:50:00,18:55:00,17.428294,78.404423,17.518294,78.494423,NULL
omow908876751,2022-03-27,23:25:00,23:30:00,18.551440,73.804855,18.681440,73.934855,NULL
omoz375612638,2022-03-28,17:35:00,17:40:00,18.569156,73.774723,18.629156,73.834723,NULL
ompn004570994,2022-03-29,23:25:00,23:40:00,12.310972,76.659264,12.420972,76.769264,NULL
omqh873406882,2022-03-14,22:50:00,22:55:00,26.921411,75.793604,27.061411,75.933604,NULL
omru866250253,2022-03-26,22:00:00,22:15:00,11.022298,76.998349,11.072298,77.048349,NULL
omvd086786915,2022-03-11,09:50:00,10:00:00,21.160437,72.774209,21.170437,72.784209,NULL
omys119238741,2022-03-11,20:20:00,20:25:00,26.905287,75.794592,26.935287,75.824592,NULL
omys380670269,2022-03-13,21:15:00,21:25:00,17.429585,78.392621,17.479585,78.442621,NULL
omys769656807,2022-02-11,13:50:00,14:00:00,22.526461,88.364453,22.566461,88.404453,NULL
omzj432297634,2022-02-15,09:10:00,09:15:00,23.232537,77.429845,23.242537,77.439845,NULL
onbh454512491,2022-04-02,18:55:00,19:00:00,0.000000,0.000000,0.110000,0.110000,NULL
ongc321368056,2022-03-23,21:45:00,21:55:00,12.939496,77.625999,13.069496,77.755999,NULL
onok376892035,2022-02-11,10:40:00,10:45:00,0.000000,0.000000,0.020000,0.020000,NULL
onpl825857274,2022-02-16,17:30:00,17:35:00,0.000000,0.000000,0.090000,0.090000,NULL
onpm594984954,2022-04-01,21:40:00,21:45:00,18.994049,72.825203,19.024049,72.855203,NULL
onqz116103525,2022-03-14,23:40:00,23:50:00,22.761593,75.886362,22.831593,75.956362,NULL
onth034559913,2022-03-27,19:50:00,19:55:00,22.744648,75.894377,22.874648,76.024377,NULL
ontn116289809,2022-03-07,17:50:00,17:55:00,17.458998,78.500366,17.518998,78.560366,NULL
oobt001977003,2022-03-23,20:20:00,20:35:00,23.353783,85.326967,23.423783,85.396967,NULL
oocq607674650,2022-02-18,23:50:00,00:05:00,25.450317,81.831681,25.580317,81.961681,NULL
ooje201020639,2022-03-30,19:55:00,20:10:00,23.333017,85.317200,23.383017,85.367200,NULL
ookg538431987,2022-03-10,20:00:00,20:15:00,17.450851,78.379347,17.520851,78.449347,NULL
ooki837835398,2022-03-07,09:30:00,09:35:00,0.000000,0.000000,0.010000,0.010000,NULL
oolu940481971,2022-02-16,23:50:00,00:00:00,27.163303,78.057044,27.303303,78.197044,NULL
oomu376296590,2022-03-17,12:35:00,12:50:00,26.913987,75.752891,26.953987,75.792891,NULL
oook771011432,2022-02-15,19:25:00,19:30:00,9.985697,76.281128,10.045697,76.341128,NULL
ooqx085495219,2022-04-02,22:45:00,23:00:00,12.978453,77.643685,13.108453,77.773685,NULL
oosb954281783,2022-03-10,18:30:00,18:45:00,22.308096,73.167753,22.378096,73.237753,NULL
oovw121245389,2022-03-17,17:45:00,17:50:00,23.374878,85.335739,23.404878,85.365739,NULL
opat562617623,2022-03-05,12:10:00,12:20:00,22.745536,75.893106,22.785536,75.933106,NULL
opbb084664115,2022-03-25,20:30:00,20:40:00,18.520016,73.830547,18.630016,73.940547,NULL
opbx862587426,2022-03-19,22:35:00,22:45:00,18.536718,73.830327,18.586718,73.880327,NULL
opdf635105008,2022-02-17,10:45:00,10:50:00,30.342509,78.061187,30.352509,78.071187,NULL
opdf699695945,2022-03-09,08:25:00,08:30:00,22.727021,75.884167,22.737021,75.894167,NULL
opdl820466364,2022-03-30,13:10:00,13:20:00,12.321214,76.621094,12.361214,76.661094,NULL
opfn956534855,2022-02-12,21:00:00,21:10:00,30.893384,75.821202,31.033384,75.961202,NULL
opiq451042596,2022-04-06,18:30:00,18:45:00,21.186438,72.794115,21.296438,72.904115,NULL
opjk190252636,2022-03-11,09:35:00,09:40:00,18.994049,72.825203,19.014049,72.845203,NULL
opkg543126416,2022-03-11,20:35:00,20:40:00,11.021278,76.995017,11.051278,77.025017,NULL
oplw354613143,2022-03-21,17:55:00,18:10:00,22.308096,73.167753,22.338096,73.197753,NULL
opms922781586,2022-03-04,22:40:00,22:45:00,21.175104,72.804342,21.255104,72.884342,NULL
opod219196840,2022-03-25,18:40:00,18:50:00,23.371292,85.327872,23.481292,85.437872,NULL
opoe905278513,2022-03-30,18:40:00,18:45:00,0.000000,0.000000,0.060000,0.060000,NULL
oprk121231578,2022-03-04,19:25:00,19:35:00,0.000000,0.000000,0.130000,0.130000,NULL
opry344324843,2022-03-23,18:20:00,18:30:00,26.892312,75.806896,26.972313,75.886896,NULL
opun980122511,2022-03-10,19:40:00,19:50:00,11.020910,76.940432,11.130910,77.050432,NULL
opvd660426426,2022-04-05,17:45:00,17:55:00,12.284747,76.625861,12.344747,76.685861,NULL
oqgf111052315,2022-02-16,19:00:00,19:15:00,9.960846,76.293936,10.040846,76.373936,NULL
oqgy201803852,2022-04-01,10:25:00,10:40:00,21.186608,72.794136,21.206608,72.814136,NULL
oqgy979109910,2022-03-25,00:00:00,00:05:00,21.185047,72.808590,21.265047,72.888590,NULL
oqiv876235596,2022-04-02,19:55:00,20:10:00,26.846156,75.802300,26.956156,75.912300,NULL
oqls079067890,2022-04-06,18:55:00,19:00:00,12.934365,77.616155,13.024365,77.706155,NULL
oqma501508502,2022-03-15,17:50:00,18:05:00,23.355164,85.324097,23.385164,85.354097,NULL
oqmt920586323,2022-03-07,17:20:00,17:25:00,26.846156,75.802300,26.876156,75.832300,NULL
oqnb189848710,2022-03-20,19:10:00,19:25:00,23.333017,85.317200,23.413017,85.397200,NULL
oqol585550566,2022-04-03,12:10:00,12:15:00,12.323994,76.626167,12.363994,76.666167,NULL
oqqr221342478,2022-04-06,18:15:00,18:20:00,13.005801,80.250744,13.135801,80.380744,NULL
oqsr341369291,2022-03-01,20:20:00,20:25:00,22.728163,75.884212,22.788163,75.944212,NULL
oque772652559,2022-04-02,17:20:00,17:30:00,22.745049,75.892471,22.855049,76.002471,NULL
oquf637599649,2022-03-31,20:10:00,20:20:00,11.001753,76.986241,11.091753,77.076241,NULL
orab123386026,2022-03-08,22:40:00,22:45:00,18.994049,72.825203,19.084049,72.915203,NULL
orct249910406,2022-03-20,22:55:00,23:00:00,13.045479,80.233110,13.155479,80.343110,NULL
ordj040566864,2022-02-12,23:30:00,23:35:00,27.160832,78.011608,27.230832,78.081608,NULL
oric826953147,2022-03-05,23:50:00,23:55:00,17.459710,78.368855,17.509710,78.418855,NULL
orkh922812379,2022-03-05,19:25:00,19:35:00,0.000000,0.000000,0.030000,0.030000,NULL
orkr893285191,2022-02-13,18:40:00,18:45:00,22.538731,88.364878,22.588731,88.414878,NULL
orld723258376,2022-03-24,10:50:00,10:55:00,11.025083,77.015393,11.045083,77.035393,NULL
orld834977961,2022-03-28,20:35:00,20:45:00,18.539299,73.897902,18.599299,73.957902,NULL
ornh070751374,2022-04-05,23:00:00,23:15:00,12.913041,77.683237,12.943041,77.713237,NULL
orqs647725848,2022-04-03,22:50:00,22:55:00,0.000000,0.000000,0.060000,0.060000,NULL
orsu954529422,2022-03-14,17:35:00,17:40:00,12.981615,80.231598,13.071615,80.321598,NULL
ortl606519810,2022-02-12,19:45:00,20:00:00,0.000000,0.000000,0.070000,0.070000,NULL
oryd117439361,2022-03-31,18:35:00,18:40:00,17.428294,78.404423,17.508294,78.484423,NULL
osai053841339,2022-03-09,23:40:00,23:45:00,12.325461,76.632278,12.385461,76.692278,NULL
osdt356515647,2022-04-01,22:55:00,23:00:00,22.307898,73.167788,22.357898,73.217788,NULL
osdt375123736,2022-03-08,20:20:00,20:35:00,17.430448,78.418213,17.500448,78.488213,NULL
osdy640862265,2022-03-17,21:20:00,21:30:00,12.337928,76.617889,12.397928,76.677889,NULL
osdy835660119,2022-03-15,10:15:00,10:25:00,12.979096,77.640625,12.989096,77.650625,NULL
osez810303245,2022-03-20,21:35:00,21:40:00,13.026279,80.174568,13.116279,80.264568,NULL
osfk076021323,2022-02-17,18:20:00,18:25:00,30.361281,78.068022,30.391281,78.098022,NULL
osga137649812,2022-03-09,13:00:00,13:05:00,21.186438,72.794115,21.226438,72.834115,NULL
oshv640924993,2022-03-05,11:15:00,11:20:00,11.020910,76.940432,11.030910,76.950432,NULL
oska955853002,2022-03-16,22:50:00,23:00:00,19.181300,72.836191,19.311300,72.966191,NULL
oskw151874381,2022-03-11,22:15:00,22:30:00,18.994237,72.825553,19.024237,72.855553,NULL
oslk709767817,2022-03-17,20:25:00,20:40:00,12.334022,76.618203,12.364022,76.648203,NULL
osms416384924,2022-03-30,21:25:00,21:40:00,22.310329,73.169083,22.370329,73.229083,NULL
ospu635170231,2022-04-05,19:30:00,19:40:00,13.058616,80.264151,13.108616,80.314151,NULL
osrq376372063,2022-03-25,22:10:00,22:20:00,11.001852,76.976268,11.091852,77.066268,NULL
ostv218497989,2022-04-03,08:20:00,08:25:00,22.312790,73.170283,22.322790,73.180283,NULL
osuo281364763,2022-03-26,10:10:00,10:15:00,26.913987,75.752891,26.933987,75.772891,NULL
osuu217847532,2022-02-18,21:30:00,21:45:00,25.443994,81.860187,25.573994,81.990187,NULL
oswi963008565,2022-03-11,09:55:00,10:05:00,0.000000,0.000000,0.010000,0.010000,NULL
osxb813761689,2022-03-20,23:30:00,23:35:00,26.913987,75.752891,27.023987,75.862891,NULL
otaq294119968,2022-03-30,11:00:00,11:05:00,12.334022,76.618203,12.354022,76.638203,NULL
otir456411178,2022-03-07,19:15:00,19:20:00,10.994136,76.963303,11.054136,77.023303,NULL
otjo959037883,2022-03-30,10:40:00,10:45:00,22.308096,73.167753,22.328096,73.187753,NULL
otkk754432191,2022-03-14,17:25:00,17:40:00,17.428294,78.404423,17.508294,78.484423,NULL
otlg359482650,2022-02-17,20:40:00,20:55:00,26.469003,80.316344,26.529003,80.376344,NULL
otls162435105,2022-04-04,21:25:00,21:40:00,11.025083,77.015393,11.115083,77.105393,NULL
otmv224912429,2022-03-27,19:45:00,19:55:00,18.593481,73.785901,18.663481,73.855901,NULL
ottt777399554,2022-03-14,21:55:00,22:05:00,22.310526,73.170937,22.380526,73.240937,NULL
otuq411903573,2022-03-01,18:10:00,18:20:00,23.333017,85.317200,23.393017,85.377200,NULL
otvq724202820,2022-03-26,23:10:00,23:15:00,23.351489,85.324253,23.381489,85.354253,NULL
otvy110213052,2022-03-15,11:40:00,11:50:00,11.022477,76.995667,11.042477,77.015667,NULL
otwq673739388,2022-02-13,23:50:00,23:55:00,0.000000,0.000000,0.050000,0.050000,NULL
otxy332864577,2022-04-06,23:30:00,23:35:00,22.744648,75.894377,22.854648,76.004377,NULL
otyd070314382,2022-03-02,18:20:00,18:30:00,21.157729,72.768726,21.287729,72.898726,NULL
otys554175735,2022-03-25,19:10:00,19:20:00,0.000000,0.000000,0.070000,0.070000,NULL
ouah017043712,2022-03-20,20:10:00,20:25:00,0.000000,0.000000,0.080000,0.080000,NULL
ouaw079592396,2022-03-28,11:50:00,12:05:00,21.186438,72.794115,21.196438,72.804115,NULL
oube658949230,2022-03-07,20:45:00,20:55:00,22.751234,75.889490,22.801234,75.939490,NULL
ouez486057276,2022-03-26,18:50:00,18:55:00,23.355164,85.324097,23.415164,85.384097,NULL
ougt246008477,2022-03-18,21:35:00,21:50:00,18.593481,73.785901,18.663481,73.855901,NULL
oukw922683122,2022-03-17,21:50:00,22:05:00,17.428294,78.404423,17.478294,78.454423,NULL
ouor633507593,2022-04-04,19:50:00,20:05:00,19.176269,72.836721,19.246269,72.906721,NULL
oupu491402911,2022-03-31,21:15:00,21:30:00,23.354422,85.332900,23.464422,85.442900,NULL
ouuy746413134,2022-03-30,11:35:00,11:45:00,0.000000,0.000000,0.010000,0.010000,NULL
ouwc132047536,2022-04-02,22:45:00,23:00:00,13.027018,80.254791,13.107018,80.334791,NULL
ouxb500741833,2022-04-05,21:55:00,22:10:00,26.902940,75.793007,26.962940,75.853007,NULL
ovef978957536,2022-03-30,18:55:00,19:00:00,21.186438,72.794115,21.216438,72.824115,NULL
ovgf441412965,2022-02-15,14:10:00,14:20:00,23.230791,77.437020,23.270791,77.477020,NULL
ovgi746144349,2022-04-03,08:55:00,09:10:00,12.970324,77.645748,12.990324,77.665748,NULL
ovho479513452,2022-03-19,12:10:00,12:20:00,21.160437,72.774209,21.200437,72.814209,NULL
ovho814064471,2022-03-18,20:30:00,20:40:00,26.911927,75.797282,27.051927,75.937282,NULL
ovnz619636110,2022-02-11,20:00:00,20:10:00,19.876428,75.364792,19.906428,75.394792,NULL
ovpv313463308,2022-02-11,09:40:00,09:45:00,10.020683,76.310631,10.030683,76.320631,NULL
ovqn166051230,2022-03-09,21:00:00,21:05:00,12.933298,77.614293,12.963298,77.644293,NULL
ovsw953911335,2022-02-11,09:45:00,09:55:00,25.451517,81.832616,25.471517,81.852616,NULL
ovti492712870,2022-03-17,23:45:00,00:00:00,18.533811,73.899315,18.583811,73.949315,NULL
ovvm633494396,2022-03-13,23:10:00,23:25:00,0.000000,0.000000,0.060000,0.060000,NULL
ovxh162022528,2022-03-31,17:50:00,18:05:00,13.058616,80.264151,13.168616,80.374151,NULL
ovxv288837508,2022-04-03,15:50:00,16:00:00,0.000000,0.000000,0.040000,0.040000,NULL
ovxw980945725,2022-03-26,09:50:00,10:05:00,22.725748,75.898497,22.735747,75.908497,NULL
ovzg237415936,2022-03-04,20:00:00,20:15:00,19.103249,72.846749,19.193249,72.936749,NULL
ovzh019301254,2022-03-29,18:50:00,19:00:00,26.910262,75.783013,27.050262,75.923013,NULL
ovzn802438564,2022-03-17,20:15:00,20:20:00,12.316967,76.603067,12.346967,76.633067,NULL
owca010270536,2022-04-06,21:30:00,21:35:00,21.157729,72.768726,21.267729,72.878726,NULL
owjw109017720,2022-03-15,23:00:00,23:10:00,12.334022,76.618203,12.364022,76.648203,NULL
owlf766927394,2022-03-03,18:25:00,18:35:00,12.323194,76.630583,12.353194,76.660583,NULL
ownf020035942,2022-03-27,18:50:00,19:05:00,0.000000,0.000000,0.130000,0.130000,NULL
ownr842177668,2022-03-24,11:45:00,12:00:00,26.902328,75.794257,26.922328,75.814257,NULL
owpf107206045,2022-02-18,22:20:00,22:30:00,0.000000,0.000000,0.130000,0.130000,NULL
owqv349205483,2022-03-02,17:25:00,17:35:00,18.554382,73.798206,18.634382,73.878206,NULL
owsc791169694,2022-02-15,10:10:00,10:20:00,19.876219,75.346017,19.896219,75.366017,NULL
owsy087423132,2022-03-17,22:35:00,22:40:00,12.981615,80.231598,13.031615,80.281598,NULL
owty865045272,2022-02-18,18:25:00,18:30:00,25.452350,81.841889,25.562350,81.951889,NULL
owvs520891091,2022-03-27,18:35:00,18:50:00,13.005801,80.250744,13.115801,80.360744,NULL
oxbw856793046,2022-03-29,22:00:00,22:15:00,19.055831,72.833984,19.135831,72.913984,NULL
oxea126432095,2022-03-29,18:35:00,18:50:00,17.429585,78.392621,17.519585,78.482621,NULL
oxfo938656082,2022-03-26,09:30:00,09:35:00,26.849596,75.800512,26.859596,75.810512,NULL
oxfy319025312,2022-03-26,12:00:00,12:15:00,26.902940,75.793007,26.912940,75.803007,NULL
oxhr307857105,2022-03-23,23:30:00,23:40:00,12.933284,77.615428,13.043284,77.725428,NULL
oxib129896977,2022-03-27,19:35:00,19:50:00,17.426228,78.407495,17.556228,78.537495,NULL
oxji736034406,2022-03-31,22:25:00,22:40:00,12.975377,77.696664,13.055377,77.776664,NULL
oxkh126720023,2022-03-24,15:25:00,15:35:00,21.149834,72.778666,21.189834,72.818666,NULL
oxmz586508030,2022-03-31,22:20:00,22:25:00,12.334022,76.618203,12.444022,76.728203,NULL
oxol182687202,2022-03-13,22:00:00,22:10:00,0.000000,0.000000,0.050000,0.050000,NULL
oxpb459018438,2022-03-06,21:20:00,21:25:00,12.308500,76.665808,12.388500,76.745808,NULL
oxpd765326159,2022-03-07,13:55:00,14:00:00,23.351058,85.325731,23.391058,85.365731,NULL
oxpv449146886,2022-04-03,18:55:00,19:05:00,12.337978,76.616792,12.367978,76.646792,NULL
oxrh988263994,2022-04-06,19:40:00,19:55:00,17.424114,78.347554,17.504114,78.427554,NULL
oxrl545237716,2022-03-19,10:35:00,10:40:00,13.091809,80.219104,13.101809,80.229104,NULL
oxwv228673148,2022-03-12,20:45:00,20:50:00,22.745536,75.893106,22.855536,76.003106,NULL
oxxg758969841,2022-03-19,14:25:00,14:30:00,11.026117,76.944652,11.066117,76.984652,NULL
oxxj033046694,2022-03-06,23:45:00,23:55:00,19.103249,72.846749,19.213249,72.956749,NULL
oxyn030627239,2022-03-10,17:35:00,17:50:00,23.359194,85.325447,23.469194,85.435447,NULL
oxyp470927792,2022-02-15,08:35:00,08:40:00,10.006881,76.345397,10.016881,76.355397,NULL
oxzl836015377,2022-02-13,10:25:00,10:30:00,15.546594,73.760431,15.556594,73.770431,NULL
oyal910271888,2022-03-01,15:00:00,15:05:00,0.000000,0.000000,0.040000,0.040000,NULL
oygz097620350,2022-04-04,23:40:00,23:50:00,26.956431,75.776649,27.086431,75.906649,NULL
oyho697555480,2022-03-25,18:25:00,18:30:00,26.956431,75.776649,27.096431,75.916649,NULL
oyhv831939308,2022-02-18,21:20:00,21:30:00,30.887220,75.804893,30.957220,75.874893,NULL
oyiz385884654,2022-03-30,23:15:00,23:20:00,22.310526,73.170937,22.370526,73.230937,NULL
oymm110085163,2022-03-26,10:20:00,10:35:00,18.539299,73.897902,18.559299,73.917902,NULL
oymz699006020,2022-03-24,22:10:00,22:15:00,12.972532,77.608179,13.002532,77.638179,NULL
oype768003827,2022-03-26,23:40:00,23:50:00,26.902908,75.792934,26.932908,75.822934,NULL
oysh983435493,2022-03-17,19:45:00,20:00:00,26.905287,75.794592,26.955287,75.844592,NULL
oyuq194618749,2022-03-05,20:55:00,21:05:00,18.546258,73.904337,18.576258,73.934337,NULL
oyws295138476,2022-02-17,10:20:00,10:30:00,30.893234,75.821720,30.903234,75.831720,NULL
oyxl296589511,2022-03-03,16:55:00,17:10:00,11.001852,76.976268,11.041852,77.016268,NULL
oyya474274132,2022-03-18,17:50:00,18:05:00,22.727021,75.884167,22.797021,75.954167,NULL
oyzo818523902,2022-04-01,22:15:00,22:20:00,21.149669,72.772629,21.179669,72.802629,NULL
ozbr491095485,2022-03-11,20:45:00,21:00:00,21.186438,72.794115,21.236438,72.844115,NULL
ozei280773527,2022-03-19,08:55:00,09:10:00,21.170096,72.789122,21.180096,72.799122,NULL
ozff132250475,2022-03-01,21:25:00,21:40:00,13.027018,80.254791,13.077018,80.304791,NULL
ozff337964990,2022-04-06,19:50:00,19:55:00,21.173493,72.801953,21.243493,72.871953,NULL
ozfh751205398,2022-02-15,21:50:00,22:00:00,10.028047,76.310019,10.088047,76.370019,NULL
ozfn023859974,2022-03-18,21:15:00,21:30:00,22.753659,75.903365,22.843659,75.993365,NULL
ozhs362133371,2022-03-01,20:35:00,20:45:00,26.902328,75.794257,26.952328,75.844257,NULL
ozii275154962,2022-02-17,11:10:00,11:15:00,0.000000,0.000000,0.010000,0.010000,NULL
ozjz810226690,2022-03-15,08:15:00,08:30:00,12.321214,76.621094,12.341214,76.641094,NULL
ozmd828937282,2022-03-27,23:45:00,23:50:00,12.914264,77.678400,13.024264,77.788400,NULL
oznj001946323,2022-03-08,18:40:00,18:55:00,21.186438,72.794115,21.276438,72.884115,NULL
ozon807510810,2022-03-30,13:15:00,13:25:00,13.086438,80.220672,13.126439,80.260672,NULL
ozpa981600497,2022-03-03,14:45:00,15:00:00,13.027018,80.254791,13.067018,80.294791,NULL
ozqo117680327,2022-02-18,20:45:00,20:50:00,0.000000,0.000000,0.130000,0.130000,NULL
ozug272659212,2022-03-26,10:40:00,10:55:00,11.022298,76.998349,11.032298,77.008349,NULL
ozye885751471,2022-03-01,14:25:00,14:30:00,17.431477,78.400350,17.471477,78.440350,NULL
pacf581532710,2022-03-04,19:10:00,19:25:00,23.351489,85.324253,23.421489,85.394253,NULL
paiz452438613,2022-04-02,18:40:00,18:45:00,23.374878,85.335739,23.444878,85.405739,NULL
pajv540287866,2022-04-02,19:35:00,19:40:00,18.533811,73.899315,18.623811,73.989315,NULL
pakt008289125,2022-03-18,18:35:00,18:45:00,19.178321,72.834715,19.308321,72.964715,NULL
palf444368247,2022-03-01,18:15:00,18:25:00,13.086438,80.220672,13.146439,80.280672,NULL
palk954435425,2022-03-21,14:35:00,14:40:00,19.176269,72.836721,19.216269,72.876721,NULL
paom510411686,2022-03-19,12:00:00,12:05:00,12.949934,77.699386,12.969934,77.719386,NULL
paqd499638041,2022-03-06,22:15:00,22:25:00,13.091809,80.219104,13.171809,80.299104,NULL
parm766069014,2022-03-13,21:25:00,21:30:00,21.185047,72.808590,21.245047,72.868590,NULL
patr674789205,2022-03-29,21:00:00,21:10:00,12.284747,76.625861,12.354747,76.695861,NULL
paxj085364115,2022-04-01,09:00:00,09:10:00,21.170798,72.790489,21.190798,72.810489,NULL
pazq694586181,2022-02-14,22:35:00,22:40:00,0.000000,0.000000,0.110000,0.110000,NULL
pbac323539688,2022-02-12,20:40:00,20:45:00,22.551084,88.354127,22.621084,88.424127,NULL
pbbe757998963,2022-04-03,22:10:00,22:25:00,12.972161,77.596014,13.032161,77.656014,NULL
pbbg606652117,2022-03-27,19:40:00,19:50:00,17.431668,78.408321,17.561668,78.538321,NULL
pbdj321080844,2022-03-03,22:40:00,22:55:00,17.411028,78.329645,17.461028,78.379645,NULL
pbev573928401,2022-04-06,18:00:00,18:10:00,18.927584,72.832585,18.997584,72.902585,NULL
pbgv914858472,2022-03-19,18:45:00,18:50:00,11.020910,76.940432,11.080910,77.000432,NULL
pbii281710203,2022-03-04,18:25:00,18:40:00,22.750040,75.902847,22.820040,75.972847,NULL
pbjm971961647,2022-03-10,22:30:00,22:45:00,23.357804,85.325146,23.487804,85.455146,NULL
pblc072646646,2022-03-30,23:10:00,23:25:00,13.081878,80.248519,13.111878,80.278519,NULL
pblh006334675,2022-04-02,18:20:00,18:35:00,17.430448,78.418213,17.500448,78.488213,NULL
pbmw732127934,2022-03-07,11:00:00,11:05:00,21.170798,72.790489,21.180798,72.800489,NULL
pbmy587069805,2022-04-06,20:00:00,20:05:00,13.029780,80.208812,13.109780,80.288812,NULL
pbnw436480858,2022-04-02,23:15:00,23:25:00,22.750040,75.902847,22.880040,76.032847,NULL
pbqh899516153,2022-02-17,22:00:00,22:10:00,23.230791,77.437020,23.260791,77.467020,NULL
pbqn480352555,2022-03-28,09:40:00,09:55:00,18.554382,73.798206,18.564382,73.808206,NULL
pbrb795241883,2022-03-13,22:40:00,22:50:00,18.520016,73.830547,18.580016,73.890547,NULL
pbsm979282238,2022-03-26,18:45:00,19:00:00,26.921411,75.793604,26.971411,75.843604,NULL
pbsp176319059,2022-02-18,22:45:00,22:50:00,27.163303,78.057044,27.293303,78.187044,NULL
pbxp740667527,2022-04-01,14:25:00,14:30:00,12.970324,77.645748,13.010324,77.685748,NULL
pcdc655662634,2022-03-14,18:55:00,19:00:00,26.849596,75.800512,26.979596,75.930512,NULL
pcdg206789955,2022-02-15,22:20:00,22:35:00,30.361281,78.068022,30.391281,78.098022,NULL
pcfl596075652,2022-03-15,22:00:00,22:10:00,11.026117,76.944652,11.086117,77.004652,NULL
pchx598018100,2022-03-12,20:35:00,20:50:00,22.751857,75.866699,22.881857,75.996699,NULL
pchy611585669,2022-03-19,20:40:00,20:55:00,22.311844,73.165081,22.341844,73.195081,NULL
pcjy596599281,2022-03-18,18:30:00,18:35:00,21.173493,72.801953,21.283493,72.911953,NULL
pcna775570840,2022-03-11,10:35:00,10:45:00,17.451976,78.385883,17.471976,78.405883,NULL
pcnm777728383,2022-02-11,09:20:00,09:35:00,22.569358,88.433452,22.579358,88.443452,NULL
pcsh461221255,2022-03-02,23:40:00,23:45:00,17.431668,78.408321,17.521668,78.498321,NULL
pctr276248698,2022-03-05,09:50:00,09:55:00,13.029198,77.570997,13.039198,77.580997,NULL
pcxv948336413,2022-02-12,23:35:00,23:40:00,22.551084,88.354127,22.661084,88.464127,NULL
pcyt916802893,2022-03-15,17:15:00,17:20:00,17.458998,78.500366,17.518998,78.560366,NULL
pczp046955880,2022-04-06,19:40:00,19:45:00,19.176269,72.836721,19.246269,72.906721,NULL
pdbf898192571,2022-03-24,23:10:00,23:20:00,12.914264,77.678400,12.944264,77.708400,NULL
pdgi552172950,2022-03-26,18:25:00,18:35:00,13.005801,80.250744,13.055801,80.300744,NULL
pdir065540654,2022-02-14,22:40:00,22:45:00,10.035573,76.336958,10.145573,76.446958,NULL
pdjd125655991,2022-03-07,09:55:00,10:05:00,11.003669,76.976494,11.023669,76.996494,NULL
pdlf586160630,2022-04-05,18:30:00,18:35:00,18.546258,73.904337,18.576258,73.934337,NULL
pdok863265660,2022-02-15,20:00:00,20:05:00,25.450317,81.831681,25.500317,81.881681,NULL
pdpv628261886,2022-03-25,23:35:00,23:50:00,26.902908,75.792934,27.012908,75.902934,NULL
pdxi887103701,2022-03-28,10:55:00,11:00:00,12.913041,77.683237,12.933041,77.703237,NULL
pdxn136638766,2022-03-11,09:10:00,09:25:00,0.000000,0.000000,0.010000,0.010000,NULL
pecl189547498,2022-03-15,23:45:00,23:50:00,12.323994,76.626167,12.353994,76.656167,NULL
pejj811562739,2022-03-12,20:45:00,21:00:00,17.410371,78.437225,17.490371,78.517225,NULL
pejr016461950,2022-03-15,19:45:00,20:00:00,21.157729,72.768726,21.217729,72.828726,NULL
penp730595480,2022-03-03,11:10:00,11:20:00,21.186884,72.793616,21.206884,72.813616,NULL
pern468152220,2022-03-13,18:20:00,18:30:00,18.562450,73.916619,18.592450,73.946619,NULL
perr499621097,2022-02-18,20:20:00,20:35:00,23.264015,77.408236,23.344015,77.488236,NULL
pesi372178140,2022-03-06,19:00:00,19:15:00,18.563934,73.915367,18.633934,73.985367,NULL
peum692760631,2022-04-03,17:10:00,17:25:00,23.416792,85.316842,23.466792,85.366842,NULL
peuv852159195,2022-04-03,23:35:00,23:45:00,22.310329,73.169083,22.360329,73.219083,NULL
pevu224897944,2022-03-31,23:45:00,00:00:00,18.536562,73.896485,18.616562,73.976485,NULL
pewo012527440,2022-03-26,17:20:00,17:25:00,17.412330,78.449654,17.462330,78.499654,NULL
pewu555147317,2022-04-05,22:40:00,22:45:00,12.310972,76.659264,12.360972,76.709264,NULL
pexn467185751,2022-03-25,17:25:00,17:35:00,22.311358,73.164798,22.421358,73.274798,NULL
peyb776365087,2022-03-09,14:25:00,14:35:00,13.058616,80.264151,13.098616,80.304151,NULL
pezu279715011,2022-02-15,09:25:00,09:30:00,0.000000,0.000000,0.020000,0.020000,NULL
pezx397754806,2022-03-21,13:30:00,13:35:00,13.064181,80.236442,13.104181,80.276442,NULL
pfby842976999,2022-03-18,17:15:00,17:25:00,26.913726,75.752820,26.983726,75.822820,NULL
pfch546197063,2022-03-15,19:10:00,19:25:00,11.003681,76.975525,11.053681,77.025525,NULL
pfcq831961427,2022-03-10,23:55:00,00:00:00,26.905190,75.810753,26.985190,75.890753,NULL
pfdv166661053,2022-03-15,09:50:00,10:05:00,0.000000,0.000000,0.020000,0.020000,NULL
pfec473030052,2022-03-30,18:00:00,18:10:00,23.371292,85.327872,23.421292,85.377872,NULL
pfej567715801,2022-04-06,17:15:00,17:30:00,12.337978,76.616792,12.427978,76.706792,NULL
pfeo478603414,2022-03-13,09:15:00,09:25:00,17.433809,78.386744,17.443809,78.396744,NULL
pffc852549889,2022-03-13,08:10:00,08:20:00,19.221315,72.862381,19.231315,72.872381,NULL
pfih393181670,2022-03-07,11:15:00,11:20:00,13.005801,80.250744,13.025801,80.270744,NULL
pfik167084300,2022-03-20,23:40:00,23:45:00,13.064181,80.236442,13.194181,80.366442,NULL
pfjn040397303,2022-03-02,20:15:00,20:30:00,18.520016,73.830547,18.600016,73.910547,NULL
pfkm134728298,2022-03-05,19:25:00,19:40:00,18.546947,73.900626,18.576947,73.930626,NULL
pflt804174051,2022-04-01,13:10:00,13:20:00,18.516216,73.842527,18.556216,73.882527,NULL
pfly265222884,2022-03-13,17:00:00,17:05:00,12.934365,77.616155,12.974365,77.656155,NULL
pftw443642329,2022-03-16,19:40:00,19:45:00,22.761226,75.887522,22.851226,75.977522,NULL
pfwt854552924,2022-03-03,11:20:00,11:25:00,19.178321,72.834715,19.198321,72.854715,NULL
pfxx834463999,2022-04-04,19:40:00,19:55:00,22.320000,73.170000,22.450000,73.300000,NULL
pfyk383540170,2022-04-01,10:25:00,10:35:00,0.000000,0.000000,0.020000,0.020000,NULL
pfzf775949180,2022-04-03,21:55:00,22:10:00,22.761226,75.887522,22.791226,75.917522,NULL
pgae607790008,2022-03-26,17:10:00,17:15:00,13.086438,80.220672,13.136439,80.270672,NULL
pgdd959051258,2022-03-15,19:55:00,20:10:00,12.299524,76.642620,12.359524,76.702620,NULL
pgde194816690,2022-02-17,20:45:00,20:55:00,30.895204,75.822103,30.955204,75.882103,NULL
pgeo522741564,2022-03-21,09:25:00,09:40:00,18.516216,73.842527,18.536216,73.862527,NULL
pgjf636132499,2022-03-24,10:45:00,10:50:00,11.001753,76.986241,11.011753,76.996241,NULL
pgjm052113792,2022-03-05,17:50:00,18:00:00,12.979166,77.640709,13.039166,77.700709,NULL
pgjt711137922,2022-02-18,22:30:00,22:40:00,19.876106,75.340775,20.006106,75.470775,NULL
pgkl039968735,2022-03-16,21:20:00,21:35:00,22.725835,75.887648,22.855835,76.017648,NULL
pgls520285367,2022-03-20,19:15:00,19:20:00,22.695207,75.866059,22.785207,75.956059,NULL
pgra740106936,2022-03-14,23:30:00,23:40:00,18.562450,73.916619,18.642450,73.996619,NULL
pgsv825801045,2022-02-14,22:55:00,23:00:00,22.538999,88.322337,22.608999,88.392336,NULL
pgut312040117,2022-03-01,08:55:00,09:10:00,18.533811,73.899315,18.553811,73.919315,NULL
pgxw211995975,2022-02-16,20:20:00,20:30:00,25.451517,81.832616,25.541517,81.922616,NULL
pgya291438299,2022-04-02,20:25:00,20:35:00,0.000000,0.000000,0.110000,0.110000,NULL
pgyt519102035,2022-03-18,21:50:00,21:55:00,22.725835,75.887648,22.855835,76.017648,NULL
pgzl777716873,2022-02-17,11:40:00,11:45:00,30.873988,75.842739,30.893988,75.862739,NULL
pgzr971779047,2022-03-21,23:20:00,23:35:00,13.044694,80.261470,13.094694,80.311470,NULL
phdn272715324,2022-03-28,15:45:00,15:55:00,21.173493,72.801953,21.213493,72.841953,NULL
phfz104040560,2022-03-26,23:40:00,23:50:00,22.748060,75.893400,22.778060,75.923400,NULL
phju533469105,2022-03-17,17:55:00,18:10:00,23.351489,85.324253,23.411489,85.384253,NULL
phqy071700389,2022-03-30,11:35:00,11:40:00,21.186608,72.794136,21.206608,72.814136,NULL
phuv019508613,2022-03-08,17:40:00,17:50:00,13.054347,80.257221,13.164347,80.367221,NULL
phvu276201595,2022-02-13,22:35:00,22:50:00,15.496162,73.825364,15.526162,73.855364,NULL
phxo882606854,2022-02-15,08:40:00,08:55:00,25.449872,81.836167,25.459872,81.846167,NULL
phzq422053638,2022-03-01,17:10:00,17:25:00,12.933284,77.615428,12.983284,77.665428,NULL
piak271735264,2022-03-29,18:00:00,18:05:00,17.455894,78.375467,17.525894,78.445467,NULL
piej074795844,2022-04-01,23:55:00,00:05:00,11.010375,76.952950,11.070375,77.012950,NULL
pigi353967058,2022-03-08,18:25:00,18:35:00,11.024839,77.007003,11.094839,77.077003,NULL
pign307670486,2022-03-13,17:50:00,17:55:00,12.326356,76.619103,12.356356,76.649103,NULL
pihn942726325,2022-03-26,08:45:00,09:00:00,22.311603,73.165012,22.331603,73.185012,NULL
pijm527291773,2022-03-23,17:20:00,17:25:00,12.935662,77.614130,13.045662,77.724130,NULL
pipp247899145,2022-03-19,11:30:00,11:45:00,23.351058,85.325731,23.361058,85.335731,NULL
piqd658725028,2022-02-17,20:25:00,20:40:00,30.893081,75.821495,30.953081,75.881495,NULL
piqo714764612,2022-04-05,19:35:00,19:40:00,26.905190,75.810753,26.935190,75.840753,NULL
pisy693593437,2022-03-10,18:40:00,18:55:00,19.003517,72.827650,19.083517,72.907650,NULL
pivq349511992,2022-03-11,16:20:00,16:30:00,22.745536,75.893106,22.785536,75.933106,NULL
pjbh964684827,2022-03-26,20:20:00,20:25:00,26.910262,75.783013,26.940262,75.813013,NULL
pjfj992795074,2022-03-30,23:30:00,23:40:00,0.000000,0.000000,0.050000,0.050000,NULL
pjfm817409173,2022-02-14,19:35:00,19:45:00,9.970717,76.285447,10.100717,76.415447,NULL
pjfy257390397,2022-03-05,11:40:00,11:50:00,26.902908,75.792934,26.922908,75.812934,NULL
pjha967239316,2022-04-02,22:00:00,22:05:00,12.337928,76.617889,12.407928,76.687889,NULL
pjhr719755837,2022-03-30,08:30:00,08:40:00,23.359194,85.325447,23.379194,85.345447,NULL
pjiv492020626,2022-03-28,15:55:00,16:10:00,18.592718,73.773572,18.632718,73.813572,NULL
pjiw066808628,2022-03-09,10:15:00,10:20:00,22.748060,75.893400,22.758060,75.903400,NULL
pjkk367667343,2022-03-16,20:50:00,21:05:00,18.593481,73.785901,18.683481,73.875901,NULL
pjkr530066058,2022-03-30,18:15:00,18:30:00,23.354422,85.332900,23.414422,85.392900,NULL
pjkr805419718,2022-02-18,19:10:00,19:20:00,0.000000,0.000000,0.090000,0.090000,NULL
pjlj818402462,2022-03-19,16:45:00,16:55:00,23.357804,85.325146,23.397804,85.365146,NULL
pjmv718176109,2022-03-23,23:15:00,23:20:00,12.914264,77.678400,13.044264,77.808400,NULL
pjmx034873717,2022-02-15,09:55:00,10:10:00,30.892860,75.822199,30.902860,75.832199,NULL
pjnc583630280,2022-03-02,22:10:00,22:25:00,12.933298,77.614293,13.023298,77.704293,NULL
pjtl119016089,2022-03-25,17:45:00,17:50:00,19.120083,72.907385,19.230083,73.017385,NULL
pjug002688286,2022-03-11,23:15:00,23:30:00,13.064181,80.236442,13.114181,80.286442,NULL
pjyz815469689,2022-04-02,21:20:00,21:25:00,21.186608,72.794136,21.256608,72.864136,NULL
pkhq469939766,2022-03-17,19:55:00,20:10:00,21.186438,72.794115,21.236438,72.844115,NULL
pkkz928368938,2022-04-02,19:00:00,19:15:00,18.536718,73.830327,18.616719,73.910327,NULL
pkli401013836,2022-03-11,14:20:00,14:25:00,22.695207,75.866059,22.735207,75.906059,NULL
pkph071291180,2022-02-12,19:25:00,19:35:00,9.970717,76.285447,10.050717,76.365447,NULL
pkqs694908430,2022-04-03,20:30:00,20:35:00,12.972161,77.596014,13.002161,77.626014,NULL
pkrg540242604,2022-03-01,09:00:00,09:10:00,18.514210,73.838429,18.534210,73.858429,NULL
pkry447942329,2022-03-23,18:40:00,18:45:00,22.750040,75.902847,22.820040,75.972847,NULL
pksv293025223,2022-03-20,22:30:00,22:35:00,17.431477,78.400350,17.511477,78.480350,NULL
pksv411665161,2022-02-11,10:30:00,10:35:00,0.000000,0.000000,0.020000,0.020000,NULL
pkts252955495,2022-02-18,23:40:00,23:55:00,30.372202,78.077151,30.442202,78.147151,NULL
pkty093030355,2022-03-08,19:20:00,19:25:00,22.751857,75.866699,22.881857,75.996699,NULL
pkut225116952,2022-02-14,22:00:00,22:05:00,27.158822,78.045359,27.228822,78.115359,NULL
pkyb371379479,2022-03-11,18:35:00,18:40:00,22.725748,75.898497,22.775748,75.948497,NULL
plao453694706,2022-03-11,18:15:00,18:20:00,17.455894,78.375467,17.505894,78.425467,NULL
plaw092730205,2022-03-07,10:30:00,10:45:00,23.354422,85.332900,23.364422,85.342900,NULL
plbb785193045,2022-03-07,15:25:00,15:35:00,13.026279,80.174568,13.066279,80.214568,NULL
plbh544658611,2022-03-17,19:15:00,19:30:00,12.970324,77.645748,13.030324,77.705748,NULL
pldd708628915,2022-03-30,13:50:00,14:00:00,13.026286,80.275235,13.066286,80.315235,NULL
pldv643817776,2022-03-02,22:20:00,22:25:00,18.539299,73.897902,18.609299,73.967902,NULL
pldz673552376,2022-03-03,11:35:00,11:50:00,12.978453,77.643685,12.988453,77.653685,NULL
plgu357533649,2022-03-07,17:35:00,17:40:00,19.091458,72.827808,19.151458,72.887808,NULL
plhu049393891,2022-03-20,19:40:00,19:55:00,12.297954,76.665169,12.387954,76.755169,NULL
pliw992660959,2022-03-02,22:55:00,23:10:00,21.149569,72.772697,21.279569,72.902697,NULL
pljr769293323,2022-03-04,23:00:00,23:05:00,12.304569,76.643622,12.374569,76.713622,NULL
plnb992722353,2022-03-12,23:55:00,00:10:00,17.411028,78.329645,17.481028,78.399645,NULL
ploo363254812,2022-03-29,23:50:00,00:00:00,13.029780,80.208812,13.139780,80.318812,NULL
plpr706052035,2022-03-09,14:20:00,14:30:00,21.171060,72.789292,21.211060,72.829292,NULL
plpz510883210,2022-03-19,10:25:00,10:40:00,21.170096,72.789122,21.190096,72.809122,NULL
plrb398948894,2022-03-06,18:50:00,18:55:00,23.374989,85.335486,23.464989,85.425486,NULL
plsr390058210,2022-02-14,18:50:00,18:55:00,25.457687,81.835585,25.597687,81.975585,NULL
plst305855182,2022-03-10,19:30:00,19:40:00,22.320000,73.170000,22.450000,73.300000,NULL
plty820232073,2022-03-30,22:20:00,22:30:00,12.323994,76.626167,12.373994,76.676167,NULL
pmch497058371,2022-03-09,18:00:00,18:10:00,22.748060,75.893400,22.808060,75.953400,NULL
pmdg043360938,2022-03-25,19:25:00,19:35:00,17.424114,78.347554,17.504114,78.427554,NULL
pmfn903291620,2022-03-23,18:25:00,18:40:00,17.431668,78.408321,17.501668,78.478321,NULL
pmmm420269743,2022-03-14,22:10:00,22:20:00,22.745049,75.892471,22.825049,75.972471,NULL
pmnf429993660,2022-03-31,23:00:00,23:15:00,0.000000,0.000000,0.080000,0.080000,NULL
pmpr684370621,2022-03-13,20:15:00,20:20:00,23.351489,85.324253,23.411489,85.384253,NULL
pmtg425435413,2022-03-08,17:25:00,17:30:00,22.722634,75.886959,22.812634,75.976959,NULL
pmxm129915419,2022-03-16,21:35:00,21:45:00,22.744648,75.894377,22.874648,76.024377,NULL
pmxu699236737,2022-04-06,21:15:00,21:30:00,13.054347,80.257221,13.184347,80.387221,NULL
pmyq311667264,2022-03-03,16:10:00,16:25:00,18.534080,73.898520,18.574080,73.938520,NULL
pmza648436009,2022-02-18,22:45:00,22:50:00,19.874449,75.360232,19.954449,75.440232,NULL
pnds362662453,2022-03-29,21:35:00,21:50:00,11.022169,76.999594,11.092169,77.069594,NULL
pnfd351784630,2022-03-20,23:25:00,23:40:00,12.979096,77.640625,13.069096,77.730625,NULL
pnfg837391184,2022-02-13,19:15:00,19:20:00,26.474986,80.342796,26.534986,80.402796,NULL
pngi968049315,2022-03-18,21:15:00,21:30:00,23.374989,85.335486,23.444989,85.405486,NULL
pngq326709686,2022-03-23,21:25:00,21:40:00,17.433809,78.386744,17.543809,78.496744,NULL
pnhf864459758,2022-03-16,17:30:00,17:45:00,12.284747,76.625861,12.374747,76.715861,NULL
pnih941358123,2022-04-02,22:30:00,22:40:00,11.000762,76.981876,11.110762,77.091876,NULL
pnly342190853,2022-03-08,21:40:00,21:55:00,10.994136,76.963303,11.064136,77.033303,NULL
pnnl462262047,2022-03-29,22:45:00,22:55:00,22.311844,73.165081,22.421844,73.275081,NULL
pnop748956664,2022-03-23,20:40:00,20:45:00,21.157729,72.768726,21.237729,72.848726,NULL
pnpo275079524,2022-03-05,21:10:00,21:20:00,22.732225,75.874765,22.792225,75.934765,NULL
pnrb191894894,2022-03-29,20:50:00,21:05:00,12.939496,77.625999,13.049496,77.735999,NULL
pnrw431937733,2022-02-16,20:00:00,20:10:00,27.160934,78.044095,27.290934,78.174095,NULL
pnte934233103,2022-03-09,12:40:00,12:55:00,11.022169,76.999594,11.062169,77.039594,NULL
pnum098205462,2022-03-15,11:35:00,11:45:00,13.054347,80.257221,13.074347,80.277221,NULL
pnzt689957903,2022-03-09,09:00:00,09:05:00,22.745536,75.893106,22.765536,75.913106,NULL
poaa164564214,2022-03-20,21:25:00,21:35:00,23.369746,85.339820,23.479746,85.449820,NULL
poch394712867,2022-03-10,20:35:00,20:50:00,12.934179,77.615797,13.014179,77.695797,NULL
poei135687580,2022-03-05,08:20:00,08:30:00,23.355164,85.324097,23.365164,85.334097,NULL
pogp353440596,2022-04-03,23:55:00,00:05:00,12.933284,77.615428,12.993284,77.675428,NULL
poiy481433261,2022-03-02,19:10:00,19:25:00,18.516216,73.842527,18.586216,73.912527,NULL
pojl608715529,2022-04-04,18:10:00,18:20:00,17.428294,78.404423,17.498294,78.474423,NULL
pojv233399000,2022-03-15,23:20:00,23:30:00,13.058616,80.264151,13.118616,80.324151,NULL
pomn485636176,2022-03-12,17:55:00,18:00:00,23.399250,85.390464,23.489250,85.480464,NULL
popr243176302,2022-02-12,20:40:00,20:45:00,27.201725,78.007553,27.331725,78.137553,NULL
poqr103399421,2022-04-02,22:40:00,22:45:00,12.311072,76.654878,12.441072,76.784878,NULL
povy703775629,2022-03-19,17:15:00,17:30:00,21.175975,72.795503,21.205975,72.825503,NULL
powl417093580,2022-03-13,15:35:00,15:50:00,0.000000,0.000000,0.040000,0.040000,NULL
poxb752613241,2022-03-03,22:50:00,23:05:00,26.913483,75.803139,26.963483,75.853139,NULL
poxg995337162,2022-03-05,21:15:00,21:25:00,11.022477,76.995667,11.082477,77.055667,NULL
ppbg385209193,2022-02-18,22:50:00,22:55:00,23.264015,77.408236,23.334015,77.478236,NULL
ppcm481067103,2022-03-07,18:25:00,18:40:00,19.223840,72.841347,19.283840,72.901347,NULL
ppej396980672,2022-03-08,20:15:00,20:20:00,22.722634,75.886959,22.852634,76.016959,NULL
ppha427466393,2022-02-14,19:00:00,19:05:00,25.450329,81.834279,25.590329,81.974279,NULL
pphg382872346,2022-04-01,12:55:00,13:00:00,23.371292,85.327872,23.411292,85.367872,NULL
ppks935244164,2022-02-14,17:35:00,17:45:00,0.000000,0.000000,0.090000,0.090000,NULL
pppw602135660,2022-02-15,19:15:00,19:25:00,22.538731,88.364878,22.588731,88.414878,NULL
ppqi698287741,2022-03-29,21:50:00,22:00:00,13.044694,80.261470,13.124694,80.341470,NULL
ppqj828384088,2022-03-01,19:00:00,19:05:00,23.357804,85.325146,23.407804,85.375146,NULL
ppqq173681293,2022-03-30,23:30:00,23:40:00,11.021278,76.995017,11.071278,77.045017,NULL
ppqt362000534,2022-03-28,15:35:00,15:50:00,17.429585,78.392621,17.469585,78.432621,NULL
ppri902151840,2022-03-19,11:00:00,11:15:00,18.593481,73.785901,18.603481,73.795901,NULL
ppsx954907454,2022-03-05,12:45:00,12:55:00,19.003517,72.827650,19.043517,72.867650,NULL
pptv161931085,2022-03-18,22:10:00,22:25:00,18.546947,73.900626,18.636947,73.990626,NULL
ppwt798233873,2022-03-15,22:25:00,22:35:00,18.530963,73.828972,18.560963,73.858972,NULL
ppwy939118496,2022-03-05,22:25:00,22:35:00,12.323194,76.630583,12.383194,76.690583,NULL
ppxj725379040,2022-03-28,18:55:00,19:10:00,22.751857,75.866699,22.781857,75.896699,NULL
ppyv003814536,2022-03-06,17:20:00,17:30:00,13.026286,80.275235,13.136286,80.385235,NULL
pqbg286415667,2022-02-15,23:20:00,23:30:00,0.000000,0.000000,0.050000,0.050000,NULL
pqcp028397646,2022-03-26,16:25:00,16:35:00,26.902328,75.794257,26.942328,75.834257,NULL
pqhy041688936,2022-04-02,20:10:00,20:25:00,23.359033,85.325347,23.449033,85.415347,NULL
pqkn768825898,2022-03-02,19:20:00,19:30:00,12.935662,77.614130,13.005662,77.684130,NULL
pqlj119874486,2022-04-01,23:45:00,00:00:00,21.173343,72.792731,21.203343,72.822731,NULL
pqrl555793775,2022-03-09,15:55:00,16:05:00,23.374878,85.335739,23.414878,85.375739,NULL
pqrs477946189,2022-03-01,12:50:00,13:00:00,18.514210,73.838429,18.554210,73.878429,NULL
pqwg281908498,2022-03-11,22:15:00,22:25:00,22.728163,75.884212,22.778163,75.934212,NULL
pqwr664533435,2022-03-27,19:20:00,19:25:00,18.563934,73.915367,18.643935,73.995367,NULL
pqxm462462561,2022-03-09,18:55:00,19:00:00,10.961850,76.971082,11.021850,77.031082,NULL
pqya338067587,2022-04-04,23:40:00,23:50:00,18.927584,72.832585,19.017584,72.922585,NULL
pqyn850657415,2022-03-10,20:40:00,20:45:00,22.745049,75.892471,22.815049,75.962471,NULL
pqzh242763617,2022-03-02,19:20:00,19:30:00,23.354422,85.332900,23.434422,85.412900,NULL
prep436108137,2022-03-05,16:15:00,16:25:00,23.359033,85.325347,23.399033,85.365347,NULL
prfn211390274,2022-03-05,13:30:00,13:40:00,23.374989,85.335486,23.414989,85.375486,NULL
prgs287389750,2022-03-12,22:25:00,22:30:00,21.170096,72.789122,21.260096,72.879122,NULL
prlz497875409,2022-03-10,17:45:00,17:50:00,17.459710,78.368855,17.569710,78.478855,NULL
prmd574549289,2022-03-13,10:00:00,10:05:00,12.972161,77.596014,12.992161,77.616014,NULL
prmp167951314,2022-02-11,09:20:00,09:25:00,0.000000,0.000000,0.020000,0.020000,NULL
prny732057030,2022-03-11,11:50:00,11:55:00,17.429585,78.392621,17.439585,78.402621,NULL
prrz953316080,2022-02-18,18:25:00,18:35:00,0.000000,0.000000,0.070000,0.070000,NULL
prsx065636625,2022-03-18,22:20:00,22:30:00,22.725835,75.887648,22.805835,75.967648,NULL
pruw107461917,2022-03-14,23:20:00,23:30:00,19.103249,72.846749,19.213249,72.956749,NULL
prvd014788194,2022-03-17,10:20:00,10:35:00,13.045479,80.233110,13.065479,80.253110,NULL
prvs159185760,2022-03-27,17:15:00,17:25:00,11.022298,76.998349,11.102298,77.078349,NULL
prwc675910621,2022-03-24,17:15:00,17:30:00,11.003681,76.975525,11.033681,77.005525,NULL
prxt350914923,2022-02-16,21:00:00,21:10:00,25.450377,81.834236,25.530377,81.914236,NULL
prxt481711644,2022-03-14,19:55:00,20:10:00,18.530963,73.828972,18.600963,73.898972,NULL
pryg187327079,2022-03-25,19:40:00,19:45:00,18.534080,73.898520,18.644080,74.008520,NULL
pryr037083326,2022-03-19,10:00:00,10:10:00,23.354422,85.332900,23.364422,85.342900,NULL
psas010327035,2022-03-30,12:40:00,12:45:00,13.029780,80.208812,13.069780,80.248812,NULL
psbp468770642,2022-03-23,20:20:00,20:25:00,12.311072,76.654878,12.381072,76.724878,NULL
psch179899668,2022-03-20,19:45:00,20:00:00,23.351058,85.325731,23.431058,85.405731,NULL
psdc503753295,2022-04-01,16:00:00,16:10:00,22.732225,75.874765,22.772225,75.914765,NULL
psdv934663274,2022-03-18,19:35:00,19:45:00,0.000000,0.000000,0.080000,0.080000,NULL
psgb687765383,2022-02-17,16:30:00,16:40:00,22.552996,88.352310,22.592996,88.392310,NULL
psgn164260597,2022-03-15,11:55:00,12:10:00,19.109300,72.825451,19.119300,72.835451,NULL
psia019177241,2022-03-26,08:15:00,08:30:00,13.029198,77.570997,13.039198,77.580997,NULL
psjm805870030,2022-03-18,20:10:00,20:25:00,26.846156,75.802300,26.976156,75.932300,NULL
pske314338491,2022-03-31,18:40:00,18:50:00,12.972161,77.596014,13.082161,77.706014,NULL
psls830249917,2022-03-19,19:35:00,19:40:00,26.902908,75.792934,26.932908,75.822934,NULL
psls898118778,2022-02-11,20:45:00,21:00:00,30.328174,78.049117,30.358174,78.079117,NULL
psmi148852749,2022-03-19,10:00:00,10:05:00,17.458998,78.500366,17.468998,78.510366,NULL
pspj091684266,2022-03-11,13:10:00,13:20:00,22.307898,73.167788,22.347898,73.207788,NULL
psqk251157390,2022-04-05,09:55:00,10:05:00,19.065838,72.832658,19.085838,72.852658,NULL
psuy317268936,2022-03-07,09:15:00,09:30:00,12.326356,76.619103,12.336356,76.629103,NULL
pswc265717201,2022-03-18,19:20:00,19:30:00,0.000000,0.000000,0.070000,0.070000,NULL
pswd290450557,2022-03-23,21:10:00,21:15:00,21.183434,72.814492,21.253434,72.884492,NULL
pswz823995683,2022-03-07,12:55:00,13:05:00,11.001852,76.976268,11.041852,77.016268,NULL
psza203851411,2022-04-04,18:40:00,18:45:00,11.022298,76.998349,11.132298,77.108349,NULL
psza552247953,2022-03-28,10:25:00,10:40:00,0.000000,0.000000,0.010000,0.010000,NULL
pszf462397050,2022-04-04,19:20:00,19:35:00,21.170798,72.790489,21.300798,72.920489,NULL
ptbl559539078,2022-03-02,19:30:00,19:40:00,13.091809,80.219104,13.161809,80.289104,NULL
ptbr621666420,2022-03-06,18:35:00,18:45:00,21.186608,72.794136,21.266608,72.874136,NULL
ptjs910821688,2022-03-25,23:25:00,23:40:00,18.536718,73.830327,18.646718,73.940327,NULL
ptjx036952947,2022-02-11,21:35:00,21:40:00,27.195928,77.998092,27.225928,78.028092,NULL
ptkj030172940,2022-03-30,22:40:00,22:55:00,18.562450,73.916619,18.612450,73.966619,NULL
ptlx731237966,2022-03-01,12:40:00,12:45:00,19.176269,72.836721,19.216269,72.876721,NULL
ptrm203019288,2022-04-03,17:55:00,18:10:00,26.902908,75.792934,26.952908,75.842934,NULL
ptsa684589611,2022-04-06,23:50:00,00:00:00,26.956431,75.776649,27.046431,75.866649,NULL
ptte722025051,2022-03-02,17:55:00,18:05:00,19.207222,72.972281,19.317222,73.082281,NULL
ptwr050069720,2022-04-01,17:40:00,17:55:00,17.429585,78.392621,17.479585,78.442621,NULL
pudh367785256,2022-02-16,19:10:00,19:20:00,22.538999,88.322337,22.618999,88.402337,NULL
pugd942950212,2022-03-31,22:30:00,22:35:00,0.000000,0.000000,0.080000,0.080000,NULL
pugi833751073,2022-02-16,18:35:00,18:45:00,10.020683,76.310631,10.100683,76.390631,NULL
puhx524157178,2022-03-07,13:55:00,14:00:00,19.223840,72.841347,19.263840,72.881347,NULL
puie162502779,2022-02-17,19:40:00,19:55:00,25.450377,81.834236,25.500377,81.884236,NULL
puje586221420,2022-03-16,19:50:00,20:00:00,13.026286,80.275235,13.156286,80.405235,NULL
pujr838903453,2022-02-17,20:55:00,21:00:00,0.000000,0.000000,0.030000,0.030000,NULL
punk528628614,2022-02-18,19:35:00,19:50:00,0.000000,0.000000,0.130000,0.130000,NULL
puor638615749,2022-03-19,15:55:00,16:10:00,19.221315,72.862381,19.261315,72.902381,NULL
puqj252436790,2022-04-03,18:55:00,19:00:00,26.888420,75.800689,26.918420,75.830689,NULL
puqm800733237,2022-02-17,15:15:00,15:20:00,0.000000,0.000000,0.040000,0.040000,NULL
purg006600411,2022-03-03,11:35:00,11:50:00,21.171060,72.789292,21.191060,72.809292,NULL
puse139028355,2022-02-14,20:50:00,21:05:00,25.450317,81.831681,25.520317,81.901681,NULL
pust326963953,2022-03-02,18:50:00,19:05:00,0.000000,0.000000,0.080000,0.080000,NULL
puvj582239585,2022-03-29,17:35:00,17:50:00,12.323225,76.630028,12.393225,76.700028,NULL
puzi338686291,2022-03-28,13:45:00,13:50:00,11.022298,76.998349,11.062298,77.038349,NULL
pvan038951763,2022-04-01,17:15:00,17:25:00,26.902328,75.794257,26.952328,75.844257,NULL
pvcu885016852,2022-03-07,11:30:00,11:40:00,11.022298,76.998349,11.042298,77.018349,NULL
pvmm816055638,2022-02-11,21:10:00,21:20:00,0.000000,0.000000,0.060000,0.060000,NULL
pvpj798549919,2022-03-08,00:00:00,00:10:00,22.310237,73.158921,22.390237,73.238921,NULL
pvqc037579903,2022-03-03,19:40:00,19:50:00,10.994136,76.963303,11.024136,76.993303,NULL
pvsa813158998,2022-03-09,23:15:00,23:30:00,21.160437,72.774209,21.190437,72.804209,NULL
pvsb686584615,2022-03-16,22:25:00,22:40:00,11.003008,76.975440,11.133009,77.105440,NULL
pvvn959392038,2022-03-31,22:55:00,23:00:00,0.000000,0.000000,0.130000,0.130000,NULL
pvwr565384360,2022-02-13,15:15:00,15:25:00,0.000000,0.000000,0.040000,0.040000,NULL
pvws887077904,2022-02-16,18:10:00,18:20:00,30.340722,78.060221,30.480722,78.200221,NULL
pvxf103210713,2022-03-07,16:15:00,16:25:00,18.551440,73.804855,18.591440,73.844855,NULL
pvxu333695051,2022-03-20,23:10:00,23:25:00,18.551440,73.804855,18.641440,73.894855,NULL
pvye127671343,2022-03-11,22:55:00,23:10:00,21.152760,72.778059,21.182760,72.808059,NULL
pvyw347898347,2022-03-27,18:10:00,18:15:00,23.371292,85.327872,23.451292,85.407872,NULL
pvzw580994183,2022-04-03,17:55:00,18:00:00,22.307898,73.167788,22.367898,73.227788,NULL
pwba633922899,2022-03-10,17:30:00,17:40:00,12.979096,77.640625,13.049096,77.710625,NULL
pwbf401580256,2022-03-01,21:30:00,21:40:00,23.357804,85.325146,23.417804,85.385146,NULL
pwbi898606991,2022-03-28,10:25:00,10:30:00,13.026279,80.174568,13.046279,80.194568,NULL
pwbp301890355,2022-04-01,08:20:00,08:30:00,22.761226,75.887522,22.771226,75.897522,NULL
pwfz078466565,2022-03-14,18:20:00,18:30:00,13.029780,80.208812,13.109780,80.288812,NULL
pwja594760252,2022-03-19,08:35:00,08:40:00,23.359194,85.325447,23.369194,85.335447,NULL
pwlb682095665,2022-02-16,23:55:00,00:05:00,10.003064,76.307589,10.073064,76.377589,NULL
pwnl562216408,2022-03-08,20:30:00,20:35:00,11.001753,76.986241,11.081753,77.066241,NULL
pwor311361207,2022-03-27,23:30:00,23:45:00,21.175104,72.804342,21.245104,72.874342,NULL
pwph580202456,2022-03-26,08:25:00,08:30:00,13.086438,80.220672,13.106438,80.240672,NULL
pwpr253736356,2022-03-03,21:30:00,21:40:00,19.109300,72.825451,19.139300,72.855451,NULL
pwqk191070347,2022-03-19,09:15:00,09:30:00,13.081878,80.248519,13.101878,80.268519,NULL
pwtf697657383,2022-04-03,14:00:00,14:05:00,21.171060,72.789292,21.211060,72.829292,NULL
pwts801315024,2022-03-10,18:10:00,18:15:00,22.750040,75.902847,22.820040,75.972847,NULL
pwzc079193424,2022-02-12,21:10:00,21:15:00,27.161661,78.011544,27.241661,78.091544,NULL
pxcp558165889,2022-03-01,21:15:00,21:25:00,22.751857,75.866699,22.811857,75.926699,NULL
pxdf760012727,2022-03-27,19:50:00,20:00:00,0.000000,0.000000,0.070000,0.070000,NULL
pxdv499907981,2022-03-24,09:15:00,09:25:00,12.949934,77.699386,12.969934,77.719386,NULL
pxfn952759684,2022-02-13,10:25:00,10:30:00,15.569600,73.742294,15.579600,73.752294,NULL
pxgd965743771,2022-03-02,20:40:00,20:50:00,11.001753,76.986241,11.071753,77.056241,NULL
pxgg503332701,2022-03-26,10:25:00,10:40:00,21.186608,72.794136,21.196608,72.804136,NULL
pxno810183672,2022-03-01,22:45:00,22:50:00,17.412330,78.449654,17.472330,78.509654,NULL
pxtd165902117,2022-03-21,10:25:00,10:30:00,11.001753,76.986241,11.021753,77.006241,NULL
pxvb549205039,2022-03-05,09:00:00,09:05:00,17.424114,78.347554,17.444114,78.367554,NULL
pxwl202822216,2022-03-24,16:15:00,16:25:00,12.986047,80.218114,13.026047,80.258114,NULL
pxwo009144942,2022-03-23,19:45:00,20:00:00,19.065838,72.832658,19.195838,72.962658,NULL
pyag925509918,2022-02-15,22:10:00,22:15:00,15.561550,73.749092,15.591550,73.779092,NULL
pyav875024198,2022-04-02,18:30:00,18:35:00,22.728163,75.884212,22.818163,75.974212,NULL
pydt159098590,2022-03-30,13:40:00,13:45:00,22.750040,75.902847,22.790040,75.942847,NULL
pyez380149034,2022-02-17,08:10:00,08:20:00,23.214294,77.435361,23.224294,77.445361,NULL
pygc030532227,2022-03-16,23:10:00,23:15:00,11.003681,76.975525,11.093681,77.065525,NULL
pyjh474496678,2022-03-07,17:40:00,17:50:00,12.284747,76.625861,12.344747,76.685861,NULL
pynf648197040,2022-03-06,23:15:00,23:30:00,26.921411,75.793604,27.011411,75.883604,NULL
pyog935946994,2022-03-17,18:20:00,18:25:00,26.902328,75.794257,26.962328,75.854257,NULL
pyul099208904,2022-04-01,08:40:00,08:50:00,21.149834,72.778666,21.169834,72.798666,NULL
pyxb864321185,2022-03-19,17:50:00,17:55:00,23.333017,85.317200,23.363017,85.347200,NULL
pyxv827321549,2022-04-05,10:25:00,10:40:00,17.412330,78.449654,17.422330,78.459654,NULL
pzag876713515,2022-02-13,12:20:00,12:35:00,0.000000,0.000000,0.040000,0.040000,NULL
pzat044671083,2022-03-30,10:40:00,10:55:00,11.022477,76.995667,11.032477,77.005667,NULL
pzbq153170240,2022-02-17,14:30:00,14:35:00,22.515082,88.367830,22.555082,88.407830,NULL
pzeq402316777,2022-03-12,20:30:00,20:45:00,22.310329,73.169083,22.390329,73.249083,NULL
pzfj117814242,2022-03-09,12:55:00,13:00:00,12.325461,76.632278,12.365461,76.672278,NULL
pzgk212590209,2022-04-05,21:40:00,21:45:00,22.312790,73.170283,22.342790,73.200283,NULL
pzhh424239762,2022-02-17,20:35:00,20:40:00,25.450377,81.834236,25.480377,81.864236,NULL
pzpx627658286,2022-04-05,13:45:00,13:50:00,19.254567,72.848923,19.294567,72.888923,NULL
pzsg322348317,2022-03-26,21:35:00,21:50:00,12.304569,76.643622,12.364569,76.703622,NULL
pzvb653960910,2022-04-06,18:30:00,18:35:00,26.911927,75.797282,26.991927,75.877282,NULL
qaat242029531,2022-03-21,18:15:00,18:25:00,18.569156,73.774723,18.629156,73.834723,NULL
qabe630519730,2022-03-01,18:25:00,18:40:00,12.310972,76.659264,12.340972,76.689264,NULL
qacw531713353,2022-03-06,23:50:00,00:00:00,22.308096,73.167753,22.398096,73.257753,NULL
qadk676361128,2022-04-05,22:20:00,22:30:00,0.000000,0.000000,0.050000,0.050000,NULL
qaer624765503,2022-03-12,21:55:00,22:00:00,13.044694,80.261470,13.174694,80.391470,NULL
qakj417077233,2022-03-05,23:45:00,23:50:00,12.986047,80.218114,13.016047,80.248114,NULL
qakn931266368,2022-04-04,20:50:00,20:55:00,22.695207,75.866059,22.805207,75.976059,NULL
qams120999307,2022-03-07,17:35:00,17:40:00,19.221315,72.862381,19.251315,72.892381,NULL
qank181275576,2022-03-27,23:10:00,23:25:00,0.000000,0.000000,0.070000,0.070000,NULL
qaoc804539218,2022-04-01,22:00:00,22:10:00,18.536718,73.830327,18.566719,73.860327,NULL
qaoh521939768,2022-04-02,21:50:00,22:00:00,12.933284,77.615428,13.043284,77.725428,NULL
qapt620065284,2022-02-17,16:15:00,16:25:00,22.552672,88.352885,22.592672,88.392885,NULL
qaru159358224,2022-02-16,21:25:00,21:30:00,27.159795,78.042990,27.289795,78.172990,NULL
qass084974538,2022-03-26,11:15:00,11:25:00,23.359194,85.325447,23.369194,85.335447,NULL
qawi381992892,2022-03-23,22:55:00,23:00:00,12.972793,80.249982,13.062793,80.339982,NULL
qbal608363909,2022-04-06,19:50:00,20:05:00,10.994136,76.963303,11.084136,77.053303,NULL
qbav842054728,2022-03-09,17:20:00,17:35:00,12.933298,77.614293,12.993298,77.674293,NULL
qbds527695150,2022-03-03,18:25:00,18:35:00,21.160522,72.771477,21.190522,72.801477,NULL
qbeu512431051,2022-03-17,20:35:00,20:45:00,19.254567,72.848923,19.314567,72.908923,NULL
qbip904083382,2022-03-12,18:50:00,18:55:00,12.980410,77.640489,13.090410,77.750489,NULL
qbir741861103,2022-02-17,08:55:00,09:05:00,0.000000,0.000000,0.010000,0.010000,NULL
qbjg801103210,2022-03-15,15:40:00,15:55:00,19.003517,72.827650,19.043517,72.867650,NULL
qbkb252363734,2022-03-02,22:55:00,23:10:00,26.905287,75.794592,26.985287,75.874592,NULL
qbmn912201714,2022-03-13,21:35:00,21:40:00,12.323994,76.626167,12.353994,76.656167,NULL
qbnx455660626,2022-03-02,17:20:00,17:35:00,12.310972,76.659264,12.420972,76.769264,NULL
qbte083425691,2022-03-09,12:35:00,12:40:00,17.426228,78.407495,17.466228,78.447495,NULL
qbwp617873354,2022-04-03,17:20:00,17:30:00,0.000000,0.000000,0.030000,0.030000,NULL
qcbh914401278,2022-02-13,23:25:00,23:35:00,22.551084,88.354127,22.581084,88.384127,NULL
qcdj126548977,2022-03-07,22:10:00,22:15:00,22.751857,75.866699,22.811857,75.926699,NULL
qclw012155217,2022-02-14,18:35:00,18:40:00,25.459775,81.834841,25.569775,81.944841,NULL
qcni832648647,2022-03-16,19:15:00,19:25:00,21.152760,72.778059,21.282760,72.908059,NULL
qcnp699972139,2022-03-11,22:25:00,22:30:00,21.157735,72.768778,21.187735,72.798778,NULL
qcpp040014922,2022-02-15,17:35:00,17:45:00,10.000706,76.349516,10.030706,76.379516,NULL
qcqi772306643,2022-02-17,22:15:00,22:20:00,25.454697,81.834492,25.504697,81.884492,NULL
qcqm122645707,2022-03-02,20:35:00,20:40:00,11.025083,77.015393,11.095083,77.085393,NULL
qcwl517433557,2022-03-29,22:30:00,22:35:00,26.913726,75.752820,26.993726,75.832820,NULL
qcxw057914600,2022-04-04,21:45:00,22:00:00,21.160437,72.774209,21.270437,72.884209,NULL
qcyn693653025,2022-02-17,22:10:00,22:25:00,25.457116,81.859682,25.487116,81.889682,NULL
qdbl515347652,2022-03-14,22:30:00,22:35:00,18.543626,73.905101,18.623626,73.985101,NULL
qdgo203196303,2022-02-17,22:50:00,22:55:00,30.332735,78.054222,30.392735,78.114222,NULL
qdhk346290773,2022-03-28,22:30:00,22:40:00,11.024839,77.007003,11.054839,77.037003,NULL
qdiz116944081,2022-03-16,19:30:00,19:35:00,22.753839,75.897429,22.843839,75.987429,NULL
qdjb829213630,2022-03-24,10:50:00,11:00:00,21.149669,72.772629,21.159669,72.782629,NULL
qdlq278483958,2022-03-21,23:10:00,23:15:00,13.049645,80.242268,13.079645,80.272268,NULL
qdmd977975441,2022-03-03,13:35:00,13:45:00,17.426228,78.407495,17.466228,78.447495,NULL
qdmt426772296,2022-04-02,22:20:00,22:25:00,17.431477,78.400350,17.521477,78.490350,NULL
qdnq747076342,2022-03-16,18:45:00,19:00:00,12.352058,76.606650,12.442058,76.696650,NULL
qdpx162043101,2022-03-07,22:40:00,22:45:00,12.906229,77.596791,12.956229,77.646791,NULL
qdqs225203666,2022-03-18,23:35:00,23:45:00,22.725748,75.898497,22.805747,75.978497,NULL
qdrh424969024,2022-03-20,22:15:00,22:30:00,26.905190,75.810753,26.995190,75.900753,NULL
qdwe915067963,2022-03-06,19:55:00,20:00:00,12.321214,76.621094,12.391214,76.691094,NULL
qdwj722084500,2022-04-05,22:35:00,22:45:00,22.748060,75.893400,22.778060,75.923400,NULL
qdwo416477444,2022-03-23,23:40:00,23:50:00,22.725748,75.898497,22.795748,75.968497,NULL
qdws353421423,2022-03-02,18:10:00,18:25:00,22.722634,75.886959,22.792634,75.956959,NULL
qdxb887579602,2022-03-24,19:25:00,19:30:00,22.651847,75.881991,22.701847,75.931991,NULL
qebb550457670,2022-03-10,21:15:00,21:25:00,17.411028,78.329645,17.541028,78.459645,NULL
qeep244632278,2022-02-14,18:35:00,18:45:00,23.235123,77.398886,23.365123,77.528886,NULL
qees302314143,2022-03-11,15:30:00,15:40:00,26.849596,75.800512,26.889596,75.840512,NULL
qefg170628671,2022-03-21,10:35:00,10:45:00,22.745536,75.893106,22.765536,75.913106,NULL
qegr111735818,2022-03-17,18:30:00,18:40:00,12.337928,76.617889,12.387928,76.667889,NULL
qeii687407598,2022-04-02,19:25:00,19:40:00,26.911378,75.789034,27.051378,75.929034,NULL
qelc093151048,2022-03-26,22:40:00,22:50:00,12.284747,76.625861,12.314747,76.655861,NULL
qels617157669,2022-03-13,16:25:00,16:30:00,12.321214,76.621094,12.361214,76.661094,NULL
qenm000510003,2022-03-10,00:00:00,00:05:00,12.975996,80.221898,13.065996,80.311898,NULL
qenp660643292,2022-02-11,12:35:00,12:45:00,0.000000,0.000000,0.040000,0.040000,NULL
qeqp930384577,2022-03-17,15:25:00,15:40:00,18.551440,73.804855,18.591440,73.844855,NULL
qeqq728186358,2022-03-03,11:15:00,11:30:00,17.458998,78.500366,17.468998,78.510366,NULL
qeru674000616,2022-03-13,17:55:00,18:00:00,18.593481,73.785901,18.643481,73.835901,NULL
qevd627337997,2022-04-04,22:30:00,22:45:00,26.913726,75.752820,27.043726,75.882820,NULL
qewy423454431,2022-03-19,11:50:00,11:55:00,0.000000,0.000000,0.010000,0.010000,NULL
qexg537923832,2022-03-03,22:10:00,22:15:00,21.185047,72.808590,21.245047,72.868590,NULL
qezt047211927,2022-03-23,17:10:00,17:15:00,18.543626,73.905101,18.623626,73.985101,NULL
qfco736678145,2022-03-03,17:50:00,18:00:00,22.744648,75.894377,22.794648,75.944377,NULL
qfcy053716228,2022-03-04,17:55:00,18:10:00,12.949934,77.699386,13.019934,77.769386,NULL
qfgc848777135,2022-03-20,20:40:00,20:50:00,17.426228,78.407495,17.496228,78.477495,NULL
qfhd518656453,2022-03-04,20:45:00,20:50:00,0.000000,0.000000,0.070000,0.070000,NULL
qfhf051178866,2022-03-09,23:45:00,23:55:00,21.157735,72.768778,21.217735,72.828778,NULL
qfhh469246592,2022-04-04,21:50:00,22:05:00,18.530963,73.828972,18.600963,73.898972,NULL
qfip162002059,2022-03-28,17:35:00,17:40:00,11.016298,76.972076,11.046298,77.002076,NULL
qfiv263447801,2022-02-11,09:45:00,10:00:00,15.493950,73.827423,15.513950,73.847423,NULL
qfjm276125557,2022-03-26,16:10:00,16:20:00,19.103249,72.846749,19.143249,72.886749,NULL
qfls579569406,2022-02-11,10:55:00,11:10:00,0.000000,0.000000,0.010000,0.010000,NULL
qflu896902631,2022-03-07,12:45:00,13:00:00,18.546947,73.900626,18.586947,73.940626,NULL
qfmy064911874,2022-03-07,10:10:00,10:15:00,12.970324,77.645748,12.990324,77.665748,NULL
qfnw066693562,2022-03-20,20:55:00,21:05:00,13.029780,80.208812,13.139780,80.318812,NULL
qfoi469142169,2022-03-29,21:45:00,21:55:00,18.593481,73.785901,18.723481,73.915901,NULL
qfqg510847124,2022-03-26,11:40:00,11:55:00,26.849596,75.800512,26.869596,75.820512,NULL
qfqm745632918,2022-03-07,23:15:00,23:20:00,18.551440,73.804855,18.611440,73.864855,NULL
qfqq668307572,2022-03-08,22:10:00,22:15:00,26.891191,75.802083,26.981191,75.892083,NULL
qfrj749367272,2022-02-17,19:15:00,19:25:00,25.457687,81.835585,25.487687,81.865585,NULL
qfrr871914007,2022-02-15,19:40:00,19:45:00,9.960846,76.293936,10.010846,76.343936,NULL
qfvk820431921,2022-03-15,10:15:00,10:25:00,13.054347,80.257221,13.064347,80.267221,NULL
qfyj541215238,2022-03-18,20:15:00,20:30:00,22.751234,75.889490,22.841234,75.979490,NULL
qgav286023534,2022-03-06,19:20:00,19:25:00,12.326356,76.619103,12.436356,76.729103,NULL
qgcm500490114,2022-03-04,20:00:00,20:15:00,11.022169,76.999594,11.112169,77.089594,NULL
qgea422024115,2022-04-03,08:35:00,08:40:00,23.357804,85.325146,23.367804,85.335146,NULL
qgkf209538862,2022-03-13,16:20:00,16:30:00,18.551440,73.804855,18.591440,73.844855,NULL
qgly557953537,2022-02-15,20:55:00,21:10:00,9.970717,76.285447,10.030717,76.345447,NULL
qgmq559488305,2022-02-13,09:45:00,09:55:00,19.879631,75.323403,19.889631,75.333403,NULL
qgot310009298,2022-03-09,22:40:00,22:45:00,26.956431,75.776649,27.016431,75.836649,NULL
qgtb273295710,2022-03-04,21:15:00,21:25:00,12.316967,76.603067,12.426967,76.713067,NULL
qgtl694360016,2022-02-16,22:30:00,22:35:00,23.233219,77.433571,23.343219,77.543571,NULL
qgur692661160,2022-03-30,21:20:00,21:30:00,17.431668,78.408321,17.491668,78.468321,NULL
qgxf180768579,2022-03-21,12:25:00,12:30:00,17.431668,78.408321,17.471668,78.448321,NULL
qgxs529914070,2022-03-21,14:10:00,14:20:00,22.312790,73.170283,22.352790,73.210283,NULL
qgzx015797977,2022-04-01,16:35:00,16:45:00,22.760072,75.892574,22.800072,75.932574,NULL
qhag847896695,2022-03-20,20:00:00,20:10:00,18.536718,73.830327,18.606718,73.900327,NULL
qhau586164432,2022-02-15,15:15:00,15:20:00,30.893234,75.821720,30.933234,75.861720,NULL
qhdf363842607,2022-03-29,20:20:00,20:30:00,13.029780,80.208812,13.099780,80.278812,NULL
qhea476488549,2022-03-06,18:40:00,18:45:00,17.422819,78.449578,17.552819,78.579578,NULL
qhib142288842,2022-03-21,17:30:00,17:35:00,12.913041,77.683237,12.973041,77.743237,NULL
qhie031344455,2022-03-14,22:00:00,22:15:00,19.109300,72.825451,19.239300,72.955451,NULL
qhkg170565051,2022-03-30,11:15:00,11:30:00,11.024839,77.007003,11.044839,77.027003,NULL
qhkl310627317,2022-03-24,22:35:00,22:45:00,22.725748,75.898497,22.755747,75.928497,NULL
qhlg637810622,2022-04-01,17:35:00,17:45:00,22.727021,75.884167,22.787021,75.944167,NULL
qhlh227460627,2022-03-02,21:40:00,21:55:00,26.911378,75.789034,27.041378,75.919034,NULL
qhlt937929480,2022-03-18,17:55:00,18:00:00,19.254567,72.848923,19.364567,72.958923,NULL
qhmc638167529,2022-03-03,08:20:00,08:30:00,18.636215,73.751081,18.646215,73.761081,NULL
qhnt158840924,2022-03-18,19:35:00,19:45:00,19.003517,72.827650,19.093517,72.917650,NULL
qhoi696661657,2022-03-05,23:45:00,23:55:00,0.000000,0.000000,0.060000,0.060000,NULL
qhts484449104,2022-03-24,08:50:00,09:05:00,12.914264,77.678400,12.934264,77.698400,NULL
qhwt643382348,2022-03-06,22:40:00,22:50:00,26.914142,75.805704,26.994142,75.885704,NULL
qhxw976953297,2022-03-27,18:15:00,18:20:00,13.086438,80.220672,13.196438,80.330672,NULL
qhyq994085053,2022-03-05,08:10:00,08:20:00,19.181300,72.836191,19.191300,72.846191,NULL
qibd572188244,2022-03-06,18:35:00,18:40:00,13.049645,80.242268,13.139645,80.332268,NULL
qidl910286061,2022-03-20,23:55:00,00:05:00,18.592718,73.773572,18.722718,73.903572,NULL
qift258867106,2022-03-15,10:55:00,11:10:00,12.323978,76.627961,12.343978,76.647961,NULL
qige236912524,2022-04-06,23:35:00,23:50:00,18.546947,73.900626,18.626947,73.980626,NULL
qige265088336,2022-04-06,18:40:00,18:55:00,0.000000,0.000000,0.070000,0.070000,NULL
qija243369468,2022-03-27,22:35:00,22:40:00,21.173343,72.792731,21.253343,72.872731,NULL
qilj817362621,2022-03-05,18:15:00,18:30:00,0.000000,0.000000,0.050000,0.050000,NULL
qiln535947829,2022-04-05,12:35:00,12:50:00,13.044694,80.261470,13.084694,80.301470,NULL
qint055050628,2022-03-25,20:50:00,20:55:00,22.748060,75.893400,22.818060,75.963400,NULL
qipp069978550,2022-03-27,18:40:00,18:50:00,11.003669,76.976494,11.083669,77.056494,NULL
qitb703470634,2022-03-27,22:35:00,22:50:00,12.933284,77.615428,13.043284,77.725428,NULL
qith021312304,2022-04-03,10:55:00,11:00:00,21.186608,72.794136,21.196608,72.804136,NULL
qiup658763238,2022-02-13,09:20:00,09:30:00,19.874103,75.368419,19.894103,75.388419,NULL
qiuy817789680,2022-03-03,23:10:00,23:15:00,18.546947,73.900626,18.576947,73.930626,NULL
qiyd462941127,2022-04-01,19:40:00,19:50:00,13.027018,80.254791,13.087018,80.314791,NULL
qjas478117356,2022-03-03,11:00:00,11:05:00,12.906229,77.596791,12.926229,77.616791,NULL
qjbv147392659,2022-03-17,15:40:00,15:50:00,0.000000,0.000000,0.040000,0.040000,NULL
qjbw482597832,2022-02-17,11:25:00,11:30:00,0.000000,0.000000,0.020000,0.020000,NULL
qjhs243963726,2022-03-06,20:40:00,20:55:00,21.183434,72.814492,21.313434,72.944492,NULL
qjpa146608727,2022-02-13,21:10:00,21:20:00,25.451646,81.832796,25.501646,81.882796,NULL
qjqc673873546,2022-03-07,14:00:00,14:15:00,13.064181,80.236442,13.104181,80.276442,NULL
qjrj557704770,2022-04-05,19:15:00,19:25:00,22.745049,75.892471,22.795049,75.942471,NULL
qjrr639819623,2022-04-01,21:15:00,21:20:00,0.000000,0.000000,0.060000,0.060000,NULL
qjxe906305492,2022-03-21,13:15:00,13:20:00,12.913041,77.683237,12.953041,77.723237,NULL
qkbd561988826,2022-03-24,09:55:00,10:05:00,18.551440,73.804855,18.571440,73.824855,NULL
qkbo237347883,2022-04-02,19:25:00,19:40:00,19.055831,72.833984,19.185831,72.963984,NULL
qkdd405322484,2022-04-05,20:35:00,20:40:00,21.170096,72.789122,21.200096,72.819122,NULL
qkez907615444,2022-03-01,08:15:00,08:25:00,12.978453,77.643685,12.998453,77.663685,NULL
qkiq165480717,2022-03-07,20:50:00,20:55:00,22.750040,75.902847,22.780040,75.932847,NULL
qkjb993790908,2022-03-16,20:55:00,21:05:00,0.000000,0.000000,0.080000,0.080000,NULL
qkng540588833,2022-02-12,23:25:00,23:40:00,30.885915,75.788259,30.995915,75.898259,NULL
qkon225781543,2022-04-05,17:25:00,17:35:00,12.979096,77.640625,13.039096,77.700625,NULL
qkpb161338666,2022-02-18,19:10:00,19:15:00,10.027014,76.308053,10.117014,76.398053,NULL
qkqo103077339,2022-04-04,20:25:00,20:30:00,23.351058,85.325731,23.421058,85.395731,NULL
qkrw745826268,2022-03-11,19:50:00,20:05:00,10.961850,76.971082,10.991850,77.001082,NULL
qktr976167596,2022-04-01,08:50:00,09:05:00,17.431668,78.408321,17.441668,78.418321,NULL
qkux956576156,2022-02-16,19:00:00,19:05:00,30.328174,78.049117,30.438174,78.159117,NULL
qkwq310213954,2022-04-03,23:35:00,23:40:00,12.933298,77.614293,12.983298,77.664293,NULL
qkwr342476628,2022-04-03,19:25:00,19:30:00,12.939496,77.625999,12.969496,77.655999,NULL
qkxu552257501,2022-02-13,19:45:00,19:50:00,15.513150,73.783460,15.563150,73.833460,NULL
qkye538823958,2022-03-18,23:45:00,23:50:00,13.029198,77.570997,13.159198,77.700997,NULL
qkzu509599586,2022-02-18,22:20:00,22:25:00,27.157772,78.047250,27.287772,78.177250,NULL
qlau490246196,2022-03-06,20:50:00,21:05:00,18.551440,73.804855,18.621440,73.874855,NULL
qlcd734854709,2022-04-06,18:00:00,18:10:00,12.933298,77.614293,13.043298,77.724293,NULL
qlgu165871403,2022-04-05,11:15:00,11:25:00,21.183434,72.814492,21.193434,72.824492,NULL
qlji581686592,2022-03-29,18:25:00,18:30:00,12.325461,76.632278,12.455461,76.762278,NULL
qlkf816932680,2022-03-11,10:45:00,10:50:00,17.410371,78.437225,17.430371,78.457225,NULL
qlmo584408890,2022-03-31,21:40:00,21:45:00,21.175975,72.795503,21.305975,72.925503,NULL
qlor466719853,2022-03-30,21:35:00,21:45:00,13.005801,80.250744,13.055801,80.300744,NULL
qlpd785711358,2022-03-13,08:20:00,08:25:00,22.725835,75.887648,22.745835,75.907648,NULL
qlri288986283,2022-02-12,22:50:00,22:55:00,30.899992,75.831338,31.039992,75.971338,NULL
qlsv359326350,2022-03-07,19:30:00,19:40:00,12.979166,77.640709,13.039166,77.700709,NULL
qlwb034002524,2022-03-13,22:55:00,23:00:00,11.024839,77.007003,11.084839,77.067003,NULL
qlwx731170658,2022-04-03,09:20:00,09:25:00,18.927584,72.832585,18.947584,72.852585,NULL
qlxd233412275,2022-02-11,19:25:00,19:30:00,30.361281,78.068022,30.421281,78.128022,NULL
qlzy304441179,2022-03-12,17:30:00,17:35:00,22.761226,75.887522,22.871226,75.997522,NULL
qmbn123865530,2022-03-07,10:10:00,10:20:00,12.913041,77.683237,12.923041,77.693237,NULL
qmbt752072094,2022-02-18,21:40:00,21:55:00,0.000000,0.000000,0.110000,0.110000,NULL
qmcf925449091,2022-03-29,21:10:00,21:25:00,19.178321,72.834715,19.248321,72.904715,NULL
qmck264726855,2022-03-28,17:25:00,17:35:00,0.000000,0.000000,0.050000,0.050000,NULL
qmfo740259655,2022-02-13,17:10:00,17:20:00,27.163303,78.057044,27.193303,78.087044,NULL
qmhd549651002,2022-03-13,15:15:00,15:25:00,18.562450,73.916619,18.602450,73.956619,NULL
qmjh777621315,2022-02-12,20:55:00,21:10:00,22.569367,88.433187,22.639367,88.503187,NULL
qmkg717374367,2022-03-05,20:35:00,20:45:00,17.433809,78.386744,17.463809,78.416744,NULL
qmkr792155372,2022-02-17,10:00:00,10:15:00,15.576683,73.755750,15.586683,73.765750,NULL
qmkt393995790,2022-03-01,08:15:00,08:20:00,13.029780,80.208812,13.049780,80.228812,NULL
qmpt145946527,2022-03-28,10:25:00,10:40:00,13.049645,80.242268,13.059645,80.252268,NULL
qmuu254981257,2022-03-01,23:50:00,00:00:00,13.049645,80.242268,13.079645,80.272268,NULL
qmzi067807496,2022-04-01,11:20:00,11:30:00,21.149834,72.778666,21.159834,72.788666,NULL
qmzk801359166,2022-03-13,21:55:00,22:05:00,12.981615,80.231598,13.011615,80.261598,NULL
qnba199727048,2022-03-26,11:50:00,12:05:00,12.308500,76.665808,12.328500,76.685808,NULL
qnck653020806,2022-03-20,18:35:00,18:50:00,11.025083,77.015393,11.115083,77.105393,NULL
qncs412122443,2022-03-05,09:10:00,09:20:00,21.160437,72.774209,21.170437,72.784209,NULL
qnec411812170,2022-02-12,23:35:00,23:50:00,0.000000,0.000000,0.090000,0.090000,NULL
qnfb053966628,2022-03-06,19:20:00,19:25:00,12.980410,77.640489,13.090410,77.750489,NULL
qnht214154545,2022-03-28,12:45:00,13:00:00,12.934179,77.615797,12.974179,77.655797,NULL
qnis458491898,2022-02-15,17:20:00,17:30:00,25.452350,81.841889,25.512350,81.901889,NULL
qnle672601244,2022-04-01,19:40:00,19:45:00,13.022394,80.242439,13.052394,80.272439,NULL
qnlf661370819,2022-03-07,15:15:00,15:30:00,22.308096,73.167753,22.348096,73.207753,NULL
qnmz801440547,2022-03-04,23:40:00,23:55:00,21.171060,72.789292,21.261060,72.879292,NULL
qnon721484534,2022-03-23,22:50:00,23:05:00,13.027018,80.254791,13.137018,80.364791,NULL
qnsb448805142,2022-03-17,18:35:00,18:40:00,22.310329,73.169083,22.360329,73.219083,NULL
qnsg149020163,2022-04-02,23:55:00,00:05:00,19.178321,72.834715,19.288321,72.944715,NULL
qnud249233846,2022-03-07,22:20:00,22:25:00,21.175975,72.795503,21.205975,72.825503,NULL
qnuz236638572,2022-04-04,23:55:00,00:00:00,21.152760,72.778059,21.232760,72.858059,NULL
qnwk753395424,2022-02-14,21:20:00,21:35:00,30.890184,75.829615,31.000184,75.939615,NULL
qnwn327101687,2022-03-12,19:30:00,19:40:00,12.979096,77.640625,13.109096,77.770625,NULL
qnzw032334170,2022-03-03,19:45:00,20:00:00,12.986047,80.218114,13.016047,80.248114,NULL
qoal881149457,2022-03-01,21:40:00,21:50:00,11.020910,76.940432,11.080910,77.000432,NULL
qobl773739705,2022-04-02,18:10:00,18:20:00,26.892312,75.806896,27.032312,75.946896,NULL
qobn166536512,2022-03-21,10:00:00,10:10:00,12.975377,77.696664,12.985377,77.706664,NULL
qodg716991505,2022-03-01,18:35:00,18:45:00,26.892312,75.806896,26.922313,75.836896,NULL
qogd095684875,2022-03-23,20:45:00,21:00:00,12.323994,76.626167,12.393994,76.696167,NULL
qoij311173971,2022-03-05,19:40:00,19:45:00,23.359194,85.325447,23.389194,85.355447,NULL
qoim365103108,2022-03-25,20:40:00,20:55:00,13.029198,77.570997,13.099198,77.640997,NULL
qoiq054923014,2022-04-04,22:25:00,22:35:00,19.103249,72.846749,19.183249,72.926749,NULL
qoji387811100,2022-03-26,14:10:00,14:15:00,12.970221,77.645396,13.010221,77.685396,NULL
qokc022601303,2022-03-20,22:40:00,22:45:00,17.483216,78.552111,17.573216,78.642111,NULL
qoqh544995071,2022-04-01,00:00:00,00:15:00,12.933298,77.614293,12.993298,77.674293,NULL
qoqz991377461,2022-02-16,23:50:00,00:05:00,30.873988,75.842739,30.953988,75.922739,NULL
qovb757247315,2022-02-12,23:35:00,23:45:00,30.327968,78.046106,30.457968,78.176106,NULL
qoxp342039689,2022-02-15,18:45:00,18:50:00,26.473698,80.352677,26.503698,80.382677,NULL
qpar347071208,2022-03-25,18:10:00,18:15:00,18.927584,72.832585,19.057584,72.962585,NULL
qpda489582651,2022-02-17,17:40:00,17:45:00,26.492106,80.327797,26.552106,80.387797,NULL
qpev809948790,2022-03-12,22:35:00,22:45:00,11.022169,76.999594,11.132169,77.109594,NULL
qpgp954149325,2022-03-01,22:45:00,22:55:00,11.003669,76.976494,11.063669,77.036494,NULL
qphf884454355,2022-03-20,18:15:00,18:20:00,26.766536,75.837333,26.896536,75.967333,NULL
qpiy817598544,2022-03-07,22:50:00,23:05:00,11.003681,76.975525,11.053681,77.025525,NULL
qpja502522935,2022-03-18,23:30:00,23:35:00,19.003517,72.827650,19.083517,72.907650,NULL
qpnk382163918,2022-03-27,22:15:00,22:20:00,13.022394,80.242439,13.132394,80.352439,NULL
qpqb113436782,2022-02-13,14:50:00,15:05:00,15.585658,73.743606,15.625658,73.783606,NULL
qpqk179928568,2022-03-20,22:35:00,22:50:00,13.022394,80.242439,13.092394,80.312439,NULL
qpqz375035016,2022-03-30,10:30:00,10:35:00,17.412330,78.449654,17.422330,78.459654,NULL
qprf815860000,2022-03-24,09:30:00,09:45:00,13.026286,80.275235,13.046286,80.295235,NULL
qpru149384353,2022-02-15,11:40:00,11:50:00,15.569600,73.742294,15.589600,73.762294,NULL
qpsn001936069,2022-03-30,11:25:00,11:40:00,0.000000,0.000000,0.010000,0.010000,NULL
qpur313182198,2022-03-01,17:10:00,17:25:00,12.304569,76.643622,12.334569,76.673622,NULL
qpvu786501080,2022-02-15,17:40:00,17:45:00,9.988483,76.295211,10.048483,76.355211,NULL
qpxp897838656,2022-02-12,23:20:00,23:30:00,30.361281,78.068022,30.501281,78.208022,NULL
qqax243454193,2022-04-02,22:35:00,22:40:00,21.186438,72.794115,21.256438,72.864115,NULL
qqjl805129936,2022-03-15,08:20:00,08:25:00,26.849596,75.800512,26.859596,75.810512,NULL
qqka544757253,2022-03-27,19:35:00,19:40:00,18.530963,73.828972,18.620963,73.918972,NULL
qqli096833670,2022-03-26,18:55:00,19:00:00,19.131141,72.813074,19.161140,72.843074,NULL
qqnz178337086,2022-03-12,22:25:00,22:40:00,26.911927,75.797282,26.981927,75.867282,NULL
qqod980010422,2022-03-13,19:25:00,19:40:00,19.181300,72.836191,19.241300,72.896191,NULL
qqra913184917,2022-03-02,23:55:00,00:10:00,19.221315,72.862381,19.331315,72.972381,NULL
qqrn447366247,2022-04-06,17:45:00,18:00:00,12.297954,76.665169,12.367954,76.735169,NULL
qqru586531588,2022-03-01,09:40:00,09:45:00,13.045479,80.233110,13.055479,80.243110,NULL
qqzf648044793,2022-03-30,19:10:00,19:25:00,23.353783,85.326967,23.383783,85.356967,NULL
qqzh831445334,2022-04-04,23:45:00,23:55:00,18.554382,73.798206,18.634382,73.878206,NULL
qrcj246043049,2022-03-03,12:30:00,12:35:00,19.176269,72.836721,19.216269,72.876721,NULL
qrdw529626873,2022-03-26,21:40:00,21:50:00,23.369746,85.339820,23.429746,85.399820,NULL
qrfy448938035,2022-03-28,20:45:00,20:55:00,11.022298,76.998349,11.072298,77.048349,NULL
qrgy027963729,2022-02-11,10:25:00,10:30:00,30.893234,75.821720,30.903234,75.831720,NULL
qrhd625868895,2022-03-14,19:10:00,19:15:00,12.979166,77.640709,13.049166,77.710709,NULL
qrih193610931,2022-03-14,21:20:00,21:30:00,26.913483,75.803139,27.053483,75.943139,NULL
qril670304968,2022-03-11,08:45:00,08:55:00,0.000000,0.000000,0.010000,0.010000,NULL
qrnd234344751,2022-04-04,21:40:00,21:55:00,18.546947,73.900626,18.656947,74.010626,NULL
qrng205617369,2022-03-12,17:45:00,18:00:00,12.933298,77.614293,13.023298,77.704293,NULL
qrny080294874,2022-03-01,08:10:00,08:25:00,23.359407,85.325055,23.379407,85.345055,NULL
qrpe929516954,2022-03-20,23:00:00,23:10:00,26.913987,75.752891,27.003987,75.842891,NULL
qrqb417247451,2022-04-01,21:35:00,21:40:00,13.066762,80.251865,13.096762,80.281865,NULL
qrtc023496456,2022-03-07,21:35:00,21:40:00,17.438263,78.397865,17.468263,78.427865,NULL
qrvs494583868,2022-03-31,20:00:00,20:10:00,26.913987,75.752891,26.983987,75.822891,NULL
qrxb815873325,2022-03-20,21:20:00,21:35:00,11.026117,76.944652,11.156117,77.074652,NULL
qryn433206348,2022-03-28,20:40:00,20:45:00,23.351489,85.324253,23.401489,85.374253,NULL
qryt779506952,2022-04-03,11:10:00,11:25:00,18.994049,72.825203,19.004049,72.835203,NULL
qrzj427928057,2022-02-11,10:35:00,10:50:00,26.479108,80.315042,26.499108,80.335042,NULL
qsbn999493735,2022-03-10,23:35:00,23:45:00,22.751234,75.889490,22.821234,75.959490,NULL
qsbz746027087,2022-04-03,18:55:00,19:00:00,23.374878,85.335739,23.434878,85.395739,NULL
qsip740156958,2022-02-13,18:45:00,18:55:00,30.895817,75.813112,30.955817,75.873112,NULL
qsmo052452160,2022-03-11,19:25:00,19:40:00,26.905190,75.810753,26.955190,75.860753,NULL
qsnd826483140,2022-02-15,09:50:00,09:55:00,30.914057,75.839820,30.934057,75.859820,NULL
qsnw285668064,2022-04-06,23:40:00,23:50:00,23.399250,85.390464,23.529250,85.520464,NULL
qsod638020489,2022-03-29,21:15:00,21:25:00,12.933298,77.614293,13.003298,77.684293,NULL
qsqp497381896,2022-03-18,22:30:00,22:35:00,26.913987,75.752891,27.043987,75.882891,NULL
qstz473549860,2022-02-13,15:55:00,16:00:00,0.000000,0.000000,0.040000,0.040000,NULL
qsut465210846,2022-03-27,18:40:00,18:45:00,12.972532,77.608179,13.052532,77.688179,NULL
qsvf157857226,2022-03-30,19:50:00,20:05:00,11.010375,76.952950,11.040375,76.982950,NULL
qsvr512827251,2022-03-30,08:20:00,08:25:00,22.307898,73.167788,22.317898,73.177788,NULL
qswz479885333,2022-03-25,20:45:00,21:00:00,22.732225,75.874765,22.812225,75.954765,NULL
qsyf140328539,2022-04-05,15:10:00,15:15:00,12.326356,76.619103,12.366356,76.659103,NULL
qsyq438659561,2022-04-01,13:15:00,13:25:00,26.902328,75.794257,26.942328,75.834257,NULL
qsze219996675,2022-03-23,23:25:00,23:35:00,26.891191,75.802083,27.001191,75.912083,NULL
qtbe040116279,2022-04-05,20:10:00,20:20:00,12.914264,77.678400,12.944264,77.708400,NULL
qtbw862709467,2022-04-03,20:10:00,20:20:00,21.185047,72.808590,21.215047,72.838590,NULL
qtch434702220,2022-02-18,20:50:00,21:05:00,27.158822,78.045359,27.248822,78.135359,NULL
qtcu549262197,2022-03-29,22:35:00,22:50:00,12.323194,76.630583,12.453194,76.760583,NULL
qtcy538050582,2022-04-06,22:15:00,22:30:00,21.170798,72.790489,21.240798,72.860489,NULL
qtec749301548,2022-03-08,20:20:00,20:25:00,23.416792,85.316842,23.496792,85.396842,NULL
qthn147451965,2022-03-02,19:25:00,19:40:00,12.933298,77.614293,13.043298,77.724293,NULL
qthu769799255,2022-03-19,16:45:00,16:55:00,12.337928,76.617889,12.377928,76.657889,NULL
qtjf904179307,2022-03-25,17:15:00,17:30:00,21.171060,72.789292,21.251060,72.869292,NULL
qtmn734846566,2022-03-23,22:00:00,22:15:00,18.551440,73.804855,18.641440,73.894855,NULL
qtnx562180382,2022-03-14,21:35:00,21:40:00,13.066762,80.251865,13.156762,80.341865,NULL
qtpb263391509,2022-03-09,18:35:00,18:40:00,19.178321,72.834715,19.208321,72.864715,NULL
qtpq151622365,2022-03-01,20:10:00,20:25:00,11.003681,76.975525,11.053681,77.025525,NULL
qtry133857933,2022-02-13,19:35:00,19:40:00,23.218998,77.373573,23.248998,77.403573,NULL
qtsl812793869,2022-03-04,17:25:00,17:40:00,12.939496,77.625999,13.049496,77.735999,NULL
qtxw487178641,2022-03-04,18:25:00,18:40:00,22.725835,75.887648,22.795835,75.957648,NULL
qtzp549260599,2022-04-04,23:35:00,23:45:00,22.722634,75.886959,22.802634,75.966959,NULL
qubx864187951,2022-03-15,13:30:00,13:40:00,0.000000,0.000000,0.040000,0.040000,NULL
quez127827145,2022-02-11,23:00:00,23:15:00,27.160934,78.044095,27.190934,78.074095,NULL
qukm646535645,2022-04-03,09:10:00,09:20:00,12.986047,80.218114,12.996047,80.228114,NULL
quko271483464,2022-03-08,19:50:00,19:55:00,12.906229,77.596791,12.986229,77.676791,NULL
qukp998606623,2022-04-03,14:30:00,14:40:00,13.026279,80.174568,13.066279,80.214568,NULL
qulw092600442,2022-02-14,21:10:00,21:15:00,22.538731,88.364878,22.668731,88.494878,NULL
qumc148839371,2022-03-15,10:40:00,10:45:00,18.593481,73.785901,18.613481,73.805901,NULL
qunv521979405,2022-03-29,18:40:00,18:50:00,19.131141,72.813074,19.261140,72.943074,NULL
qupd691357930,2022-04-01,17:15:00,17:25:00,22.308096,73.167753,22.338096,73.197753,NULL
quqc621517216,2022-03-03,15:25:00,15:35:00,26.849596,75.800512,26.889596,75.840512,NULL
quqk349162459,2022-03-23,23:30:00,23:35:00,0.000000,0.000000,0.080000,0.080000,NULL
quqx542148214,2022-03-26,11:10:00,11:20:00,11.016298,76.972076,11.036298,76.992076,NULL
quqx824086719,2022-03-05,16:40:00,16:50:00,10.994136,76.963303,11.034136,77.003303,NULL
qutz496405438,2022-03-03,17:35:00,17:45:00,13.005801,80.250744,13.035801,80.280744,NULL
quua577413868,2022-02-15,10:50:00,11:00:00,30.893234,75.821720,30.903234,75.831720,NULL
quwm079528210,2022-03-16,20:55:00,21:10:00,11.024839,77.007003,11.094839,77.077003,NULL
quxv408589982,2022-03-31,21:15:00,21:30:00,22.761593,75.886362,22.891593,76.016362,NULL
qvdo219033912,2022-02-16,20:20:00,20:35:00,0.000000,0.000000,0.070000,0.070000,NULL
qvdz133448268,2022-03-02,18:40:00,18:55:00,22.310237,73.158921,22.390237,73.238921,NULL
qvfd540651807,2022-03-12,23:20:00,23:30:00,21.160522,72.771477,21.250522,72.861477,NULL
qvmo427825350,2022-03-12,20:55:00,21:00:00,17.431477,78.400350,17.521477,78.490350,NULL
qvor074638300,2022-03-11,19:35:00,19:45:00,12.914264,77.678400,12.974264,77.738400,NULL
qvpj948009555,2022-03-07,15:25:00,15:30:00,21.160522,72.771477,21.200522,72.811477,NULL
qvtt080263191,2022-03-14,21:30:00,21:35:00,18.533811,73.899315,18.603811,73.969315,NULL
qvwm726036374,2022-04-01,14:40:00,14:45:00,22.310237,73.158921,22.350237,73.198921,NULL
qvxw425372816,2022-03-27,21:15:00,21:25:00,12.352058,76.606650,12.422058,76.676650,NULL
qvzu061713846,2022-03-05,23:15:00,23:20:00,26.911378,75.789034,26.961378,75.839034,NULL
qwag588412263,2022-03-18,21:55:00,22:00:00,13.081878,80.248519,13.171878,80.338519,NULL
qwdd043629774,2022-03-13,16:55:00,17:00:00,12.310972,76.659264,12.350972,76.699264,NULL
qwfp883214057,2022-04-06,23:35:00,23:50:00,17.438263,78.397865,17.518263,78.477865,NULL
qwhy248010246,2022-02-12,21:40:00,21:50:00,9.970717,76.285447,10.060717,76.375447,NULL
qwiz379969770,2022-04-02,18:30:00,18:35:00,13.054347,80.257221,13.144347,80.347221,NULL
qwmh144707871,2022-03-01,08:10:00,08:25:00,12.970324,77.645748,12.990324,77.665748,NULL
qwmr191038967,2022-03-05,09:35:00,09:50:00,26.956431,75.776649,26.966431,75.786649,NULL
qwnw002467175,2022-03-16,21:35:00,21:40:00,18.514210,73.838429,18.584210,73.908429,NULL
qwob207561222,2022-03-23,22:15:00,22:30:00,18.927584,72.832585,19.007584,72.912585,NULL
qwqc377404233,2022-03-07,21:55:00,22:10:00,17.440827,78.393391,17.490827,78.443391,NULL
qwqq977308565,2022-03-20,18:50:00,19:00:00,23.357804,85.325146,23.437804,85.405146,NULL
qwsv865982900,2022-03-12,19:20:00,19:30:00,22.744648,75.894377,22.874648,76.024377,NULL
qwsx094298036,2022-03-07,23:00:00,23:10:00,22.725748,75.898497,22.775748,75.948497,NULL
qwti072845126,2022-03-19,08:25:00,08:40:00,19.065838,72.832658,19.085838,72.852658,NULL
qwtz585923442,2022-04-04,22:10:00,22:25:00,12.326356,76.619103,12.436356,76.729103,NULL
qwxi288156491,2022-02-18,19:10:00,19:25:00,10.006881,76.345397,10.086881,76.425397,NULL
qxcl605352062,2022-03-15,17:35:00,17:50:00,21.186608,72.794136,21.236608,72.844136,NULL
qxdf733853473,2022-03-18,20:50:00,21:05:00,12.323978,76.627961,12.393978,76.697961,NULL
qxdh017863143,2022-03-05,20:00:00,20:15:00,11.022298,76.998349,11.082298,77.058349,NULL
qxeq737779011,2022-03-27,20:20:00,20:35:00,17.429585,78.392621,17.519585,78.482621,NULL
qxfu042992919,2022-03-15,22:30:00,22:40:00,12.975996,80.221898,13.025996,80.271898,NULL
qxho818242974,2022-03-08,19:20:00,19:30:00,18.546947,73.900626,18.676947,74.030626,NULL
qxls217077415,2022-03-08,22:20:00,22:35:00,18.593481,73.785901,18.683481,73.875901,NULL
qxmf486318579,2022-03-13,22:55:00,23:10:00,13.029780,80.208812,13.079780,80.258812,NULL
qxqf289340851,2022-02-15,20:00:00,20:10:00,15.498603,73.826911,15.548603,73.876911,NULL
qxsn108867077,2022-03-16,18:40:00,18:45:00,21.160522,72.771477,21.230522,72.841477,NULL
qxxo353080796,2022-03-21,22:55:00,23:05:00,19.223840,72.841347,19.253840,72.871347,NULL
qxxx466159637,2022-03-01,08:35:00,08:40:00,22.651847,75.881991,22.661847,75.891991,NULL
qxye756607356,2022-04-02,21:45:00,22:00:00,10.961850,76.971082,11.071850,77.081082,NULL
qxys417941155,2022-04-02,22:10:00,22:15:00,12.334022,76.618203,12.464022,76.748203,NULL
qyea015710074,2022-03-09,23:20:00,23:25:00,12.323978,76.627961,12.383978,76.687961,NULL
qyen760255141,2022-03-16,18:00:00,18:05:00,21.149669,72.772629,21.279669,72.902629,NULL
qyfz383031721,2022-02-17,21:45:00,21:50:00,26.473698,80.352677,26.533698,80.412677,NULL
qyjd795276618,2022-03-10,19:20:00,19:25:00,22.751234,75.889490,22.881234,76.019490,NULL
qykz100710953,2022-03-14,21:40:00,21:55:00,11.022477,76.995667,11.132477,77.105667,NULL
qymv083550291,2022-03-03,11:45:00,11:50:00,17.410371,78.437225,17.420371,78.447225,NULL
qynu046792210,2022-03-27,17:25:00,17:30:00,12.972532,77.608179,13.102532,77.738179,NULL
qypg944677791,2022-02-11,21:55:00,22:05:00,10.027014,76.308053,10.087014,76.368053,NULL
qysc485426855,2022-02-13,11:50:00,12:05:00,30.895817,75.813112,30.915817,75.833112,NULL
qysd279509654,2022-03-26,19:20:00,19:25:00,0.000000,0.000000,0.060000,0.060000,NULL
qzdk575008241,2022-03-15,20:35:00,20:45:00,17.438263,78.397865,17.498263,78.457865,NULL
qzfb876735492,2022-03-26,11:15:00,11:20:00,13.091809,80.219104,13.101809,80.229104,NULL
qzmr526767660,2022-03-26,19:10:00,19:15:00,22.311844,73.165081,22.371844,73.225081,NULL
qzrc535828277,2022-02-12,18:40:00,18:50:00,15.303897,73.914336,15.373897,73.984336,NULL
qzrn140670573,2022-03-31,20:00:00,20:10:00,23.351058,85.325731,23.461058,85.435731,NULL
qzrx615200505,2022-03-17,17:55:00,18:10:00,19.207222,72.972281,19.237222,73.002281,NULL
qzsz347788384,2022-04-03,12:15:00,12:25:00,23.351489,85.324253,23.391489,85.364253,NULL
qztl376586162,2022-03-01,17:30:00,17:35:00,19.103249,72.846749,19.163249,72.906749,NULL
qztp806379425,2022-03-16,23:20:00,23:35:00,17.424114,78.347554,17.554114,78.477554,NULL
qzuo867650289,2022-03-14,23:00:00,23:15:00,22.751857,75.866699,22.861857,75.976699,NULL
qzve473103395,2022-04-02,17:20:00,17:30:00,19.091458,72.827808,19.201458,72.937808,NULL
qzzo277289265,2022-03-21,10:45:00,10:55:00,11.022477,76.995667,11.032477,77.005667,NULL
raad645182358,2022-03-26,08:50:00,09:05:00,17.433809,78.386744,17.453809,78.406744,NULL
raam393569596,2022-03-19,22:50:00,23:00:00,18.536562,73.896485,18.566562,73.926485,NULL
raan521452479,2022-03-19,15:20:00,15:30:00,26.766536,75.837333,26.806536,75.877333,NULL
raas096094566,2022-04-03,14:50:00,15:00:00,23.351058,85.325731,23.391058,85.365731,NULL
rabu202619192,2022-02-11,11:10:00,11:25:00,26.482419,80.320939,26.502419,80.340939,NULL
raca340985178,2022-02-12,23:15:00,23:25:00,0.000000,0.000000,0.110000,0.110000,NULL
racd425935969,2022-03-18,18:45:00,18:55:00,22.311844,73.165081,22.381844,73.235081,NULL
rajn107337008,2022-03-18,18:25:00,18:30:00,18.546258,73.904337,18.676258,74.034337,NULL
ralk610026194,2022-04-04,20:00:00,20:10:00,26.913483,75.803139,27.023483,75.913139,NULL
rapw020728416,2022-03-14,22:25:00,22:30:00,22.728163,75.884212,22.798163,75.954212,NULL
raqh783678352,2022-03-21,22:00:00,22:10:00,22.728163,75.884212,22.788163,75.944212,NULL
rarh555402225,2022-03-23,20:40:00,20:50:00,26.849596,75.800512,26.929596,75.880512,NULL
ravx047657672,2022-03-04,19:25:00,19:30:00,21.183434,72.814492,21.313434,72.944492,NULL
rawa501452257,2022-03-26,15:45:00,15:55:00,22.732225,75.874765,22.772225,75.914765,NULL
rbci885302067,2022-03-01,15:40:00,15:50:00,12.352058,76.606650,12.392058,76.646650,NULL
rbef101747591,2022-03-03,11:30:00,11:40:00,18.592718,73.773572,18.612718,73.793572,NULL
rbeq329910380,2022-03-28,13:10:00,13:20:00,13.081878,80.248519,13.121878,80.288519,NULL
rbfe187517457,2022-03-10,20:45:00,21:00:00,26.956431,75.776649,27.046431,75.866649,NULL
rbfn677773581,2022-04-06,21:10:00,21:15:00,22.744648,75.894377,22.814648,75.964377,NULL
rbip283348847,2022-02-12,23:25:00,23:35:00,15.561295,73.749478,15.651295,73.839478,NULL
rbiv368919286,2022-04-05,18:40:00,18:45:00,22.307898,73.167788,22.367898,73.227788,NULL
rbmw178689152,2022-03-25,23:10:00,23:25:00,18.562450,73.916619,18.642450,73.996619,NULL
rbmy555481921,2022-03-11,00:00:00,00:10:00,13.044694,80.261470,13.094694,80.311470,NULL
rbpf420170338,2022-03-03,13:30:00,13:45:00,21.160437,72.774209,21.200437,72.814209,NULL
rbtg830966793,2022-04-05,15:45:00,15:50:00,26.849596,75.800512,26.889596,75.840512,NULL
rbtp001288186,2022-03-10,20:10:00,20:15:00,12.337978,76.616792,12.447978,76.726792,NULL
rbtr101552393,2022-02-15,17:20:00,17:25:00,9.991703,76.293136,10.051703,76.353136,NULL
rbvw350017323,2022-03-18,17:15:00,17:30:00,18.514210,73.838429,18.604210,73.928429,NULL
rbwu674894564,2022-03-16,19:55:00,20:00:00,13.086438,80.220672,13.196438,80.330672,NULL
rbxp135564227,2022-03-07,22:00:00,22:10:00,21.186438,72.794115,21.236438,72.844115,NULL
rbxt827666025,2022-03-25,17:50:00,18:05:00,21.186884,72.793616,21.256884,72.863616,NULL
rbyr324569866,2022-03-30,08:50:00,09:05:00,13.081878,80.248519,13.101878,80.268519,NULL
rbzk606295253,2022-03-14,22:10:00,22:25:00,23.359033,85.325347,23.439033,85.405347,NULL
rbzs247948783,2022-03-24,11:40:00,11:50:00,21.171060,72.789292,21.181060,72.799292,NULL
rbzt855851680,2022-03-18,23:10:00,23:25:00,0.000000,0.000000,0.090000,0.090000,NULL
rccf416622433,2022-03-04,20:00:00,20:10:00,13.058616,80.264151,13.168616,80.374151,NULL
rcdc469781106,2022-03-14,23:00:00,23:10:00,11.003681,76.975525,11.093681,77.065525,NULL
rcen698171831,2022-03-20,18:15:00,18:25:00,21.149669,72.772629,21.219669,72.842629,NULL
rcew361651429,2022-02-13,14:25:00,14:35:00,9.988483,76.295211,10.028483,76.335211,NULL
rcke022449844,2022-03-17,14:30:00,14:35:00,12.913041,77.683237,12.953041,77.723237,NULL
rcqa817728969,2022-03-25,23:25:00,23:30:00,22.745536,75.893106,22.815536,75.963106,NULL
rcso028240979,2022-03-04,17:40:00,17:50:00,13.026286,80.275235,13.156286,80.405235,NULL
rctw827297465,2022-03-26,13:45:00,14:00:00,18.534080,73.898520,18.574080,73.938520,NULL
rdbb170154052,2022-03-07,15:15:00,15:25:00,11.010375,76.952950,11.050375,76.992950,NULL
rdbi016118021,2022-03-02,19:20:00,19:30:00,12.323994,76.626167,12.453994,76.756167,NULL
rdbq876789050,2022-03-14,22:00:00,22:10:00,26.902328,75.794257,26.972328,75.864257,NULL
rdfj079101370,2022-03-10,22:10:00,22:25:00,11.001753,76.986241,11.111753,77.096241,NULL
rdhc131315007,2022-03-31,23:20:00,23:30:00,11.000762,76.981876,11.130762,77.111876,NULL
rdhf321110952,2022-03-17,19:15:00,19:30:00,0.000000,0.000000,0.050000,0.050000,NULL
rdka048389127,2022-04-05,19:10:00,19:25:00,13.027018,80.254791,13.057018,80.284791,NULL
rdmf779080198,2022-02-11,19:45:00,19:50:00,0.000000,0.000000,0.030000,0.030000,NULL
rdny742389954,2022-03-10,18:25:00,18:35:00,26.888420,75.800689,26.998420,75.910689,NULL
rdoe175515804,2022-03-23,19:25:00,19:35:00,12.914264,77.678400,12.984264,77.748400,NULL
rdqo101220159,2022-04-05,12:45:00,12:55:00,22.753839,75.897429,22.793838,75.937429,NULL
rdrh288788400,2022-02-15,21:40:00,21:50:00,19.875522,75.367127,19.935522,75.427127,NULL
rdrh699907821,2022-03-04,21:35:00,21:45:00,23.355164,85.324097,23.465164,85.434097,NULL
rdsj212098955,2022-03-20,17:25:00,17:40:00,18.994237,72.825553,19.124237,72.955553,NULL
rdsq833474929,2022-03-06,20:15:00,20:30:00,26.913726,75.752820,27.003726,75.842821,NULL
rdus129341681,2022-03-29,20:55:00,21:00:00,17.411028,78.329645,17.541028,78.459645,NULL
reaf462809658,2022-02-17,13:45:00,13:55:00,19.876428,75.364792,19.916428,75.404792,NULL
refh410818329,2022-03-07,20:30:00,20:40:00,11.021278,76.995017,11.081278,77.055017,NULL
rejh366904318,2022-03-21,09:30:00,09:45:00,19.221315,72.862381,19.241315,72.882381,NULL
rene486777754,2022-04-05,10:35:00,10:40:00,26.766536,75.837333,26.786536,75.857333,NULL
reoj464426945,2022-03-15,10:15:00,10:25:00,12.325461,76.632278,12.345461,76.652278,NULL
repw332975825,2022-02-12,19:45:00,20:00:00,30.335259,78.053162,30.475259,78.193162,NULL
repw938652005,2022-03-12,18:25:00,18:35:00,12.972793,80.249982,13.102793,80.379982,NULL
ress729064056,2022-03-16,18:35:00,18:40:00,12.979096,77.640625,13.109096,77.770625,NULL
revo848799476,2022-04-06,22:40:00,22:45:00,22.695207,75.866059,22.825207,75.996059,NULL
rewg437566467,2022-03-17,00:00:00,00:05:00,13.045479,80.233110,13.105479,80.293110,NULL
rezu450286818,2022-02-11,08:20:00,08:25:00,27.157772,78.047250,27.167772,78.057250,NULL
rfac586500981,2022-03-20,20:35:00,20:45:00,26.846156,75.802300,26.986156,75.942300,NULL
rfac957399617,2022-03-10,19:10:00,19:20:00,11.022169,76.999594,11.112169,77.089594,NULL
rfby578311208,2022-02-18,18:50:00,19:05:00,26.482581,80.315628,26.552581,80.385628,NULL
rfdg303766689,2022-03-12,22:20:00,22:30:00,11.000762,76.981876,11.110762,77.091876,NULL
rfeb920452109,2022-03-07,18:40:00,18:55:00,0.000000,0.000000,0.030000,0.030000,NULL
rfeu047160525,2022-03-09,16:45:00,17:00:00,18.536562,73.896485,18.576562,73.936485,NULL
rfjs054371310,2022-04-01,12:15:00,12:20:00,21.170096,72.789122,21.210096,72.829122,NULL
rfrj017739095,2022-03-07,18:15:00,18:25:00,21.157729,72.768726,21.207729,72.818726,NULL
rfth475757944,2022-03-30,20:10:00,20:20:00,13.086438,80.220672,13.146439,80.280672,NULL
rfvx279956788,2022-03-04,21:15:00,21:20:00,22.753659,75.903365,22.823659,75.973365,NULL
rfxd157515921,2022-04-01,10:00:00,10:05:00,22.753839,75.897429,22.773839,75.917429,NULL
rfyl922123379,2022-03-11,23:25:00,23:40:00,11.026117,76.944652,11.086117,77.004652,NULL
rgdb163841127,2022-04-02,23:10:00,23:20:00,18.539299,73.897902,18.619299,73.977902,NULL
rgdc510689717,2022-03-09,11:50:00,12:05:00,18.536562,73.896485,18.546562,73.906485,NULL
rgdf783489084,2022-03-28,23:35:00,23:45:00,17.455894,78.375467,17.505894,78.425467,NULL
rgdt404781094,2022-04-02,00:00:00,00:05:00,21.152760,72.778059,21.222760,72.848059,NULL
rgep090867385,2022-02-16,22:25:00,22:35:00,26.471617,80.313564,26.551617,80.393564,NULL
rgfl704055664,2022-02-16,21:20:00,21:35:00,19.888716,75.321461,19.978716,75.411461,NULL
rggq572577497,2022-03-21,17:20:00,17:35:00,22.725835,75.887648,22.785835,75.947648,NULL
rgko989190797,2022-02-13,18:10:00,18:20:00,25.454697,81.834492,25.504697,81.884492,NULL
rgmj157998304,2022-03-17,11:15:00,11:30:00,0.000000,0.000000,0.010000,0.010000,NULL
rgpe624797073,2022-03-23,22:45:00,22:50:00,12.975996,80.221898,13.045996,80.291898,NULL
rgqd640194289,2022-03-14,23:55:00,00:05:00,17.422819,78.449578,17.492819,78.519578,NULL
rgrp224572032,2022-04-03,13:50:00,14:00:00,13.064181,80.236442,13.104181,80.276442,NULL
rgwf743111224,2022-03-14,20:10:00,20:15:00,12.934179,77.615797,13.004179,77.685797,NULL
rgwl479077727,2022-03-01,10:25:00,10:40:00,11.022477,76.995667,11.032477,77.005667,NULL
rgwq264332011,2022-03-16,18:30:00,18:45:00,22.320000,73.170000,22.400000,73.250000,NULL
rgwt886722635,2022-03-14,18:55:00,19:10:00,18.636215,73.751081,18.766215,73.881081,NULL
rhaa268945916,2022-03-11,12:25:00,12:35:00,23.359194,85.325447,23.399194,85.365447,NULL
rheb881632602,2022-04-01,08:55:00,09:10:00,21.185047,72.808590,21.205047,72.828590,NULL
rhgg730441773,2022-03-01,23:55:00,00:00:00,17.411028,78.329645,17.441028,78.359645,NULL
rhkm414113969,2022-03-18,17:15:00,17:20:00,18.536718,73.830327,18.626718,73.920327,NULL
rhmx192549851,2022-02-15,21:20:00,21:30:00,22.569367,88.433187,22.599367,88.463187,NULL
rhon563282739,2022-03-17,20:20:00,20:30:00,23.359194,85.325447,23.409194,85.375447,NULL
rhpv487359562,2022-03-29,20:35:00,20:50:00,19.103249,72.846749,19.233249,72.976749,NULL
rhqv232160757,2022-03-23,17:40:00,17:55:00,12.979096,77.640625,13.109096,77.770625,NULL
rhrx281026281,2022-03-05,11:00:00,11:05:00,11.022298,76.998349,11.032298,77.008349,NULL
rhsu086527882,2022-04-03,08:55:00,09:05:00,12.297954,76.665169,12.317954,76.685169,NULL
rhsz273172561,2022-03-16,19:55:00,20:05:00,12.933284,77.615428,13.003284,77.685428,NULL
rhtj398400157,2022-03-19,20:00:00,20:10:00,21.152760,72.778059,21.182760,72.808059,NULL
rhyi011798592,2022-03-08,18:35:00,18:40:00,13.029198,77.570997,13.139198,77.680997,NULL
rhzc278000004,2022-03-10,18:40:00,18:45:00,12.981615,80.231598,13.071615,80.321598,NULL
rias219656118,2022-03-02,22:45:00,22:50:00,19.003517,72.827650,19.083517,72.907650,NULL
ricn161801770,2022-03-08,20:45:00,20:55:00,12.933284,77.615428,13.063284,77.745428,NULL
rigd954962676,2022-02-11,18:15:00,18:30:00,19.874449,75.360232,19.924449,75.410232,NULL
rihr033620085,2022-03-30,11:30:00,11:40:00,13.026286,80.275235,13.046286,80.295235,NULL
riim113335529,2022-03-17,12:20:00,12:30:00,17.455894,78.375467,17.495894,78.415467,NULL
riio545675473,2022-02-13,17:50:00,17:55:00,26.477750,80.351569,26.537750,80.411569,NULL
rile549709896,2022-03-24,17:10:00,17:15:00,21.149834,72.778666,21.199834,72.828666,NULL
rilp246553329,2022-03-21,08:20:00,08:35:00,17.411028,78.329645,17.421028,78.339645,NULL
rimd904183255,2022-03-17,23:35:00,23:45:00,26.911378,75.789034,26.941378,75.819034,NULL
rimt218972517,2022-03-14,23:30:00,23:40:00,21.171060,72.789292,21.251060,72.869292,NULL
rimu760715400,2022-03-12,23:25:00,23:35:00,23.351058,85.325731,23.441058,85.415731,NULL
rioo339768538,2022-04-05,10:35:00,10:50:00,12.939496,77.625999,12.949496,77.635999,NULL
ripc856531580,2022-03-31,21:15:00,21:25:00,12.323994,76.626167,12.453994,76.756167,NULL
ritb331182006,2022-04-01,10:25:00,10:30:00,13.058616,80.264151,13.078616,80.284151,NULL
riua845909479,2022-04-05,17:25:00,17:30:00,12.297954,76.665169,12.357954,76.725169,NULL
rive059577164,2022-03-18,21:25:00,21:30:00,18.533811,73.899315,18.623811,73.989315,NULL
riyg586632668,2022-03-01,17:40:00,17:55:00,19.176269,72.836721,19.226269,72.886721,NULL
rjbv743033535,2022-03-21,22:45:00,23:00:00,19.131141,72.813074,19.191140,72.873074,NULL
rjcu517012829,2022-04-05,12:55:00,13:10:00,26.911378,75.789034,26.951378,75.829034,NULL
rjef975785888,2022-03-08,18:10:00,18:25:00,13.081878,80.248519,13.161878,80.328519,NULL
rjik372894762,2022-03-12,17:20:00,17:30:00,12.308500,76.665808,12.438500,76.795808,NULL
rjjv035648074,2022-03-17,09:20:00,09:30:00,18.516216,73.842527,18.536216,73.862527,NULL
rjlc354628588,2022-02-11,11:30:00,11:35:00,22.515082,88.367830,22.525082,88.377830,NULL
rjln363755749,2022-03-12,23:00:00,23:15:00,17.440827,78.393391,17.550827,78.503391,NULL
rjok127238039,2022-04-05,10:25:00,10:30:00,13.026279,80.174568,13.046279,80.194568,NULL
rjpr230321228,2022-03-16,22:40:00,22:45:00,12.337928,76.617889,12.447928,76.727889,NULL
rjqm539013036,2022-03-16,18:10:00,18:15:00,22.761593,75.886362,22.891593,76.016362,NULL
rjto796129700,2022-04-05,18:00:00,18:10:00,11.003669,76.976494,11.053669,77.026494,NULL
rjts499082897,2022-04-04,17:55:00,18:05:00,26.892312,75.806896,26.982312,75.896896,NULL
rjuf100231748,2022-03-09,10:55:00,11:10:00,18.562450,73.916619,18.572450,73.926619,NULL
rjuk855079528,2022-03-02,17:30:00,17:45:00,23.374878,85.335739,23.454878,85.415739,NULL
rkjo020765441,2022-04-05,14:55:00,15:00:00,18.539299,73.897902,18.579299,73.937902,NULL
rkkn946013798,2022-03-10,22:00:00,22:15:00,17.411028,78.329645,17.501028,78.419645,NULL
rkmd178200239,2022-03-23,23:25:00,23:35:00,17.431668,78.408321,17.521668,78.498321,NULL
rkme653887346,2022-03-25,23:15:00,23:30:00,12.334022,76.618203,12.404022,76.688203,NULL
rksi476504985,2022-03-25,18:15:00,18:30:00,19.120083,72.907385,19.200083,72.987385,NULL
rksy603370888,2022-03-12,17:15:00,17:25:00,12.284747,76.625861,12.374747,76.715861,NULL
rkta663766858,2022-03-13,09:35:00,09:45:00,17.428294,78.404423,17.438294,78.414423,NULL
rkzt648036688,2022-03-27,19:30:00,19:45:00,12.986047,80.218114,13.116047,80.348114,NULL
rkzu120873469,2022-04-02,19:35:00,19:40:00,17.431668,78.408321,17.501668,78.478321,NULL
rkzy415051291,2022-04-03,23:25:00,23:40:00,26.913987,75.752891,26.943987,75.782891,NULL
rldg087814363,2022-03-03,18:35:00,18:40:00,22.744648,75.894377,22.774648,75.924377,NULL
rleh153953902,2022-04-04,20:25:00,20:35:00,11.021278,76.995017,11.101278,77.075017,NULL
rley135128343,2022-03-13,15:10:00,15:25:00,21.175104,72.804342,21.215104,72.844342,NULL
rlgt572766152,2022-03-18,17:50:00,18:05:00,26.913987,75.752891,26.993987,75.832891,NULL
rljq413830625,2022-03-28,21:40:00,21:55:00,22.695207,75.866059,22.755207,75.926059,NULL
rlly151177005,2022-04-02,23:40:00,23:50:00,22.745536,75.893106,22.815536,75.963106,NULL
rlog416529273,2022-03-01,18:30:00,18:35:00,22.748060,75.893400,22.798060,75.943400,NULL
rloq215423592,2022-03-24,23:20:00,23:25:00,18.551440,73.804855,18.611440,73.864855,NULL
rlrl381234485,2022-03-17,10:35:00,10:40:00,13.064181,80.236442,13.074181,80.246442,NULL
rlrn877316570,2022-02-11,23:30:00,23:45:00,19.888716,75.321461,19.938716,75.371461,NULL
rlsx638114314,2022-03-19,11:25:00,11:40:00,19.221315,72.862381,19.241315,72.882381,NULL
rltm314660464,2022-03-27,20:30:00,20:45:00,19.055831,72.833984,19.165831,72.943984,NULL
rlup766837919,2022-03-25,22:40:00,22:45:00,12.316967,76.603067,12.396967,76.683067,NULL
rmbd187590095,2022-03-31,17:35:00,17:45:00,12.986047,80.218114,13.116047,80.348114,NULL
rmcn943344389,2022-04-04,21:55:00,22:00:00,23.357804,85.325146,23.447804,85.415146,NULL
rmcr225353892,2022-03-19,13:10:00,13:25:00,0.000000,0.000000,0.040000,0.040000,NULL
rmdo829051773,2022-02-12,22:00:00,22:15:00,25.451646,81.832796,25.591646,81.972796,NULL
rmeg912705267,2022-04-06,19:10:00,19:25:00,0.000000,0.000000,0.090000,0.090000,NULL
rmgg309463866,2022-02-18,20:35:00,20:50:00,30.892978,75.821847,31.022978,75.951847,NULL
rmgo277916637,2022-03-31,19:15:00,19:30:00,23.353783,85.326967,23.483783,85.456967,NULL
rmij171096716,2022-03-30,21:25:00,21:30:00,23.359033,85.325347,23.389033,85.355347,NULL
rmis053639323,2022-03-03,09:15:00,09:20:00,0.000000,0.000000,0.020000,0.020000,NULL
rmlc049446643,2022-03-18,18:50:00,19:00:00,26.905190,75.810753,26.995190,75.900753,NULL
rmle339606284,2022-02-12,21:15:00,21:30:00,0.000000,0.000000,0.130000,0.130000,NULL
rmlf130808063,2022-03-03,11:10:00,11:15:00,23.353783,85.326967,23.373783,85.346967,NULL
rmnl799232596,2022-03-25,19:20:00,19:35:00,26.956431,75.776649,27.066431,75.886649,NULL
rmpo101379398,2022-03-15,10:15:00,10:30:00,23.351489,85.324253,23.361489,85.334253,NULL
rmqe679781661,2022-04-06,18:55:00,19:00:00,19.131141,72.813074,19.201141,72.883074,NULL
rmvi451187705,2022-02-16,23:45:00,23:50:00,-15.496162,73.825364,15.626162,73.955364,NULL
rmwe490703127,2022-03-08,22:55:00,23:05:00,26.956431,75.776649,27.046431,75.866649,NULL
rmyb206563011,2022-03-31,20:30:00,20:45:00,18.551440,73.804855,18.641440,73.894855,NULL
rmzg289720110,2022-03-10,17:25:00,17:35:00,0.000000,0.000000,0.090000,0.090000,NULL
rmzm713593388,2022-03-26,08:30:00,08:45:00,22.308096,73.167753,22.328096,73.187753,NULL
rmzt523162778,2022-03-18,23:15:00,23:30:00,21.149669,72.772629,21.219669,72.842629,NULL
rnbn153519682,2022-03-17,23:30:00,23:40:00,18.554382,73.798206,18.604382,73.848206,NULL
rndn635546219,2022-03-28,10:25:00,10:30:00,22.727021,75.884167,22.747021,75.904167,NULL
rndx903920678,2022-03-03,10:10:00,10:20:00,18.530963,73.828972,18.540963,73.838972,NULL
rnei448954387,2022-03-01,20:00:00,20:15:00,12.979166,77.640709,13.039166,77.700709,NULL
rnlx514524405,2022-03-02,22:00:00,22:15:00,22.745049,75.892471,22.855049,76.002471,NULL
rnnl532717811,2022-03-15,09:35:00,09:45:00,18.592718,73.773572,18.612718,73.793572,NULL
rnnp577710264,2022-03-01,18:55:00,19:10:00,11.025083,77.015393,11.055083,77.045393,NULL
rnny422824210,2022-04-02,23:55:00,00:05:00,22.310237,73.158921,22.440237,73.288921,NULL
rnpi003820195,2022-03-04,18:00:00,18:15:00,17.433809,78.386744,17.543809,78.496744,NULL
rnra504584957,2022-03-16,23:00:00,23:05:00,0.000000,0.000000,0.090000,0.090000,NULL
rnts281251821,2022-02-15,17:55:00,18:00:00,9.957144,76.296783,10.017144,76.356783,NULL
rnuc054161946,2022-03-06,23:20:00,23:35:00,18.546947,73.900626,18.676947,74.030626,NULL
rnvc030959241,2022-02-12,21:20:00,21:25:00,27.161694,78.034714,27.291694,78.164714,NULL
rnvj071174944,2022-03-03,19:50:00,19:55:00,22.312790,73.170283,22.342790,73.200283,NULL
rnwi830444372,2022-03-23,17:10:00,17:25:00,22.651847,75.881991,22.741847,75.971991,NULL
rnxe169236609,2022-03-11,12:55:00,13:05:00,19.091458,72.827808,19.131458,72.867808,NULL
roes861857635,2022-03-01,21:10:00,21:20:00,22.728163,75.884212,22.778163,75.934212,NULL
rofk826462005,2022-02-12,17:30:00,17:40:00,0.000000,0.000000,0.130000,0.130000,NULL
rolf775082560,2022-02-16,21:50:00,22:05:00,15.498603,73.826911,15.588603,73.916911,NULL
ronf620294989,2022-04-05,12:20:00,12:25:00,23.416792,85.316842,23.456792,85.356842,NULL
rooj662513338,2022-03-13,23:35:00,23:50:00,22.751857,75.866699,22.811857,75.926699,NULL
roqa206477281,2022-03-15,23:10:00,23:20:00,12.934365,77.616155,12.964365,77.646155,NULL
rorg818443041,2022-03-21,19:30:00,19:35:00,12.979096,77.640625,13.029096,77.690625,NULL
rosu742347769,2022-03-12,21:55:00,22:05:00,12.949934,77.699386,13.019934,77.769386,NULL
rosz488793449,2022-03-10,19:00:00,19:15:00,23.369746,85.339820,23.459746,85.429820,NULL
roux327318909,2022-03-01,17:45:00,18:00:00,23.374878,85.335739,23.424878,85.385739,NULL
roxk682105336,2022-03-11,13:25:00,13:35:00,0.000000,0.000000,0.040000,0.040000,NULL
rpcf788482655,2022-03-20,19:25:00,19:30:00,22.753659,75.903365,22.843659,75.993365,NULL
rpct231288757,2022-04-03,09:00:00,09:15:00,17.440827,78.393391,17.450827,78.403391,NULL
rpdk448267522,2022-03-29,19:40:00,19:50:00,22.753839,75.897429,22.833838,75.977429,NULL
rpge560994264,2022-03-28,09:20:00,09:30:00,18.520016,73.830547,18.530016,73.840547,NULL
rpha276155405,2022-04-04,22:10:00,22:15:00,23.353783,85.326967,23.443783,85.416967,NULL
rpjl523629574,2022-03-28,14:25:00,14:30:00,11.021278,76.995017,11.061278,77.035017,NULL
rpkt172981434,2022-03-28,15:00:00,15:15:00,11.020910,76.940432,11.060910,76.980432,NULL
rplb678868157,2022-03-03,14:55:00,15:05:00,13.066762,80.251865,13.106762,80.291865,NULL
rplx822850878,2022-03-03,21:20:00,21:30:00,12.980410,77.640489,13.030410,77.690489,NULL
rprm941776983,2022-02-16,19:35:00,19:50:00,30.366322,78.070453,30.476322,78.180453,NULL
rptq474010645,2022-03-12,22:35:00,22:40:00,17.429585,78.392621,17.539585,78.502621,NULL
rpuq263118672,2022-03-08,19:10:00,19:25:00,19.091458,72.827808,19.201458,72.937808,NULL
rpve958671156,2022-03-23,19:00:00,19:10:00,0.000000,0.000000,0.070000,0.070000,NULL
rpxi920665792,2022-04-06,23:45:00,23:55:00,19.120083,72.907385,19.190083,72.977385,NULL
rpyu795733839,2022-04-04,20:50:00,20:55:00,26.902940,75.793007,26.992940,75.883007,NULL
rpyw443262347,2022-04-05,23:20:00,23:25:00,23.374878,85.335739,23.424878,85.385739,NULL
rpzt146692703,2022-03-06,22:50:00,22:55:00,22.311844,73.165081,22.441844,73.295081,NULL
rqcs923125271,2022-03-14,22:20:00,22:35:00,22.311603,73.165012,22.441603,73.295012,NULL
rqdi101043158,2022-03-26,09:15:00,09:30:00,18.516216,73.842527,18.536216,73.862527,NULL
rqha328591539,2022-03-12,22:35:00,22:40:00,26.914142,75.805704,27.024142,75.915704,NULL
rqiw939205882,2022-03-07,22:45:00,23:00:00,22.750040,75.902847,22.800040,75.952847,NULL
rqjj417948169,2022-03-05,18:55:00,19:05:00,22.748060,75.893400,22.778060,75.923400,NULL
rqjq749129388,2022-03-26,19:10:00,19:15:00,22.722634,75.886959,22.772634,75.936959,NULL
rqld883531476,2022-03-25,20:50:00,20:55:00,12.935662,77.614130,13.025662,77.704130,NULL
rqps755796891,2022-03-31,20:20:00,20:30:00,22.744648,75.894377,22.824648,75.974377,NULL
rqqa601683377,2022-04-01,20:30:00,20:35:00,26.914142,75.805704,26.974142,75.865704,NULL
rqqq581362658,2022-03-10,20:50:00,20:55:00,26.913483,75.803139,27.003483,75.893139,NULL
rqqt145827294,2022-03-04,17:45:00,17:50:00,22.311603,73.165012,22.401603,73.255012,NULL
rqrg060040216,2022-04-02,20:35:00,20:45:00,18.562450,73.916619,18.692450,74.046619,NULL
rqsj578972341,2022-03-11,20:45:00,20:55:00,18.539299,73.897902,18.589299,73.947902,NULL
rqtk690771577,2022-03-12,21:30:00,21:40:00,19.091458,72.827808,19.201458,72.937808,NULL
rqtl469649268,2022-03-21,08:25:00,08:35:00,12.949934,77.699386,12.959934,77.709386,NULL
rqts364584625,2022-03-15,23:25:00,23:40:00,12.316967,76.603067,12.346967,76.633067,NULL
rqus020048266,2022-03-08,20:10:00,20:20:00,22.311844,73.165081,22.381844,73.235081,NULL
rqvn700893871,2022-03-28,18:25:00,18:40:00,17.431477,78.400350,17.481477,78.450350,NULL
rqxr819479240,2022-03-14,18:50:00,18:55:00,21.170798,72.790489,21.280798,72.900489,NULL
rrbn504016243,2022-03-26,17:10:00,17:25:00,12.310972,76.659264,12.370972,76.719264,NULL
rrff485114876,2022-03-26,23:30:00,23:35:00,17.431477,78.400350,17.481477,78.450350,NULL
rrjm771243632,2022-02-17,12:25:00,12:40:00,10.027364,76.308258,10.067364,76.348258,NULL
rrkf497260554,2022-03-14,17:40:00,17:50:00,0.000000,0.000000,0.090000,0.090000,NULL
rrlo920753452,2022-03-07,18:30:00,18:35:00,22.728163,75.884212,22.758163,75.914212,NULL
rrne918948131,2022-04-02,23:15:00,23:20:00,26.902940,75.793007,26.992940,75.883007,NULL
rrnh216257470,2022-03-30,11:25:00,11:30:00,22.727021,75.884167,22.747021,75.904167,NULL
rrny770693727,2022-04-02,21:35:00,21:45:00,0.000000,0.000000,0.070000,0.070000,NULL
rrod933772178,2022-04-03,00:00:00,00:10:00,17.459710,78.368855,17.519710,78.428855,NULL
rrok042951489,2022-02-12,22:10:00,22:25:00,0.000000,0.000000,0.080000,0.080000,NULL
rrrc495709837,2022-03-07,18:50:00,19:00:00,12.304569,76.643622,12.354569,76.693622,NULL
rrrk349527084,2022-04-04,23:40:00,23:45:00,12.323194,76.630583,12.393194,76.700583,NULL
rrty087335677,2022-02-14,18:10:00,18:25:00,25.459775,81.834841,25.539775,81.914841,NULL
rrua113049155,2022-03-20,20:15:00,20:25:00,22.745536,75.893106,22.875536,76.023106,NULL
rrwa422489743,2022-03-15,19:35:00,19:45:00,13.045479,80.233110,13.075479,80.263110,NULL
rrxc153814213,2022-03-17,15:10:00,15:15:00,11.001852,76.976268,11.041852,77.016268,NULL
rrxe224377836,2022-03-17,11:30:00,11:40:00,12.975996,80.221898,12.995996,80.241898,NULL
rsag883591400,2022-03-20,19:20:00,19:35:00,21.186608,72.794136,21.316608,72.924136,NULL
rsdb796603186,2022-02-11,12:30:00,12:35:00,19.876994,75.372353,19.916994,75.412353,NULL
rsdl368090291,2022-03-06,18:50:00,19:00:00,21.149569,72.772697,21.239569,72.862697,NULL
rsgk757027324,2022-02-14,21:50:00,21:55:00,15.513150,73.783460,15.583150,73.853459,NULL
rsgu336988804,2022-03-19,11:30:00,11:35:00,26.891191,75.802083,26.911191,75.822083,NULL
rshq423827044,2022-03-03,20:00:00,20:05:00,18.516216,73.842527,18.546216,73.872527,NULL
rsix335923787,2022-03-01,11:00:00,11:15:00,26.902940,75.793007,26.912940,75.803007,NULL
rskl301979597,2022-04-03,09:25:00,09:35:00,26.888420,75.800689,26.908420,75.820689,NULL
rskn056191337,2022-03-31,22:25:00,22:40:00,17.424114,78.347554,17.494114,78.417554,NULL
rsoe647274026,2022-04-06,21:50:00,21:55:00,18.539299,73.897902,18.609299,73.967902,NULL
rstb707874906,2022-02-14,21:40:00,21:45:00,30.340722,78.060221,30.480722,78.200221,NULL
rstz645956741,2022-03-23,23:15:00,23:20:00,18.927584,72.832585,19.037584,72.942585,NULL
rsxl792883077,2022-04-03,11:45:00,12:00:00,12.979096,77.640625,12.999096,77.660625,NULL
rszv454658332,2022-03-03,14:50:00,15:00:00,21.186884,72.793616,21.226884,72.833616,NULL
rtbz816631224,2022-02-16,00:00:00,00:10:00,26.482581,80.315628,26.572581,80.405628,NULL
rtdi662697413,2022-02-17,19:45:00,19:55:00,0.000000,0.000000,0.030000,0.030000,NULL
rtdl267754527,2022-04-04,23:10:00,23:15:00,21.149669,72.772629,21.219669,72.842629,NULL
rths683415795,2022-03-04,20:15:00,20:20:00,12.934179,77.615797,13.044179,77.725797,NULL
rtjh521722841,2022-03-21,14:30:00,14:35:00,11.003681,76.975525,11.043681,77.015525,NULL
rtjw229963557,2022-03-07,22:35:00,22:45:00,23.371292,85.327872,23.401292,85.357872,NULL
rtuu733972645,2022-03-30,10:20:00,10:25:00,11.026117,76.944652,11.046117,76.964652,NULL
rtza176686006,2022-03-05,10:20:00,10:30:00,0.000000,0.000000,0.020000,0.020000,NULL
rtzy573573022,2022-03-26,10:10:00,10:20:00,23.351489,85.324253,23.361489,85.334253,NULL
rucb673089759,2022-03-17,22:55:00,23:00:00,12.978453,77.643685,13.028453,77.693685,NULL
rucx305072117,2022-03-08,21:00:00,21:05:00,22.727021,75.884167,22.817021,75.974167,NULL
rudn776430261,2022-03-24,14:10:00,14:15:00,22.727021,75.884167,22.767021,75.924167,NULL
ruee100151611,2022-03-11,09:25:00,09:40:00,12.934365,77.616155,12.944365,77.626155,NULL
ruew127252272,2022-04-06,20:45:00,20:50:00,17.459710,78.368855,17.569710,78.478855,NULL
rufz727804632,2022-03-28,15:55:00,16:05:00,0.000000,0.000000,0.040000,0.040000,NULL
rugg849868596,2022-03-20,21:50:00,22:00:00,18.536562,73.896485,18.616562,73.976485,NULL
ruhb994521655,2022-02-15,21:40:00,21:55:00,9.959778,76.296106,10.019778,76.356106,NULL
rukv124765071,2022-03-06,23:45:00,23:50:00,22.725835,75.887648,22.855835,76.017648,NULL
runj694291013,2022-02-13,21:25:00,21:40:00,-25.450317,81.831681,25.510317,81.891681,NULL
ruqu234155828,2022-04-01,21:55:00,22:00:00,22.310329,73.169083,22.360329,73.219083,NULL
ruqy317300776,2022-03-15,22:10:00,22:15:00,22.745049,75.892471,22.805049,75.952471,NULL
rurn443279156,2022-03-04,19:15:00,19:20:00,19.207222,72.972281,19.297222,73.062281,NULL
rury608997659,2022-03-26,12:20:00,12:30:00,13.066762,80.251865,13.106762,80.291865,NULL
ruuz288634685,2022-04-02,17:10:00,17:25:00,21.149569,72.772697,21.259569,72.882697,NULL
ruwg070114873,2022-03-21,08:35:00,08:50:00,21.186884,72.793616,21.196884,72.803616,NULL
ruyb280329466,2022-03-15,10:00:00,10:05:00,13.026279,80.174568,13.036279,80.184568,NULL
ruym978152953,2022-02-15,15:00:00,15:15:00,27.160832,78.011608,27.200832,78.051608,NULL
rvew408493880,2022-03-17,20:00:00,20:15:00,12.934365,77.616155,12.964365,77.646155,NULL
rvge746326532,2022-03-10,17:15:00,17:20:00,17.455894,78.375467,17.525894,78.445467,NULL
rvjj561158686,2022-03-10,19:30:00,19:40:00,11.022477,76.995667,11.132477,77.105667,NULL
rvjn148683221,2022-02-16,22:45:00,22:50:00,26.482581,80.315628,26.612581,80.445628,NULL
rvjr381826466,2022-03-09,17:20:00,17:25:00,11.001852,76.976268,11.061852,77.036268,NULL
rvjt573495950,2022-03-01,20:40:00,20:50:00,22.750040,75.902847,22.810040,75.962847,NULL
rvlg419484842,2022-02-17,12:00:00,12:10:00,9.985497,76.276999,10.005497,76.296999,NULL
rvli327132780,2022-03-28,14:25:00,14:40:00,17.459710,78.368855,17.499710,78.408855,NULL
rvns240114667,2022-03-31,19:35:00,19:45:00,23.351489,85.324253,23.421489,85.394253,NULL
rvpp666644927,2022-03-26,08:10:00,08:20:00,11.003681,76.975525,11.023681,76.995525,NULL
rvpq631939731,2022-02-15,09:30:00,09:45:00,0.000000,0.000000,0.010000,0.010000,NULL
rvru485678005,2022-02-17,22:35:00,22:50:00,10.027364,76.308258,10.087364,76.368258,NULL
rvsn087371807,2022-03-06,20:50:00,21:00:00,21.149834,72.778666,21.259834,72.888666,NULL
rvvz029600756,2022-03-05,23:30:00,23:45:00,17.412330,78.449654,17.462330,78.499654,NULL
rvxp980815851,2022-03-13,20:45:00,21:00:00,18.551440,73.804855,18.581440,73.834855,NULL
rwby917987613,2022-03-21,21:35:00,21:40:00,12.316967,76.603067,12.376967,76.663067,NULL
rwcq391124497,2022-03-11,15:50:00,16:00:00,18.562450,73.916619,18.602450,73.956619,NULL
rwdv702255500,2022-04-01,09:55:00,10:05:00,18.530963,73.828972,18.540963,73.838972,NULL
rwex178233051,2022-03-23,21:15:00,21:25:00,26.911378,75.789034,27.041378,75.919034,NULL
rwhs340538146,2022-04-06,17:45:00,17:55:00,22.725748,75.898497,22.815748,75.988497,NULL
rwjt473161106,2022-03-06,22:35:00,22:50:00,22.308096,73.167753,22.378096,73.237753,NULL
rwkg752700186,2022-04-03,18:00:00,18:05:00,0.000000,0.000000,0.060000,0.060000,NULL
rwkx760976976,2022-03-25,17:20:00,17:25:00,26.911927,75.797282,27.001927,75.887282,NULL
rwmk327867739,2022-04-01,15:50:00,15:55:00,12.304569,76.643622,12.344569,76.683622,NULL
rwqs906387113,2022-02-11,17:40:00,17:55:00,0.000000,0.000000,0.060000,0.060000,NULL
rwsd957685359,2022-04-05,08:45:00,09:00:00,13.044694,80.261470,13.064694,80.281470,NULL
rxah338262788,2022-03-01,23:25:00,23:30:00,18.546258,73.904337,18.596258,73.954337,NULL
rxaj683740742,2022-03-10,20:20:00,20:25:00,12.299524,76.642620,12.379524,76.722620,NULL
rxch113564019,2022-03-19,21:15:00,21:20:00,21.149669,72.772629,21.179669,72.802629,NULL
rxfg748489108,2022-03-15,16:15:00,16:20:00,18.543626,73.905101,18.583626,73.945101,NULL
rxgx102974679,2022-03-24,21:40:00,21:45:00,19.221315,72.862381,19.281315,72.922381,NULL
rxhy145304960,2022-03-25,20:45:00,21:00:00,22.311844,73.165081,22.401844,73.255081,NULL
rxjl381247495,2022-03-17,18:25:00,18:30:00,18.539299,73.897902,18.589299,73.947902,NULL
rxki994339301,2022-03-07,22:30:00,22:35:00,17.458998,78.500366,17.508998,78.550366,NULL
rxkp158305116,2022-03-28,12:10:00,12:20:00,19.109300,72.825451,19.149300,72.865451,NULL
rxpl933824163,2022-03-10,18:10:00,18:15:00,22.320000,73.170000,22.410000,73.260000,NULL
rxrk922214537,2022-03-07,11:50:00,12:05:00,17.440827,78.393391,17.460827,78.413391,NULL
rxsl236260538,2022-03-24,15:30:00,15:45:00,26.892312,75.806896,26.932312,75.846896,NULL
rxso121845823,2022-04-02,18:55:00,19:05:00,0.000000,0.000000,0.110000,0.110000,NULL
rxui102264331,2022-02-15,09:45:00,09:50:00,26.482419,80.320939,26.492419,80.330939,NULL
rxvh995418657,2022-03-07,21:35:00,21:50:00,18.516216,73.842527,18.566216,73.892527,NULL
rxxx129114996,2022-03-29,22:25:00,22:35:00,26.913987,75.752891,26.993987,75.832891,NULL
rxyr723498593,2022-03-07,18:35:00,18:50:00,22.753659,75.903365,22.813659,75.963365,NULL
ryex831077758,2022-03-27,18:40:00,18:45:00,23.355164,85.324097,23.425164,85.394097,NULL
ryfb181474469,2022-02-13,15:25:00,15:35:00,9.959778,76.296106,9.999778,76.336106,NULL
ryjg255379305,2022-03-06,17:25:00,17:35:00,12.934365,77.616155,13.004365,77.686155,NULL
rykz798366470,2022-03-09,13:55:00,14:00:00,21.185047,72.808590,21.225047,72.848590,NULL
ryma268770427,2022-04-05,09:15:00,09:25:00,12.311072,76.654878,12.321072,76.664878,NULL
rynv094020999,2022-03-18,21:45:00,21:55:00,23.354422,85.332900,23.484422,85.462900,NULL
ryqg355910983,2022-03-01,16:40:00,16:45:00,22.745536,75.893106,22.785536,75.933106,NULL
ryun784426653,2022-02-17,17:10:00,17:25:00,22.514688,88.393294,22.564688,88.443294,NULL
ryux396721202,2022-03-10,23:20:00,23:25:00,23.359407,85.325055,23.469407,85.435055,NULL
rywb902032740,2022-03-06,22:25:00,22:40:00,22.310526,73.170937,22.440526,73.300937,NULL
rywl589187441,2022-04-03,15:55:00,16:00:00,22.753659,75.903365,22.793659,75.943365,NULL
ryxf569020268,2022-03-15,17:20:00,17:30:00,17.459710,78.368855,17.519710,78.428855,NULL
ryxo060635525,2022-03-09,23:35:00,23:50:00,19.103249,72.846749,19.133249,72.876749,NULL
ryzy147204013,2022-03-05,21:35:00,21:45:00,17.429585,78.392621,17.489585,78.452621,NULL
rzbq717508778,2022-02-15,16:50:00,17:00:00,23.214459,77.434976,23.254459,77.474976,NULL
rzbv408841134,2022-04-06,21:50:00,21:55:00,13.029780,80.208812,13.139780,80.318812,NULL
rzcw560657116,2022-03-21,22:30:00,22:35:00,21.160437,72.774209,21.220437,72.834209,NULL
rzdv506869681,2022-03-28,08:40:00,08:55:00,18.592718,73.773572,18.602718,73.783572,NULL
rzgo402846725,2022-04-02,20:25:00,20:35:00,13.027018,80.254791,13.097018,80.324791,NULL
rzka140106983,2022-04-06,17:40:00,17:45:00,18.554382,73.798206,18.684382,73.928206,NULL
rzkn346505836,2022-02-13,23:10:00,23:20:00,0.000000,0.000000,0.050000,0.050000,NULL
rzmb676188679,2022-02-12,20:40:00,20:50:00,22.533662,88.366217,22.603662,88.436217,NULL
rzmc803035425,2022-03-19,09:10:00,09:25:00,0.000000,0.000000,0.010000,0.010000,NULL
rzqe328900529,2022-03-24,14:20:00,14:35:00,22.312790,73.170283,22.352790,73.210283,NULL
rzsv676324402,2022-03-31,21:10:00,21:25:00,26.892312,75.806896,26.962312,75.876896,NULL
rzva664361891,2022-03-23,23:30:00,23:45:00,17.429585,78.392621,17.509585,78.472621,NULL
rzxf271868954,2022-04-01,18:55:00,19:05:00,18.536718,73.830327,18.596719,73.890327,NULL
rzxi172926923,2022-03-25,23:15:00,23:30:00,26.846156,75.802300,26.936156,75.892300,NULL
saaz395276267,2022-03-27,19:35:00,19:40:00,11.022298,76.998349,11.092298,77.068349,NULL
sabz940654483,2022-03-18,17:30:00,17:45:00,26.905287,75.794592,26.995287,75.884592,NULL
sage291646642,2022-02-14,20:15:00,20:30:00,19.874449,75.360232,19.964449,75.450232,NULL
sali162428274,2022-03-28,17:10:00,17:20:00,18.546258,73.904337,18.606258,73.964337,NULL
salo772664581,2022-03-04,23:20:00,23:25:00,11.022169,76.999594,11.132169,77.109594,NULL
samq461069236,2022-04-05,15:30:00,15:45:00,18.636215,73.751081,18.676215,73.791081,NULL
saok722128794,2022-03-05,15:55:00,16:05:00,18.562450,73.916619,18.602450,73.956619,NULL
saow349468599,2022-03-27,17:20:00,17:35:00,12.311072,76.654878,12.441072,76.784878,NULL
sasd992092809,2022-03-24,11:40:00,11:55:00,22.695207,75.866059,22.705207,75.876059,NULL
satq809686317,2022-04-03,00:00:00,00:15:00,22.727021,75.884167,22.777021,75.934167,NULL
satt005582002,2022-03-28,08:55:00,09:10:00,13.044694,80.261470,13.054694,80.271470,NULL
saum044580209,2022-04-05,12:10:00,12:25:00,26.888420,75.800689,26.928420,75.840689,NULL
sbaj018996229,2022-03-29,19:55:00,20:10:00,12.337978,76.616792,12.467978,76.746792,NULL
sbbb024042366,2022-03-29,23:30:00,23:40:00,21.170096,72.789122,21.240096,72.859122,NULL
sbdc641805082,2022-03-01,08:15:00,08:25:00,12.979096,77.640625,12.989096,77.650625,NULL
sbdg148961210,2022-03-24,18:35:00,18:45:00,19.178321,72.834715,19.208321,72.864715,NULL
sbfc532866360,2022-03-09,10:30:00,10:45:00,12.972793,80.249982,12.992793,80.269982,NULL
sbht269320797,2022-03-16,18:40:00,18:45:00,21.160437,72.774209,21.270437,72.884209,NULL
sbiv274778346,2022-03-08,18:00:00,18:15:00,11.003681,76.975525,11.093681,77.065525,NULL
sbjp632747598,2022-03-17,19:00:00,19:15:00,21.173343,72.792731,21.203343,72.822731,NULL
sbmg523628401,2022-03-29,18:55:00,19:00:00,22.760072,75.892574,22.890072,76.022574,NULL
sbmj771106477,2022-03-11,21:50:00,21:55:00,18.546947,73.900626,18.576947,73.930626,NULL
sboa093063633,2022-04-05,23:00:00,23:15:00,22.744648,75.894377,22.794648,75.944377,NULL
sboe660761750,2022-03-17,11:00:00,11:05:00,11.021278,76.995017,11.031278,77.005017,NULL
sbon911363608,2022-04-03,23:45:00,00:00:00,19.131141,72.813074,19.191140,72.873074,NULL
sbpo119675780,2022-03-09,11:20:00,11:30:00,0.000000,0.000000,0.010000,0.010000,NULL
sbtb037586311,2022-03-09,18:30:00,18:35:00,19.254567,72.848923,19.284567,72.878923,NULL
sbvy570620677,2022-02-13,23:35:00,23:40:00,9.985497,76.276999,10.035497,76.326999,NULL
sbwe260958876,2022-04-03,11:10:00,11:20:00,11.022169,76.999594,11.042169,77.019594,NULL
sbwi574419008,2022-02-14,20:30:00,20:45:00,0.000000,0.000000,0.070000,0.070000,NULL
sbxr568946853,2022-03-13,11:30:00,11:35:00,22.751857,75.866699,22.771857,75.886699,NULL
scbx441036149,2022-03-01,10:20:00,10:25:00,21.185047,72.808590,21.205047,72.828590,NULL
sccp018255873,2022-02-17,23:00:00,23:10:00,30.914057,75.839820,30.944057,75.869820,NULL
sceq625074602,2022-03-19,22:20:00,22:30:00,26.902940,75.793007,26.932940,75.823007,NULL
sceu732446022,2022-03-07,18:10:00,18:15:00,12.325461,76.632278,12.385461,76.692278,NULL
scfm213333953,2022-03-17,20:25:00,20:35:00,12.935662,77.614130,12.965662,77.644130,NULL
schx473967981,2022-03-27,17:55:00,18:10:00,18.554382,73.798206,18.624382,73.868206,NULL
scja217165927,2022-04-04,21:30:00,21:45:00,23.333017,85.317200,23.463017,85.447200,NULL
scka454673514,2022-02-18,19:45:00,19:55:00,0.000000,0.000000,0.130000,0.130000,NULL
scka588365529,2022-03-19,10:30:00,10:35:00,18.546947,73.900626,18.566947,73.920626,NULL
scls087240978,2022-03-06,20:55:00,21:10:00,13.054347,80.257221,13.164347,80.367221,NULL
scod305449442,2022-03-20,21:40:00,21:45:00,11.010375,76.952950,11.080375,77.022950,NULL
scpf201650157,2022-03-21,17:50:00,17:55:00,12.980410,77.640489,13.030410,77.690489,NULL
scph321740651,2022-02-12,17:35:00,17:45:00,30.873988,75.842739,30.953988,75.922739,NULL
scqr294223322,2022-03-23,20:30:00,20:40:00,21.173493,72.801953,21.253493,72.881953,NULL
scqu849553683,2022-04-05,22:20:00,22:30:00,26.911927,75.797282,26.971927,75.857282,NULL
scsb201155963,2022-03-09,22:40:00,22:45:00,12.311072,76.654878,12.371072,76.714878,NULL
sctc417156110,2022-03-02,20:00:00,20:15:00,23.333017,85.317200,23.443017,85.427200,NULL
scvv475405382,2022-03-09,15:20:00,15:25:00,26.914142,75.805704,26.954142,75.845704,NULL
sczy262142030,2022-03-19,10:35:00,10:50:00,12.913041,77.683237,12.933041,77.703237,NULL
sdad316586868,2022-03-09,20:55:00,21:00:00,18.516216,73.842527,18.566216,73.892527,NULL
sdam261078374,2022-03-30,20:35:00,20:40:00,12.310972,76.659264,12.340972,76.689264,NULL
sdbj781563265,2022-04-03,18:35:00,18:45:00,12.334022,76.618203,12.394022,76.678203,NULL
sdde243407263,2022-03-21,12:00:00,12:15:00,18.530963,73.828972,18.540963,73.838972,NULL
sdij345774967,2022-03-10,18:20:00,18:25:00,10.994136,76.963303,11.074136,77.043303,NULL
sdir546969198,2022-03-28,09:20:00,09:30:00,12.308500,76.665808,12.328500,76.685808,NULL
sdix039750276,2022-03-02,23:10:00,23:20:00,13.044694,80.261470,13.134694,80.351470,NULL
sdlc436778989,2022-03-06,23:00:00,23:10:00,0.000000,0.000000,0.130000,0.130000,NULL
sdod930462581,2022-03-14,17:50:00,17:55:00,26.891191,75.802083,26.981191,75.892083,NULL
sdoi829127570,2022-02-15,21:20:00,21:35:00,19.875522,75.367127,19.925522,75.417127,NULL
sdps816802152,2022-02-14,20:50:00,21:05:00,25.454697,81.834492,25.564697,81.944492,NULL
sdsd698794724,2022-03-09,20:10:00,20:25:00,11.022169,76.999594,11.052169,77.029594,NULL
sdut047142527,2022-03-02,18:10:00,18:25:00,0.000000,0.000000,0.090000,0.090000,NULL
sduu202461461,2022-02-13,21:55:00,22:00:00,15.561295,73.749478,15.621295,73.809478,NULL
sdww232617695,2022-03-09,19:25:00,19:35:00,26.902940,75.793007,26.932940,75.823007,NULL
sdxs740704107,2022-03-09,20:35:00,20:40:00,22.732225,75.874765,22.782225,75.924765,NULL
seab871770857,2022-03-13,19:25:00,19:35:00,18.530963,73.828972,18.590963,73.888972,NULL
sedv786177418,2022-02-12,23:35:00,23:45:00,30.899584,75.809346,30.979584,75.889346,NULL
sedz438633697,2022-03-24,23:35:00,23:50:00,26.905287,75.794592,26.935287,75.824592,NULL
sega808786587,2022-04-03,11:55:00,12:05:00,26.913987,75.752891,26.923987,75.762891,NULL
segh259958026,2022-03-26,12:25:00,12:30:00,19.221315,72.862381,19.261315,72.902381,NULL
seik879244584,2022-03-28,15:20:00,15:30:00,22.760072,75.892574,22.800072,75.932574,NULL
sekj030619349,2022-04-03,20:15:00,20:25:00,19.207222,72.972281,19.267222,73.032281,NULL
sekt901400572,2022-02-12,19:40:00,19:55:00,0.000000,0.000000,0.080000,0.080000,NULL
selk098864012,2022-03-16,18:20:00,18:25:00,19.121999,72.908493,19.211999,72.998493,NULL
selp029339063,2022-02-17,10:30:00,10:40:00,26.472001,80.354002,26.492001,80.374002,NULL
selx461325359,2022-03-09,22:45:00,22:55:00,26.846156,75.802300,26.896156,75.852300,NULL
semx001117179,2022-03-05,23:30:00,23:45:00,12.325461,76.632278,12.385461,76.692278,NULL
senc942137640,2022-03-04,17:30:00,17:40:00,19.176269,72.836721,19.306269,72.966721,NULL
sent324363692,2022-03-13,22:25:00,22:40:00,21.186438,72.794115,21.216438,72.824115,NULL
seoa292747857,2022-03-05,21:35:00,21:45:00,17.440827,78.393391,17.500827,78.453391,NULL
sery128818044,2022-03-17,17:25:00,17:40:00,0.000000,0.000000,0.050000,0.050000,NULL
seue774035229,2022-04-04,19:25:00,19:40:00,12.334022,76.618203,12.414022,76.698203,NULL
sevk013187734,2022-03-20,23:00:00,23:15:00,12.310972,76.659264,12.400972,76.749264,NULL
seya673215044,2022-03-24,08:10:00,08:15:00,18.563934,73.915367,18.583935,73.935367,NULL
sezw299294400,2022-02-16,19:15:00,19:30:00,19.876994,75.372353,19.986994,75.482353,NULL
sfdh129933572,2022-03-14,23:30:00,23:45:00,12.949934,77.699386,13.039934,77.789386,NULL
sfdm618815921,2022-03-11,20:45:00,20:55:00,22.748060,75.893400,22.808060,75.953400,NULL
sfen068538167,2022-03-23,18:35:00,18:40:00,18.546947,73.900626,18.616947,73.970626,NULL
sfio251855331,2022-02-14,22:50:00,23:05:00,26.481547,80.299775,26.621547,80.439775,NULL
sfiy485016319,2022-03-03,19:25:00,19:30:00,22.751857,75.866699,22.801857,75.916699,NULL
sfmo219684820,2022-03-10,21:00:00,21:15:00,22.750040,75.902847,22.880040,76.032847,NULL
sfoj164438598,2022-03-13,18:20:00,18:35:00,22.311844,73.165081,22.371844,73.225081,NULL
sfok287655638,2022-03-20,19:45:00,20:00:00,12.323225,76.630028,12.453225,76.760028,NULL
sfpc015585430,2022-04-03,13:40:00,13:55:00,19.120083,72.907385,19.160083,72.947385,NULL
sfpk364532425,2022-02-14,19:40:00,19:50:00,27.160934,78.044095,27.250934,78.134095,NULL
sfrj659517575,2022-03-16,17:10:00,17:15:00,12.972532,77.608179,13.062532,77.698179,NULL
sfvp160404891,2022-02-15,14:40:00,14:45:00,0.000000,0.000000,0.040000,0.040000,NULL
sfwo669337839,2022-02-15,17:40:00,17:50:00,26.492106,80.327797,26.522106,80.357797,NULL
sfyi432597123,2022-03-21,17:30:00,17:45:00,12.310972,76.659264,12.370972,76.719264,NULL
sgah190887157,2022-03-01,15:50:00,15:55:00,0.000000,0.000000,0.040000,0.040000,NULL
sgbx964391226,2022-03-28,17:30:00,17:45:00,18.994049,72.825203,19.054049,72.885203,NULL
sgea306291327,2022-03-09,22:00:00,22:10:00,13.086438,80.220672,13.146439,80.280672,NULL
sgep605324393,2022-03-25,19:35:00,19:40:00,17.455894,78.375467,17.525894,78.445467,NULL
sgfo673891631,2022-04-03,23:25:00,23:30:00,11.020910,76.940432,11.080910,77.000432,NULL
sggl394918730,2022-03-04,19:25:00,19:40:00,22.727021,75.884167,22.817021,75.974167,NULL
sggy012093324,2022-02-13,21:20:00,21:30:00,23.234631,77.401663,23.294631,77.461663,NULL
sgie976903452,2022-03-11,17:00:00,17:05:00,11.022298,76.998349,11.062298,77.038349,NULL
sgix525051956,2022-03-04,21:55:00,22:05:00,12.316967,76.603067,12.396967,76.683067,NULL
sgjf079787477,2022-03-19,21:00:00,21:05:00,17.440827,78.393391,17.500827,78.453391,NULL
sglu806905966,2022-02-17,14:50:00,15:05:00,0.000000,0.000000,0.040000,0.040000,NULL
sgos890553956,2022-03-04,18:50:00,18:55:00,12.326356,76.619103,12.396356,76.689103,NULL
sgrh968289641,2022-02-14,18:35:00,18:50:00,19.874733,75.353942,19.984733,75.463942,NULL
sgrv807655331,2022-03-15,10:00:00,10:15:00,17.483216,78.552111,17.503216,78.572111,NULL
sgss178983037,2022-03-03,22:40:00,22:55:00,0.000000,0.000000,0.050000,0.050000,NULL
sgua396868339,2022-03-09,11:45:00,11:50:00,13.029780,80.208812,13.049780,80.228812,NULL
sguv166059725,2022-03-30,20:30:00,20:40:00,0.000000,0.000000,0.060000,0.060000,NULL
sgxu070981543,2022-03-16,23:55:00,00:05:00,19.120083,72.907385,19.210083,72.997385,NULL
sgyu566579497,2022-02-17,13:00:00,13:10:00,23.266261,77.379605,23.306261,77.419605,NULL
shfk664904494,2022-03-15,13:10:00,13:20:00,0.000000,0.000000,0.040000,0.040000,NULL
shie458425500,2022-03-26,20:15:00,20:30:00,22.761226,75.887522,22.791226,75.917522,NULL
shkc907645311,2022-03-30,21:40:00,21:55:00,26.766536,75.837333,26.826536,75.897333,NULL
shkj601836779,2022-03-05,12:00:00,12:05:00,22.728163,75.884212,22.748163,75.904212,NULL
shnv655742100,2022-03-09,18:20:00,18:30:00,23.374878,85.335739,23.434878,85.395739,NULL
shqw358306556,2022-03-30,11:35:00,11:40:00,23.351489,85.324253,23.361489,85.334253,NULL
shty423111571,2022-03-01,13:50:00,13:55:00,12.906229,77.596791,12.946229,77.636791,NULL
shvb115001181,2022-03-01,19:30:00,19:35:00,12.934179,77.615797,12.984179,77.665797,NULL
shxg200121158,2022-03-25,19:40:00,19:55:00,26.914142,75.805704,26.984142,75.875704,NULL
siad710211601,2022-02-11,09:50:00,09:55:00,9.979186,76.317361,9.989186,76.327361,NULL
siem962349954,2022-03-11,11:15:00,11:25:00,12.337978,76.616792,12.347978,76.626792,NULL
sieo166630412,2022-03-07,19:00:00,19:05:00,22.732225,75.874765,22.792225,75.934765,NULL
sihv998158202,2022-03-19,12:50:00,12:55:00,11.016298,76.972076,11.056298,77.012076,NULL
siie232903116,2022-02-15,12:00:00,12:05:00,23.214294,77.435361,23.234294,77.455361,NULL
siiw892420636,2022-02-16,17:35:00,17:45:00,25.452350,81.841889,25.542350,81.931889,NULL
sikn134114848,2022-03-12,20:00:00,20:15:00,17.433809,78.386744,17.523809,78.476744,NULL
siox537910319,2022-02-18,19:45:00,19:55:00,30.892860,75.822199,30.972860,75.902199,NULL
sips829228298,2022-02-15,09:15:00,09:25:00,0.000000,0.000000,0.010000,0.010000,NULL
sits098795261,2022-03-04,22:00:00,22:10:00,22.651847,75.881991,22.741847,75.971991,NULL
siun633393559,2022-03-18,20:40:00,20:45:00,11.000762,76.981876,11.090762,77.071876,NULL
sjaq416259539,2022-03-24,23:55:00,00:05:00,0.000000,0.000000,0.050000,0.050000,NULL
sjbl869697367,2022-03-24,20:50:00,21:05:00,19.091458,72.827808,19.121458,72.857808,NULL
sjbo538290764,2022-02-14,22:15:00,22:20:00,23.211529,77.419399,23.291529,77.499399,NULL
sjdf533179381,2022-03-02,17:20:00,17:30:00,26.910262,75.783013,27.000262,75.873013,NULL
sjgc359949433,2022-03-12,20:30:00,20:40:00,17.483216,78.552111,17.573216,78.642111,NULL
sjhs944397876,2022-03-07,18:10:00,18:15:00,23.374878,85.335739,23.434878,85.395739,NULL
sjic294633683,2022-03-19,13:50:00,14:00:00,22.311844,73.165081,22.351844,73.205081,NULL
sjkg905066419,2022-02-12,22:00:00,22:10:00,0.000000,0.000000,0.080000,0.080000,NULL
sjkq535759726,2022-04-06,21:20:00,21:30:00,23.354422,85.332900,23.444422,85.422900,NULL
sjnn151771741,2022-03-27,17:15:00,17:25:00,11.026117,76.944652,11.116117,77.034652,NULL
sjqo633508645,2022-03-02,20:40:00,20:50:00,10.994136,76.963303,11.124136,77.093303,NULL
sjqs945330512,2022-03-03,20:40:00,20:45:00,18.539299,73.897902,18.599299,73.957902,NULL
sjre646239713,2022-03-24,21:30:00,21:45:00,12.934179,77.615797,12.984179,77.665797,NULL
sjrj192868139,2022-04-03,19:25:00,19:40:00,12.933298,77.614293,12.963298,77.644293,NULL
sjua855851743,2022-03-01,00:00:00,00:10:00,19.003517,72.827650,19.053517,72.877650,NULL
sjuq966451055,2022-03-03,08:50:00,08:55:00,22.751857,75.866699,22.761857,75.876699,NULL
sjuz261693398,2022-03-28,21:30:00,21:35:00,17.411028,78.329645,17.441028,78.359645,NULL
sjxo914232735,2022-02-17,09:25:00,09:40:00,23.232537,77.429845,23.252537,77.449845,NULL
sjyh275452159,2022-02-15,09:20:00,09:25:00,-9.959778,76.296106,9.969778,76.306106,NULL
sjzu281455425,2022-03-01,20:55:00,21:05:00,13.045479,80.233110,13.095479,80.283110,NULL
skae681923439,2022-02-11,10:15:00,10:30:00,30.335259,78.053162,30.355259,78.073162,NULL
skan145384609,2022-04-01,17:25:00,17:30:00,21.160437,72.774209,21.220437,72.834209,NULL
skar244791422,2022-02-12,18:15:00,18:20:00,22.514688,88.393294,22.624688,88.503294,NULL
skbt736552727,2022-03-10,17:10:00,17:25:00,13.081878,80.248519,13.191878,80.358519,NULL
skft794890762,2022-03-27,19:40:00,19:45:00,19.176269,72.836721,19.266269,72.926721,NULL
skhb212892542,2022-03-18,18:45:00,18:50:00,12.980410,77.640489,13.070410,77.730489,NULL
skhc194405675,2022-03-08,23:00:00,23:15:00,19.221315,72.862381,19.301315,72.942381,NULL
sklp754030031,2022-03-07,15:40:00,15:55:00,19.121999,72.908493,19.161999,72.948493,NULL
skml974760130,2022-03-13,20:35:00,20:40:00,22.725835,75.887648,22.775835,75.937648,NULL
skmv903593285,2022-03-10,21:15:00,21:25:00,12.304569,76.643622,12.384569,76.723622,NULL
sknl361241032,2022-03-21,15:40:00,15:55:00,26.921411,75.793604,26.961411,75.833604,NULL
skoh504232741,2022-02-15,10:45:00,10:55:00,0.000000,0.000000,0.020000,0.020000,NULL
skse636601050,2022-04-01,22:30:00,22:45:00,22.732225,75.874765,22.792225,75.934765,NULL
sksp633257690,2022-03-02,17:55:00,18:10:00,18.546258,73.904337,18.636258,73.994337,NULL
skvy273560627,2022-03-31,19:55:00,20:05:00,12.933284,77.615428,13.013284,77.695428,NULL
skwv680313900,2022-03-08,23:15:00,23:30:00,12.323978,76.627961,12.403978,76.707961,NULL
skwv964648427,2022-03-24,11:40:00,11:55:00,23.399250,85.390464,23.409250,85.400464,NULL
skxj212048389,2022-02-12,22:30:00,22:40:00,-30.319528,78.040267,30.429528,78.150267,NULL
skzw050871619,2022-03-12,17:45:00,17:55:00,12.352058,76.606650,12.422058,76.676650,NULL
slby033406973,2022-03-21,18:10:00,18:20:00,19.120083,72.907385,19.180083,72.967385,NULL
slet857338432,2022-03-30,10:30:00,10:40:00,22.751857,75.866699,22.771857,75.886699,NULL
slis501550333,2022-02-18,21:15:00,21:20:00,25.443994,81.860187,25.513994,81.930187,NULL
slor553646322,2022-02-12,17:25:00,17:35:00,19.874733,75.353942,19.984733,75.463942,NULL
slqc641839422,2022-03-15,08:55:00,09:05:00,11.026117,76.944652,11.036117,76.954652,NULL
slss912172648,2022-03-25,18:10:00,18:25:00,18.562450,73.916619,18.632450,73.986619,NULL
sluo790983892,2022-03-24,19:00:00,19:10:00,12.334022,76.618203,12.384022,76.668203,NULL
slux806483752,2022-02-12,20:00:00,20:05:00,30.914057,75.839820,31.004057,75.929820,NULL
slvs805593603,2022-04-02,20:55:00,21:05:00,12.297954,76.665169,12.427954,76.795169,NULL
slxo730244341,2022-03-29,22:15:00,22:25:00,13.026279,80.174568,13.116279,80.264568,NULL
slxt307275668,2022-03-11,20:35:00,20:50:00,26.849596,75.800512,26.909596,75.860512,NULL
slyi134009085,2022-04-03,12:00:00,12:05:00,10.994136,76.963303,11.014136,76.983303,NULL
slzr125496815,2022-03-05,14:45:00,15:00:00,12.979096,77.640625,13.019096,77.680625,NULL
slzy591108434,2022-03-29,22:35:00,22:45:00,22.310526,73.170937,22.420526,73.280937,NULL
smaz116081857,2022-03-29,21:15:00,21:20:00,21.175975,72.795503,21.285975,72.905503,NULL
smbm423236836,2022-02-17,08:40:00,08:50:00,9.985697,76.281128,9.995697,76.291128,NULL
smbr148296348,2022-03-01,14:40:00,14:55:00,17.428294,78.404423,17.468294,78.444423,NULL
smfe672137937,2022-03-04,17:10:00,17:20:00,10.994136,76.963303,11.074136,77.043303,NULL
smga687942860,2022-03-01,17:00:00,17:15:00,26.902940,75.793007,26.942940,75.833007,NULL
smlr911913855,2022-03-20,20:30:00,20:35:00,22.311603,73.165012,22.421603,73.275012,NULL
smoi764457057,2022-04-05,11:55:00,12:00:00,12.323194,76.630583,12.333194,76.640583,NULL
smtn937032095,2022-04-02,21:00:00,21:15:00,17.438263,78.397865,17.508263,78.467865,NULL
smva419024635,2022-03-25,22:55:00,23:05:00,11.026117,76.944652,11.116117,77.034652,NULL
smwq134149662,2022-03-05,09:40:00,09:50:00,17.430448,78.418213,17.440448,78.428213,NULL
smxi817209048,2022-02-18,17:35:00,17:45:00,19.875522,75.367127,19.955522,75.447127,NULL
smzd684277618,2022-04-06,17:55:00,18:10:00,22.695207,75.866059,22.785207,75.956059,NULL
snbx883943286,2022-02-13,14:40:00,14:50:00,25.454697,81.834492,25.494697,81.874492,NULL
sncc435123357,2022-03-09,12:00:00,12:05:00,12.284747,76.625861,12.294747,76.635861,NULL
snea207847510,2022-03-11,20:20:00,20:30:00,22.761593,75.886362,22.811593,75.936362,NULL
snex902777923,2022-03-17,22:25:00,22:30:00,19.126630,72.829976,19.156630,72.859976,NULL
sngx521467984,2022-03-24,17:20:00,17:25:00,18.546947,73.900626,18.596947,73.950626,NULL
snhu818066677,2022-03-26,21:10:00,21:15:00,11.000762,76.981876,11.060762,77.041876,NULL
snit332265391,2022-03-08,17:30:00,17:40:00,12.321214,76.621094,12.431214,76.731094,NULL
snkm475345819,2022-04-06,22:15:00,22:20:00,0.000000,0.000000,0.110000,0.110000,NULL
snld058225486,2022-03-13,20:20:00,20:35:00,0.000000,0.000000,0.060000,0.060000,NULL
snnk405400637,2022-04-05,08:45:00,08:50:00,21.186884,72.793616,21.196884,72.803616,NULL
snnv629943639,2022-03-20,22:25:00,22:35:00,18.569156,73.774723,18.699156,73.904723,NULL
snqp435509407,2022-03-29,17:15:00,17:20:00,18.514210,73.838429,18.644210,73.968429,NULL
snqp734871088,2022-04-01,09:10:00,09:20:00,22.311358,73.164798,22.321358,73.174798,NULL
snqz281043193,2022-02-17,13:10:00,13:15:00,23.211529,77.419399,23.251529,77.459399,NULL
sntv555417071,2022-03-17,08:40:00,08:45:00,13.026279,80.174568,13.046279,80.194568,NULL
snua054998769,2022-03-30,20:40:00,20:45:00,17.431668,78.408321,17.481668,78.458321,NULL
snww102287101,2022-03-19,19:20:00,19:25:00,22.310329,73.169083,22.340329,73.199083,NULL
snxt657345988,2022-03-31,18:30:00,18:40:00,22.751234,75.889490,22.861234,75.999490,NULL
soab588492387,2022-03-17,15:00:00,15:15:00,18.533811,73.899315,18.573811,73.939315,NULL
soam276276368,2022-03-30,12:50:00,13:05:00,22.751857,75.866699,22.791857,75.906699,NULL
soat723921966,2022-03-20,21:35:00,21:45:00,12.972793,80.249982,13.102793,80.379982,NULL
sobv094755941,2022-04-06,19:30:00,19:40:00,17.426228,78.407495,17.536228,78.517495,NULL
sode967358024,2022-03-19,23:45:00,23:50:00,18.534080,73.898520,18.584080,73.948520,NULL
soeg154660146,2022-02-14,18:25:00,18:35:00,9.985497,76.276999,10.115497,76.406999,NULL
sojs277662991,2022-03-21,17:10:00,17:20:00,13.066762,80.251865,13.096762,80.281865,NULL
solg308049286,2022-03-29,20:20:00,20:30:00,23.369746,85.339820,23.439746,85.409820,NULL
soqk569165098,2022-02-18,23:40:00,23:50:00,30.885814,75.786976,30.975814,75.876976,NULL
soqt210842727,2022-04-05,09:45:00,09:55:00,18.536562,73.896485,18.556562,73.916485,NULL
sosf656040702,2022-03-30,23:55:00,00:10:00,26.921411,75.793604,26.981411,75.853604,NULL
soto490058152,2022-03-27,22:40:00,22:45:00,0.000000,0.000000,0.090000,0.090000,NULL
sout480572924,2022-03-21,14:50:00,15:05:00,18.563934,73.915367,18.603935,73.955367,NULL
sovi907389353,2022-03-05,20:10:00,20:20:00,0.000000,0.000000,0.060000,0.060000,NULL
sowb643853055,2022-03-18,17:35:00,17:50:00,11.001753,76.986241,11.071753,77.056241,NULL
sowo914906214,2022-03-15,20:00:00,20:10:00,21.175975,72.795503,21.225975,72.845503,NULL
sowt418281676,2022-03-07,23:10:00,23:20:00,21.186438,72.794115,21.246438,72.854115,NULL
sowz439849645,2022-03-12,21:10:00,21:25:00,26.766536,75.837333,26.906536,75.977333,NULL
soxf193898562,2022-03-04,21:10:00,21:20:00,23.371292,85.327872,23.501292,85.457872,NULL
sozu200605179,2022-03-24,11:25:00,11:35:00,11.003669,76.976494,11.023669,76.996494,NULL
spaw525536827,2022-03-15,22:00:00,22:10:00,12.934365,77.616155,12.984365,77.666155,NULL
spbz826916735,2022-03-08,21:00:00,21:05:00,23.374878,85.335739,23.454878,85.415739,NULL
spdd624794182,2022-02-18,18:30:00,18:35:00,30.890184,75.829615,30.980184,75.919615,NULL
spey069533080,2022-03-15,13:45:00,14:00:00,17.426228,78.407495,17.466228,78.447495,NULL
spgd692884141,2022-03-19,17:30:00,17:40:00,0.000000,0.000000,0.030000,0.030000,NULL
spin529351957,2022-04-02,21:00:00,21:10:00,21.170798,72.790489,21.300798,72.920489,NULL
spmy523906291,2022-04-02,21:50:00,22:00:00,21.170096,72.789122,21.280096,72.899122,NULL
spnx147926728,2022-03-06,20:30:00,20:40:00,21.149834,72.778666,21.239834,72.868666,NULL
spqt033970808,2022-03-30,12:20:00,12:30:00,0.000000,0.000000,0.040000,0.040000,NULL
spqu144145307,2022-03-07,00:00:00,00:05:00,12.986047,80.218114,13.046047,80.278114,NULL
spwv997002570,2022-02-18,20:00:00,20:15:00,0.000000,0.000000,0.110000,0.110000,NULL
spzf003661647,2022-03-31,17:40:00,17:50:00,23.333017,85.317200,23.403017,85.387200,NULL
sqau569481916,2022-03-23,23:20:00,23:30:00,18.994049,72.825203,19.064049,72.895203,NULL
sqdn998740185,2022-03-03,19:45:00,19:55:00,12.972532,77.608179,13.022532,77.658179,NULL
sqgx417616458,2022-03-30,20:00:00,20:10:00,17.451976,78.385883,17.511976,78.445883,NULL
sqhx681171337,2022-03-20,19:20:00,19:35:00,26.914142,75.805704,27.054142,75.945704,NULL
sqjf739186380,2022-02-14,19:55:00,20:10:00,23.235123,77.398886,23.345123,77.508886,NULL
sqjm123634300,2022-03-23,22:15:00,22:25:00,13.064181,80.236442,13.154181,80.326442,NULL
sqno446547336,2022-03-12,21:15:00,21:20:00,11.003681,76.975525,11.073681,77.045525,NULL
sqoa331078187,2022-03-23,18:00:00,18:15:00,19.178321,72.834715,19.268321,72.924715,NULL
sqpo222630639,2022-02-13,14:55:00,15:05:00,15.303897,73.914336,15.343897,73.954336,NULL
sqpt381009382,2022-04-04,22:20:00,22:35:00,23.371292,85.327872,23.441292,85.397872,NULL
sqqd135065622,2022-04-05,19:55:00,20:05:00,23.374989,85.335486,23.404989,85.365486,NULL
sqtm450286045,2022-03-11,17:35:00,17:50:00,18.533811,73.899315,18.563811,73.929315,NULL
sqwt814705106,2022-02-12,17:55:00,18:05:00,26.492106,80.327797,26.582106,80.417797,NULL
sqyn661087219,2022-03-27,17:35:00,17:40:00,12.914264,77.678400,12.994264,77.758400,NULL
srad424538827,2022-03-04,21:45:00,21:50:00,11.022298,76.998349,11.092298,77.068349,NULL
srcx347469953,2022-03-19,11:30:00,11:35:00,18.539299,73.897902,18.559299,73.917902,NULL
srgr196863391,2022-03-12,22:50:00,23:00:00,26.913726,75.752820,27.003726,75.842821,NULL
srjg517428155,2022-03-17,20:35:00,20:45:00,17.431668,78.408321,17.481668,78.458321,NULL
srjq676150512,2022-03-26,17:40:00,17:55:00,22.753659,75.903365,22.813659,75.963365,NULL
srkb200529387,2022-02-16,19:00:00,19:10:00,25.450329,81.834279,25.520329,81.904279,NULL
srks730439119,2022-03-23,19:50:00,19:55:00,17.424114,78.347554,17.554114,78.477554,NULL
srnk860812406,2022-03-05,09:20:00,09:30:00,23.354422,85.332900,23.364422,85.342900,NULL
sroj558743624,2022-02-13,23:10:00,23:25:00,26.482581,80.315628,26.532581,80.365628,NULL
srpc890353253,2022-03-20,21:55:00,22:05:00,21.149569,72.772697,21.219569,72.842697,NULL
srpp894190050,2022-03-26,17:45:00,17:55:00,12.975996,80.221898,13.035996,80.281898,NULL
srpz229628296,2022-04-01,08:30:00,08:45:00,10.994136,76.963303,11.004136,76.973303,NULL
srrd824713713,2022-03-29,23:40:00,23:55:00,0.000000,0.000000,0.110000,0.110000,NULL
srsm799358656,2022-03-27,21:20:00,21:30:00,21.173493,72.801953,21.283493,72.911953,NULL
srtd262637455,2022-03-20,19:30:00,19:35:00,12.970221,77.645396,13.060221,77.735396,NULL
srts927270263,2022-03-03,23:20:00,23:25:00,21.170096,72.789122,21.230096,72.849122,NULL
ssbq622479794,2022-02-15,23:30:00,23:35:00,22.577821,88.400581,22.607821,88.430581,NULL
ssfe377862846,2022-03-30,21:15:00,21:30:00,11.025083,77.015393,11.085083,77.075393,NULL
ssgs841124654,2022-03-02,19:45:00,20:00:00,23.359407,85.325055,23.449407,85.415055,NULL
sshu563205930,2022-03-03,23:55:00,00:10:00,12.325461,76.632278,12.375461,76.682278,NULL
ssjq864315558,2022-03-10,23:15:00,23:25:00,0.000000,0.000000,0.070000,0.070000,NULL
ssmo653958032,2022-03-01,20:45:00,20:50:00,21.186884,72.793616,21.236884,72.843616,NULL
ssnp170083586,2022-03-16,23:25:00,23:35:00,21.173343,72.792731,21.283343,72.902731,NULL
ssqr217571771,2022-02-11,11:40:00,11:50:00,22.514688,88.393294,22.534688,88.413294,NULL
sssd365833480,2022-03-09,13:20:00,13:25:00,12.323225,76.630028,12.363225,76.670028,NULL
ssse130836432,2022-04-01,18:30:00,18:45:00,11.000762,76.981876,11.060762,77.041876,NULL
ssul685295999,2022-02-13,11:45:00,11:55:00,9.988483,76.295211,9.998483,76.305211,NULL
ssuu580065676,2022-03-18,22:40:00,22:55:00,12.979166,77.640709,13.109166,77.770709,NULL
ssvo692214859,2022-03-20,22:45:00,22:50:00,21.183434,72.814492,21.273434,72.904492,NULL
ssxq185441877,2022-02-11,15:40:00,15:50:00,9.957144,76.296783,9.997144,76.336783,NULL
sszd530800434,2022-03-08,20:00:00,20:05:00,26.956431,75.776649,27.086431,75.906649,NULL
stam268544516,2022-03-27,18:45:00,19:00:00,0.000000,0.000000,0.070000,0.070000,NULL
stcr006806755,2022-02-15,11:25:00,11:40:00,25.454697,81.834492,25.474697,81.854492,NULL
stcr492336543,2022-03-25,18:45:00,18:55:00,21.186608,72.794136,21.256608,72.864136,NULL
stef841907019,2022-03-11,23:25:00,23:35:00,21.170798,72.790489,21.220798,72.840489,NULL
stez663786593,2022-03-21,21:50:00,22:00:00,26.913483,75.803139,26.943483,75.833139,NULL
stjj961635623,2022-03-21,18:00:00,18:15:00,23.351058,85.325731,23.381058,85.355731,NULL
stkq697878098,2022-04-06,18:45:00,19:00:00,11.006686,76.951736,11.136686,77.081736,NULL
stsc374225607,2022-02-18,22:55:00,23:00:00,22.577821,88.400581,22.647821,88.470581,NULL
stsj613999591,2022-03-10,21:20:00,21:35:00,0.000000,0.000000,0.090000,0.090000,NULL
stup716975074,2022-03-19,10:00:00,10:10:00,17.433809,78.386744,17.443809,78.396744,NULL
stuw291409985,2022-03-11,20:45:00,21:00:00,21.186438,72.794115,21.216438,72.824115,NULL
stvn303447473,2022-03-06,22:25:00,22:40:00,26.913726,75.752820,26.993726,75.832820,NULL
stwi769100500,2022-03-03,14:55:00,15:10:00,12.906229,77.596791,12.946229,77.636791,NULL
styg587460022,2022-03-19,18:20:00,18:35:00,12.310972,76.659264,12.370972,76.719264,NULL
sucs155278705,2022-03-18,19:00:00,19:15:00,22.310237,73.158921,22.440237,73.288921,NULL
sudw225628231,2022-03-10,17:15:00,17:30:00,26.902908,75.792934,27.032908,75.922934,NULL
sudy071005925,2022-03-16,21:40:00,21:45:00,21.171060,72.789292,21.281060,72.899292,NULL
sulr178456503,2022-03-02,17:10:00,17:25:00,21.157735,72.768778,21.267735,72.878778,NULL
suqx205440297,2022-03-20,20:35:00,20:40:00,21.157729,72.768726,21.267729,72.878726,NULL
surm607398206,2022-03-08,21:55:00,22:00:00,26.911378,75.789034,26.991378,75.869034,NULL
suuj945532063,2022-02-18,17:30:00,17:40:00,0.000000,0.000000,0.110000,0.110000,NULL
suws978962559,2022-03-04,21:00:00,21:05:00,12.337928,76.617889,12.467928,76.747889,NULL
suyc679968506,2022-04-03,18:25:00,18:35:00,26.766536,75.837333,26.796536,75.867333,NULL
suyv081121298,2022-04-06,18:35:00,18:40:00,21.152760,72.778059,21.242760,72.868059,NULL
svaz245949387,2022-03-03,12:30:00,12:40:00,12.325461,76.632278,12.365461,76.672278,NULL
svct260971098,2022-03-25,20:15:00,20:20:00,12.326356,76.619103,12.406356,76.699103,NULL
svdz017977926,2022-03-08,19:40:00,19:50:00,22.751857,75.866699,22.831857,75.946699,NULL
svea140595156,2022-03-27,21:20:00,21:35:00,22.753659,75.903365,22.833659,75.983365,NULL
svem176400459,2022-03-25,22:30:00,22:45:00,22.751234,75.889490,22.861234,75.999490,NULL
svez018781998,2022-04-06,19:00:00,19:15:00,22.728163,75.884212,22.818163,75.974212,NULL
svir857087240,2022-03-06,20:50:00,20:55:00,12.933298,77.614293,13.063298,77.744293,NULL
svld706205175,2022-03-02,17:40:00,17:45:00,12.337978,76.616792,12.447978,76.726792,NULL
svlw573443641,2022-03-27,19:40:00,19:50:00,18.536562,73.896485,18.666562,74.026485,NULL
svmm286827299,2022-03-11,22:00:00,22:15:00,18.927584,72.832585,18.977584,72.882585,NULL
svmp678252442,2022-03-01,10:00:00,10:10:00,12.284747,76.625861,12.294747,76.635861,NULL
svnj850503053,2022-03-13,15:35:00,15:50:00,11.000762,76.981876,11.040762,77.021876,NULL
svnw284677775,2022-02-11,17:40:00,17:55:00,30.335259,78.053162,30.395259,78.113162,NULL
svpx912240732,2022-03-05,17:25:00,17:30:00,11.025083,77.015393,11.055083,77.045393,NULL
svxy111176694,2022-02-12,18:30:00,18:40:00,30.893234,75.821720,30.983234,75.911720,NULL
svzo820725442,2022-02-18,23:20:00,23:30:00,25.453436,81.833167,25.543436,81.923167,NULL
swes013376929,2022-03-06,17:15:00,17:25:00,18.546947,73.900626,18.656947,74.010626,NULL
swif501113887,2022-03-24,11:20:00,11:25:00,0.000000,0.000000,0.010000,0.010000,NULL
swiw943046690,2022-02-12,21:40:00,21:50:00,9.960846,76.293936,10.040846,76.373936,NULL
swnz723914335,2022-03-09,22:55:00,23:05:00,22.745536,75.893106,22.795536,75.943106,NULL
swob725143010,2022-04-02,20:20:00,20:30:00,26.913987,75.752891,27.003987,75.842891,NULL
swqm303137503,2022-03-04,00:00:00,00:05:00,11.010375,76.952950,11.080375,77.022950,NULL
swsu074909745,2022-03-10,18:20:00,18:30:00,19.181300,72.836191,19.311300,72.966191,NULL
swsv304853942,2022-03-18,21:25:00,21:30:00,19.178321,72.834715,19.288321,72.944715,NULL
swwz034241877,2022-03-03,16:45:00,16:50:00,12.933284,77.615428,12.973284,77.655428,NULL
sxdx277393094,2022-03-16,21:35:00,21:45:00,17.412330,78.449654,17.522330,78.559654,NULL
sxhr571720581,2022-03-03,14:50:00,15:00:00,18.533811,73.899315,18.573811,73.939315,NULL
sxmq906078292,2022-03-18,19:15:00,19:30:00,26.902908,75.792934,27.032908,75.922934,NULL
sxnc962329653,2022-03-14,18:30:00,18:40:00,23.416792,85.316842,23.506792,85.406842,NULL
sxrq110429513,2022-03-25,19:35:00,19:45:00,13.081878,80.248519,13.211878,80.378519,NULL
sxur103638112,2022-03-12,22:25:00,22:35:00,18.592718,73.773572,18.662718,73.843572,NULL
sxwz698905442,2022-02-16,19:15:00,19:30:00,22.539129,88.365507,22.619129,88.445507,NULL
sxxv794516975,2022-03-10,18:55:00,19:05:00,13.044694,80.261470,13.124694,80.341470,NULL
sxyv078559529,2022-03-01,10:55:00,11:05:00,22.311603,73.165012,22.331603,73.185012,NULL
sxzr055688582,2022-03-20,23:25:00,23:30:00,11.020910,76.940432,11.100910,77.020432,NULL
sxzt010392849,2022-02-11,17:15:00,17:25:00,26.471617,80.313564,26.531617,80.373564,NULL
syam215955715,2022-02-15,20:35:00,20:50:00,15.544419,73.755736,15.604419,73.815736,NULL
syeh579470089,2022-03-26,09:00:00,09:10:00,13.026286,80.275235,13.046286,80.295235,NULL
syfr338202107,2022-03-31,17:30:00,17:35:00,23.355164,85.324097,23.485164,85.454097,NULL
syhd215797330,2022-04-02,23:20:00,23:25:00,22.761226,75.887522,22.841226,75.967522,NULL
syht446858057,2022-03-30,16:25:00,16:35:00,18.551440,73.804855,18.591440,73.844855,NULL
syjj481658586,2022-03-04,22:45:00,23:00:00,17.429585,78.392621,17.559585,78.522621,NULL
syld710992921,2022-03-08,18:00:00,18:05:00,21.186438,72.794115,21.296438,72.904115,NULL
symq395184360,2022-03-13,23:25:00,23:30:00,26.905287,75.794592,26.965287,75.854592,NULL
syqn000566609,2022-04-06,17:45:00,17:50:00,12.352058,76.606650,12.462058,76.716650,NULL
syrb504533999,2022-02-12,22:55:00,23:10:00,15.493950,73.827423,15.603950,73.937423,NULL
syrt531722470,2022-03-10,20:20:00,20:25:00,13.026279,80.174568,13.096279,80.244568,NULL
syuh622853946,2022-03-13,17:50:00,17:55:00,11.022169,76.999594,11.072169,77.049594,NULL
syvc244494447,2022-03-07,16:15:00,16:30:00,10.961850,76.971082,11.001850,77.011082,NULL
syvj669856018,2022-03-26,21:45:00,21:50:00,23.354422,85.332900,23.404422,85.382900,NULL
syvm691786047,2022-03-08,17:35:00,17:45:00,17.438263,78.397865,17.568263,78.527865,NULL
syvt974028702,2022-03-21,13:00:00,13:05:00,0.000000,0.000000,0.040000,0.040000,NULL
syzc754553820,2022-03-11,17:10:00,17:25:00,18.539299,73.897902,18.569299,73.927902,NULL
szbb646301545,2022-03-04,17:50:00,18:00:00,11.022477,76.995667,11.132477,77.105667,NULL
szbu377757013,2022-03-31,19:00:00,19:10:00,0.000000,0.000000,0.080000,0.080000,NULL
szby660596697,2022-03-13,21:45:00,21:50:00,17.440827,78.393391,17.470827,78.423391,NULL
szcy851530843,2022-03-25,18:25:00,18:40:00,0.000000,0.000000,0.090000,0.090000,NULL
szhl089496472,2022-03-08,21:10:00,21:25:00,26.913726,75.752820,27.053726,75.892820,NULL
szjz374402508,2022-03-17,15:15:00,15:25:00,18.546947,73.900626,18.586947,73.940626,NULL
szkl976484907,2022-03-15,08:30:00,08:35:00,10.961850,76.971082,10.981850,76.991082,NULL
szmq319716340,2022-03-19,18:40:00,18:45:00,23.354422,85.332900,23.414422,85.392900,NULL
szqm495930524,2022-03-23,17:10:00,17:25:00,21.186884,72.793616,21.256884,72.863616,NULL
szso398384860,2022-03-02,22:25:00,22:30:00,11.026117,76.944652,11.106117,77.024652,NULL
szta104365349,2022-04-04,21:40:00,21:55:00,18.546947,73.900626,18.676947,74.030626,NULL
szxu330486778,2022-03-13,08:25:00,08:30:00,17.424114,78.347554,17.444114,78.367554,NULL
szyr763397764,2022-04-05,21:50:00,22:00:00,18.539299,73.897902,18.599299,73.957902,NULL
taci120727255,2022-03-26,10:55:00,11:05:00,19.055831,72.833984,19.065831,72.843984,NULL
tafq734038727,2022-02-11,18:55:00,19:05:00,25.449872,81.836167,25.509872,81.896167,NULL
tais950184525,2022-02-16,17:55:00,18:10:00,26.463504,80.372929,26.603504,80.512929,NULL
takm498174084,2022-02-13,22:40:00,22:45:00,19.876106,75.340775,19.926106,75.390775,NULL
talu198958493,2022-03-03,20:15:00,20:20:00,21.149834,72.778666,21.199834,72.828666,NULL
tanp572380660,2022-03-14,22:00:00,22:05:00,23.399250,85.390464,23.489250,85.480464,NULL
taos979064352,2022-03-26,18:40:00,18:50:00,12.906229,77.596791,12.956229,77.646791,NULL
tapl970363752,2022-03-19,12:50:00,13:05:00,22.750040,75.902847,22.790040,75.942847,NULL
taqg748867597,2022-03-03,22:20:00,22:30:00,17.455894,78.375467,17.485894,78.405467,NULL
taqs429293566,2022-03-12,18:15:00,18:30:00,18.551440,73.804855,18.681440,73.934855,NULL
tarb961430269,2022-02-12,22:00:00,22:15:00,0.000000,0.000000,0.080000,0.080000,NULL
tatl950432918,2022-03-10,19:15:00,19:20:00,21.149834,72.778666,21.229834,72.858666,NULL
tauk894839226,2022-03-16,20:55:00,21:10:00,12.934179,77.615797,13.064179,77.745797,NULL
tauu180215071,2022-03-18,19:55:00,20:10:00,23.369746,85.339820,23.499746,85.469820,NULL
taxt638153892,2022-03-10,19:40:00,19:50:00,13.005801,80.250744,13.115801,80.360744,NULL
tayk538131527,2022-03-01,13:50:00,13:55:00,13.054347,80.257221,13.094347,80.297221,NULL
tbbu562785662,2022-03-20,19:10:00,19:25:00,26.956431,75.776649,27.046431,75.866649,NULL
tbbw762472363,2022-03-07,12:15:00,12:20:00,21.157735,72.768778,21.197735,72.808778,NULL
tbcv502822308,2022-02-18,22:25:00,22:30:00,30.328174,78.049117,30.398174,78.119117,NULL
tbdy185098247,2022-03-13,09:10:00,09:15:00,12.334022,76.618203,12.344022,76.628203,NULL
tbfj111204055,2022-03-13,23:55:00,00:00:00,12.972161,77.596014,13.022161,77.646014,NULL
tbfq847980585,2022-03-28,23:50:00,00:00:00,21.152760,72.778059,21.182760,72.808059,NULL
tbgt287691859,2022-02-11,19:15:00,19:30:00,0.000000,0.000000,0.060000,0.060000,NULL
tbia968566494,2022-03-07,13:15:00,13:25:00,12.972532,77.608179,13.012532,77.648179,NULL
tbln574225506,2022-02-11,23:55:00,00:10:00,0.000000,0.000000,0.050000,0.050000,NULL
tbsr275447599,2022-04-04,19:15:00,19:30:00,21.186884,72.793616,21.296884,72.903616,NULL
tbvc207410371,2022-03-19,23:15:00,23:25:00,23.355164,85.324097,23.415164,85.384097,NULL
tbxi665109393,2022-03-01,17:35:00,17:45:00,18.994049,72.825203,19.054049,72.885203,NULL
tccc587150823,2022-03-09,21:15:00,21:20:00,18.994237,72.825553,19.044237,72.875553,NULL
tccw474511252,2022-03-30,10:40:00,10:45:00,21.183434,72.814492,21.193434,72.824492,NULL
tcjj860782373,2022-04-05,08:30:00,08:35:00,12.972532,77.608179,12.992532,77.628179,NULL
tcnp791589992,2022-03-08,18:35:00,18:45:00,26.905190,75.810753,27.035190,75.940753,NULL
tcta151794775,2022-03-30,18:15:00,18:25:00,18.539299,73.897902,18.599299,73.957902,NULL
tdcg710696708,2022-03-11,17:50:00,18:05:00,22.310329,73.169083,22.340329,73.199083,NULL
tdch343614291,2022-03-03,12:45:00,13:00:00,12.935662,77.614130,12.975662,77.654130,NULL
tdcn960931645,2022-03-15,17:40:00,17:55:00,13.026279,80.174568,13.076279,80.224568,NULL
tdda959199837,2022-03-30,16:25:00,16:30:00,26.911927,75.797282,26.951927,75.837282,NULL
tddr027698889,2022-04-02,20:45:00,20:50:00,23.357804,85.325146,23.467804,85.435146,NULL
tdgw259085676,2022-03-02,22:40:00,22:55:00,12.311072,76.654878,12.401072,76.744878,NULL
tdgx406662274,2022-03-16,17:25:00,17:30:00,22.310329,73.169083,22.380329,73.239083,NULL
tdgy050946960,2022-03-07,21:20:00,21:25:00,12.934365,77.616155,12.964365,77.646155,NULL
tdhh061839733,2022-03-11,10:15:00,10:30:00,19.221315,72.862381,19.241315,72.882381,NULL
tdiy280023012,2022-04-03,14:35:00,14:40:00,12.316967,76.603067,12.356967,76.643067,NULL
tdkt914926092,2022-03-12,17:40:00,17:50:00,18.546258,73.904337,18.636258,73.994337,NULL
tdkz968718818,2022-03-12,20:10:00,20:20:00,17.431668,78.408321,17.501668,78.478321,NULL
tdof210471327,2022-04-05,20:15:00,20:30:00,19.109300,72.825451,19.169300,72.885451,NULL
tdor533442479,2022-03-12,22:15:00,22:25:00,22.320000,73.170000,22.390000,73.240000,NULL
tdup125256920,2022-03-27,19:35:00,19:45:00,12.949934,77.699386,13.019934,77.769386,NULL
tdyl558044360,2022-03-20,22:20:00,22:25:00,12.311072,76.654878,12.421072,76.764878,NULL
tdzb061783719,2022-03-20,23:35:00,23:50:00,17.411028,78.329645,17.491028,78.409645,NULL
tebe679297151,2022-04-04,19:35:00,19:40:00,12.284747,76.625861,12.364747,76.705861,NULL
tech899419111,2022-03-13,20:35:00,20:40:00,22.761226,75.887522,22.791226,75.917522,NULL
tedw037906557,2022-04-05,18:45:00,18:50:00,0.000000,0.000000,0.030000,0.030000,NULL
tehh524032165,2022-03-09,20:10:00,20:20:00,22.320000,73.170000,22.370000,73.220000,NULL
teij116088130,2022-03-16,20:20:00,20:25:00,0.000000,0.000000,0.130000,0.130000,NULL
teka425366253,2022-03-04,17:10:00,17:25:00,21.152760,72.778059,21.232760,72.858059,NULL
temu923783468,2022-04-01,21:15:00,21:20:00,10.994136,76.963303,11.054136,77.023303,NULL
tenq639481743,2022-03-15,22:40:00,22:50:00,13.066762,80.251865,13.116762,80.301865,NULL
teqe849578970,2022-03-21,20:10:00,20:20:00,18.546947,73.900626,18.576947,73.930626,NULL
terq302227521,2022-03-28,15:20:00,15:30:00,18.563934,73.915367,18.603935,73.955367,NULL
terq315566653,2022-02-17,22:40:00,22:55:00,27.157772,78.047250,27.217772,78.107250,NULL
ters101342796,2022-03-09,20:10:00,20:15:00,12.323225,76.630028,12.353225,76.660028,NULL
tesn419434794,2022-04-04,23:20:00,23:30:00,19.121999,72.908493,19.201999,72.988493,NULL
tetd715171593,2022-03-31,17:30:00,17:40:00,26.846156,75.802300,26.926156,75.882300,NULL
teuo495863117,2022-04-05,08:55:00,09:10:00,11.022298,76.998349,11.032298,77.008349,NULL
tevt553528967,2022-03-24,21:10:00,21:20:00,26.846156,75.802300,26.906156,75.862300,NULL
tews708136778,2022-03-20,17:40:00,17:45:00,18.514210,73.838429,18.594210,73.918429,NULL
tewu533465496,2022-03-27,23:20:00,23:25:00,12.975996,80.221898,13.085996,80.331898,NULL
tewu858075444,2022-04-04,22:45:00,22:50:00,12.980410,77.640489,13.090410,77.750489,NULL
tezx334082600,2022-04-03,21:20:00,21:30:00,23.359033,85.325347,23.419033,85.385347,NULL
tfkj306385926,2022-02-16,22:35:00,22:50:00,10.027014,76.308053,10.157014,76.438053,NULL
tfls218616649,2022-03-24,18:00:00,18:15:00,17.426228,78.407495,17.456228,78.437495,NULL
tfnw587458104,2022-03-29,17:10:00,17:15:00,18.520016,73.830547,18.650016,73.960547,NULL
tfoe370688920,2022-03-07,12:50:00,13:00:00,19.131141,72.813074,19.171140,72.853074,NULL
tfon307678494,2022-02-17,18:45:00,19:00:00,27.160934,78.044095,27.220934,78.104095,NULL
tfpa917587761,2022-03-06,19:45:00,19:50:00,22.311358,73.164798,22.381358,73.234798,NULL
tfpw264934804,2022-03-14,18:35:00,18:45:00,12.913041,77.683237,12.983041,77.753237,NULL
tfqx918312868,2022-02-12,18:20:00,18:30:00,19.876106,75.340775,20.006106,75.470775,NULL
tfuq883361081,2022-02-12,22:35:00,22:45:00,0.000000,0.000000,0.070000,0.070000,NULL
tfwz830119025,2022-03-26,17:30:00,17:40:00,19.178321,72.834715,19.238321,72.894715,NULL
tfxz025621580,2022-04-03,10:15:00,10:25:00,21.157729,72.768726,21.167729,72.778726,NULL
tfyd272285279,2022-02-16,17:15:00,17:25:00,26.472001,80.354002,26.612001,80.494002,NULL
tfzx514156185,2022-03-11,09:35:00,09:40:00,12.939496,77.625999,12.949496,77.635999,NULL
tghk691853144,2022-03-20,22:10:00,22:25:00,18.546947,73.900626,18.616947,73.970626,NULL
tgjq226264893,2022-03-05,20:50:00,21:05:00,22.312790,73.170283,22.372790,73.230283,NULL
tgjr617371120,2022-03-02,17:55:00,18:05:00,21.171060,72.789292,21.241060,72.859292,NULL
tgke160182421,2022-03-03,17:15:00,17:30:00,18.994237,72.825553,19.024237,72.855553,NULL
tgpu604615065,2022-02-13,20:00:00,20:15:00,-25.449872,81.836167,25.499872,81.886167,NULL
tgpw108094548,2022-03-29,17:15:00,17:30:00,12.299524,76.642620,12.369524,76.712620,NULL
tgqv589437846,2022-03-05,17:55:00,18:05:00,11.003008,76.975440,11.033008,77.005440,NULL
tgra271738086,2022-03-25,22:15:00,22:30:00,11.025083,77.015393,11.155083,77.145393,NULL
tgrb215410420,2022-03-21,09:25:00,09:35:00,19.223840,72.841347,19.233840,72.851347,NULL
tgrq307344701,2022-03-24,19:10:00,19:25:00,0.000000,0.000000,0.060000,0.060000,NULL
tgtd190976321,2022-03-12,23:35:00,23:40:00,21.183434,72.814492,21.313434,72.944492,NULL
tgte845838682,2022-03-04,18:20:00,18:25:00,18.927584,72.832585,19.007584,72.912585,NULL
tgtl103850515,2022-03-06,18:10:00,18:15:00,22.307898,73.167788,22.387898,73.247788,NULL
tgyy286872277,2022-02-13,10:30:00,10:40:00,27.161850,78.040165,27.171850,78.050165,NULL
thae216272296,2022-03-27,22:00:00,22:10:00,19.178321,72.834715,19.288321,72.944715,NULL
theu018798971,2022-03-15,19:15:00,19:25:00,23.359033,85.325347,23.389033,85.355347,NULL
thfc822550508,2022-03-17,12:20:00,12:30:00,22.751857,75.866699,22.791857,75.906699,NULL
this990144566,2022-02-17,10:35:00,10:40:00,10.000706,76.349516,10.010706,76.359516,NULL
thiu130982270,2022-03-03,21:45:00,22:00:00,21.183434,72.814492,21.233434,72.864492,NULL
thlf960450570,2022-02-11,14:20:00,14:30:00,10.028047,76.310019,10.068047,76.350019,NULL
thmq257008134,2022-03-24,13:45:00,13:55:00,21.186884,72.793616,21.226884,72.833616,NULL
thqh634853455,2022-03-13,20:00:00,20:15:00,21.186608,72.794136,21.236608,72.844136,NULL
thre324238412,2022-03-15,19:55:00,20:00:00,13.026279,80.174568,13.056279,80.204568,NULL
thsl750613768,2022-03-14,22:40:00,22:55:00,18.546258,73.904337,18.626258,73.984337,NULL
thtl367618438,2022-03-18,21:45:00,21:55:00,26.905190,75.810753,27.035190,75.940753,NULL
thuv275988997,2022-02-11,15:00:00,15:10:00,0.000000,0.000000,0.040000,0.040000,NULL
thvp682359006,2022-03-17,10:20:00,10:25:00,0.000000,0.000000,0.010000,0.010000,NULL
thym058259757,2022-03-13,11:20:00,11:25:00,12.323194,76.630583,12.343194,76.650583,NULL
tiaq589250392,2022-04-02,18:55:00,19:00:00,23.374878,85.335739,23.504878,85.465739,NULL
tidy908954840,2022-02-18,23:00:00,23:10:00,26.482419,80.320939,26.572419,80.410939,NULL
tifw976395462,2022-02-18,22:25:00,22:40:00,0.000000,0.000000,0.080000,0.080000,NULL
tigg314119041,2022-03-25,22:50:00,22:55:00,23.333017,85.317200,23.443017,85.427200,NULL
tigz061964416,2022-03-01,08:25:00,08:30:00,26.913726,75.752820,26.923726,75.762821,NULL
tihi294723940,2022-03-09,23:25:00,23:40:00,19.126630,72.829976,19.156630,72.859976,NULL
tiku670163066,2022-02-16,22:10:00,22:15:00,30.359722,78.067079,30.469722,78.177079,NULL
tikv240468200,2022-02-12,21:45:00,22:00:00,30.332735,78.054222,30.462735,78.184222,NULL
tiky483681821,2022-03-17,18:25:00,18:35:00,12.326356,76.619103,12.376356,76.669103,NULL
tioy810006940,2022-03-19,19:55:00,20:00:00,19.091458,72.827808,19.151458,72.887808,NULL
tipz847947390,2022-03-07,23:40:00,23:45:00,22.745536,75.893106,22.775536,75.923106,NULL
tiqe024508860,2022-03-16,20:40:00,20:45:00,23.351489,85.324253,23.481489,85.454253,NULL
tisr851896887,2022-04-03,13:25:00,13:35:00,22.310526,73.170937,22.350526,73.210937,NULL
titu043025048,2022-03-09,21:55:00,22:10:00,17.450851,78.379347,17.500851,78.429347,NULL
tiuq539544403,2022-02-11,09:20:00,09:35:00,0.000000,0.000000,0.020000,0.020000,NULL
tiwx994154153,2022-03-07,12:55:00,13:05:00,12.304569,76.643622,12.344569,76.683622,NULL
tixw400453550,2022-04-03,14:15:00,14:25:00,18.593481,73.785901,18.633481,73.825901,NULL
tiya380222843,2022-03-30,14:40:00,14:55:00,12.972532,77.608179,13.012532,77.648179,NULL
tiyc065976889,2022-03-15,16:25:00,16:30:00,22.311603,73.165012,22.351603,73.205012,NULL
tiyf194826902,2022-03-02,20:25:00,20:30:00,19.091458,72.827808,19.201458,72.937808,NULL
tjej375333159,2022-03-06,22:40:00,22:50:00,17.483216,78.552111,17.563216,78.632111,NULL
tjfg045253427,2022-03-28,14:25:00,14:35:00,17.428294,78.404423,17.468294,78.444423,NULL
tjgy009652596,2022-03-16,23:00:00,23:15:00,18.534080,73.898520,18.604080,73.968520,NULL
tjhr300275956,2022-02-11,18:45:00,19:00:00,10.027364,76.308258,10.077364,76.358258,NULL
tjib241378229,2022-02-13,10:00:00,10:15:00,0.000000,0.000000,0.010000,0.010000,NULL
tjkh783109078,2022-03-24,08:50:00,08:55:00,19.109300,72.825451,19.119300,72.835451,NULL
tjon659970928,2022-03-12,23:00:00,23:05:00,21.173493,72.801953,21.283493,72.911953,NULL
tjpd394338157,2022-03-07,10:45:00,10:55:00,19.091458,72.827808,19.101458,72.837808,NULL
tjqc403622348,2022-03-01,08:15:00,08:30:00,11.021278,76.995017,11.031278,77.005017,NULL
tjwx473238622,2022-02-16,23:35:00,23:40:00,30.905562,75.832841,31.045562,75.972841,NULL
tjwz327052268,2022-03-17,21:00:00,21:15:00,0.000000,0.000000,0.060000,0.060000,NULL
tjxe168735053,2022-03-26,10:25:00,10:35:00,19.181300,72.836191,19.201300,72.856191,NULL
tjxh038296843,2022-02-14,17:45:00,17:55:00,22.552672,88.352885,22.642672,88.442885,NULL
tjxk684962673,2022-03-14,17:15:00,17:30:00,13.086438,80.220672,13.176438,80.310672,NULL
tjyp083573247,2022-04-03,19:25:00,19:35:00,22.310329,73.169083,22.340329,73.199083,NULL
tkaa993135045,2022-03-02,17:40:00,17:55:00,12.913041,77.683237,12.983041,77.753237,NULL
tkal749324930,2022-03-04,19:40:00,19:55:00,18.536562,73.896485,18.616562,73.976485,NULL
tkcm865009244,2022-04-01,08:15:00,08:20:00,12.975377,77.696664,12.985377,77.706664,NULL
tkdm574530455,2022-03-07,20:30:00,20:40:00,22.725835,75.887648,22.755835,75.917648,NULL
tked433746594,2022-02-11,08:40:00,08:55:00,0.000000,0.000000,0.010000,0.010000,NULL
tkfk294839952,2022-02-15,23:20:00,23:25:00,30.332735,78.054222,30.362735,78.084222,NULL
tkke828590082,2022-03-30,19:25:00,19:35:00,18.536562,73.896485,18.566562,73.926485,NULL
tkln686354203,2022-04-02,18:00:00,18:15:00,26.891191,75.802083,27.031191,75.942083,NULL
tkmf453633974,2022-03-27,20:55:00,21:00:00,12.311072,76.654878,12.391072,76.734878,NULL
tkpl700116507,2022-04-03,15:45:00,15:50:00,12.979096,77.640625,13.019096,77.680625,NULL
tkqx912467856,2022-02-13,13:55:00,14:10:00,22.537960,88.349843,22.577960,88.389843,NULL
tksh951807587,2022-02-16,17:45:00,17:50:00,0.000000,0.000000,0.090000,0.090000,NULL
tkua467465647,2022-02-15,20:30:00,20:45:00,25.449659,81.839744,25.479659,81.869744,NULL
tkuf923606530,2022-03-27,21:40:00,21:55:00,11.006686,76.951736,11.136686,77.081736,NULL
tkvh425913994,2022-03-20,22:45:00,23:00:00,21.160437,72.774209,21.270437,72.884209,NULL
tlah379156697,2022-03-16,21:30:00,21:35:00,22.761226,75.887522,22.831226,75.957521,NULL
tlau769545090,2022-02-12,19:55:00,20:05:00,15.303897,73.914336,15.413897,74.024336,NULL
tlcb258595045,2022-04-05,12:35:00,12:40:00,11.008638,76.984311,11.048638,77.024311,NULL
tldc204671119,2022-04-03,09:30:00,09:45:00,18.534080,73.898520,18.544080,73.908520,NULL
tlfb586162862,2022-03-17,10:50:00,11:05:00,26.766536,75.837333,26.776536,75.847333,NULL
tlfi980305893,2022-03-08,22:10:00,22:25:00,11.001852,76.976268,11.081852,77.056268,NULL
tlgt719268310,2022-03-18,21:25:00,21:30:00,17.459710,78.368855,17.569710,78.478855,NULL
tlkb637995558,2022-03-21,21:10:00,21:20:00,21.170798,72.790489,21.200798,72.820489,NULL
tlll600451286,2022-03-09,15:20:00,15:25:00,26.910262,75.783013,26.950262,75.823013,NULL
tllm182042724,2022-03-09,19:20:00,19:30:00,0.000000,0.000000,0.060000,0.060000,NULL
tlmi792767795,2022-04-04,20:00:00,20:05:00,17.459710,78.368855,17.569710,78.478855,NULL
tlmi896122254,2022-03-26,21:00:00,21:15:00,18.546258,73.904337,18.606258,73.964337,NULL
tlpo628203370,2022-03-01,21:40:00,21:55:00,21.149569,72.772697,21.179569,72.802697,NULL
tlpw634103887,2022-03-23,21:00:00,21:05:00,19.120083,72.907385,19.210083,72.997385,NULL
tlsf890327550,2022-04-01,20:00:00,20:15:00,11.008638,76.984311,11.068638,77.044311,NULL
tltc135657204,2022-03-15,15:40:00,15:50:00,19.178321,72.834715,19.218321,72.874715,NULL
tlut129925119,2022-04-02,22:30:00,22:45:00,12.981615,80.231598,13.111615,80.361598,NULL
tlyk745160930,2022-02-18,19:35:00,19:40:00,23.266261,77.379605,23.346261,77.459605,NULL
tlyu069610755,2022-02-14,23:55:00,00:00:00,0.000000,0.000000,0.110000,0.110000,NULL
tlzs262718274,2022-03-12,18:50:00,18:55:00,21.149834,72.778666,21.239834,72.868666,NULL
tmbq000457786,2022-02-15,10:40:00,10:50:00,30.890184,75.829615,30.900184,75.839615,NULL
tmdf641903919,2022-03-16,21:50:00,22:00:00,11.022298,76.998349,11.092298,77.068349,NULL
tmez441406765,2022-03-14,19:25:00,19:40:00,12.986047,80.218114,13.066047,80.298114,NULL
tmgi911563522,2022-03-10,19:10:00,19:25:00,26.913726,75.752820,27.023726,75.862820,NULL
tmil568140087,2022-03-10,18:30:00,18:45:00,26.913483,75.803139,27.043483,75.933139,NULL
tmlh757027874,2022-03-30,10:00:00,10:15:00,17.433809,78.386744,17.453809,78.406744,NULL
tmlu987874941,2022-02-12,17:55:00,18:00:00,30.335259,78.053162,30.445259,78.163162,NULL
tmma206639417,2022-03-10,20:40:00,20:50:00,17.433809,78.386744,17.543809,78.496744,NULL
tmnb213861572,2022-04-04,23:15:00,23:20:00,12.323225,76.630028,12.453225,76.760028,NULL
tmno604598940,2022-02-16,23:25:00,23:40:00,0.000000,0.000000,0.070000,0.070000,NULL
tmoo940787990,2022-03-20,21:30:00,21:35:00,0.000000,0.000000,0.090000,0.090000,NULL
tmra080782884,2022-03-01,16:10:00,16:15:00,22.725835,75.887648,22.765835,75.927648,NULL
tmsa971752606,2022-03-27,19:15:00,19:25:00,0.000000,0.000000,0.110000,0.110000,NULL
tmtf506630827,2022-03-12,22:20:00,22:30:00,12.979166,77.640709,13.049166,77.710709,NULL
tmtv930664475,2022-03-28,21:00:00,21:10:00,22.728163,75.884212,22.778163,75.934212,NULL
tmvc257682548,2022-03-13,19:25:00,19:30:00,11.006686,76.951736,11.036686,76.981736,NULL
tmwh882090011,2022-03-12,20:30:00,20:40:00,21.157729,72.768726,21.237729,72.848726,NULL
tmwy276144495,2022-02-17,20:35:00,20:50:00,25.459775,81.834841,25.519775,81.894841,NULL
tmzp273385172,2022-03-25,19:45:00,20:00:00,22.745049,75.892471,22.825049,75.972471,NULL
tmzv371880726,2022-03-15,08:45:00,09:00:00,22.727021,75.884167,22.747021,75.904167,NULL
tncr865080444,2022-03-08,22:55:00,23:00:00,19.121999,72.908493,19.231999,73.018493,NULL
tndh769571755,2022-02-13,21:40:00,21:50:00,0.000000,0.000000,0.030000,0.030000,NULL
tngm966383797,2022-03-06,18:15:00,18:30:00,26.892312,75.806896,26.982312,75.896896,NULL
tnhj311823173,2022-03-11,00:00:00,00:15:00,26.902908,75.792934,26.962908,75.852934,NULL
tnic371356678,2022-03-21,20:55:00,21:10:00,12.975377,77.696664,13.035377,77.756664,NULL
tniw887969493,2022-03-03,15:25:00,15:40:00,12.284747,76.625861,12.324747,76.665861,NULL
tnju042895757,2022-03-15,17:50:00,18:00:00,0.000000,0.000000,0.050000,0.050000,NULL
tnkl744303420,2022-03-16,22:40:00,22:50:00,21.170798,72.790489,21.250798,72.870489,NULL
tnlw417451340,2022-03-29,19:20:00,19:30:00,11.010375,76.952950,11.120375,77.062950,NULL
tnqr480275902,2022-03-11,12:00:00,12:15:00,12.325461,76.632278,12.335461,76.642278,NULL
tnsn820993173,2022-03-07,13:50:00,14:00:00,0.000000,0.000000,0.040000,0.040000,NULL
tnte563080527,2022-03-03,18:30:00,18:40:00,18.592718,73.773572,18.642718,73.823572,NULL
tntl592977105,2022-04-01,20:45:00,20:55:00,12.299524,76.642620,12.359524,76.702620,NULL
tnto164441269,2022-03-31,21:30:00,21:35:00,18.520016,73.830547,18.590016,73.900547,NULL
tnuj286682651,2022-03-17,19:20:00,19:30:00,13.029198,77.570997,13.079198,77.620997,NULL
tnus781666380,2022-03-10,21:30:00,21:35:00,22.727021,75.884167,22.817021,75.974167,NULL
tnwb220497997,2022-04-05,11:50:00,12:05:00,17.450851,78.379347,17.460851,78.389347,NULL
tnxn312002187,2022-04-05,20:25:00,20:35:00,11.003008,76.975440,11.053009,77.025440,NULL
tnxr721054246,2022-03-19,22:30:00,22:35:00,19.055831,72.833984,19.085831,72.863984,NULL
toaa529943597,2022-02-12,21:50:00,22:05:00,27.161661,78.011544,27.271661,78.121544,NULL
tobp101022401,2022-03-12,00:00:00,00:15:00,11.022169,76.999594,11.092169,77.069594,NULL
toez354169248,2022-03-12,22:10:00,22:25:00,18.554382,73.798206,18.684382,73.928206,NULL
tofv651013842,2022-02-18,18:15:00,18:25:00,30.893244,75.821817,30.983244,75.911817,NULL
togq812304859,2022-03-01,16:50:00,17:05:00,26.902908,75.792934,26.942908,75.832934,NULL
toik829834053,2022-03-30,08:55:00,09:05:00,18.536562,73.896485,18.556562,73.916485,NULL
toke517242520,2022-02-12,22:40:00,22:45:00,19.875522,75.367127,19.945522,75.437127,NULL
tonn051257985,2022-03-13,11:50:00,12:00:00,0.000000,0.000000,0.020000,0.020000,NULL
tood644099767,2022-03-29,22:20:00,22:35:00,19.181300,72.836191,19.291300,72.946191,NULL
toqb250842891,2022-03-03,22:45:00,22:55:00,11.021278,76.995017,11.081278,77.055017,NULL
torq752955542,2022-04-03,09:45:00,10:00:00,0.000000,0.000000,0.010000,0.010000,NULL
tosw283118122,2022-02-11,09:35:00,09:50:00,30.342509,78.061187,30.362509,78.081187,NULL
toug525070598,2022-03-20,23:15:00,23:25:00,12.326356,76.619103,12.406356,76.699103,NULL
towu062996066,2022-04-03,21:10:00,21:20:00,18.562450,73.916619,18.592450,73.946619,NULL
towu592557079,2022-02-11,12:20:00,12:35:00,26.477750,80.351569,26.517750,80.391569,NULL
toww680356995,2022-03-20,23:10:00,23:25:00,23.333017,85.317200,23.403017,85.387200,NULL
toxs600059354,2022-02-16,21:55:00,22:10:00,0.000000,0.000000,0.070000,0.070000,NULL
tozp656166156,2022-04-05,09:25:00,09:30:00,19.131141,72.813074,19.141140,72.823074,NULL
tpcw997469379,2022-04-04,17:40:00,17:50:00,26.766536,75.837333,26.836536,75.907333,NULL
tpdi557067609,2022-04-01,11:30:00,11:35:00,11.001753,76.986241,11.011753,76.996241,NULL
tpjd866478251,2022-03-20,20:00:00,20:10:00,18.536562,73.896485,18.646562,74.006485,NULL
tpjj042849790,2022-02-17,18:55:00,19:00:00,22.527893,88.368628,22.557893,88.398628,NULL
tpma104105121,2022-03-29,18:20:00,18:25:00,11.021278,76.995017,11.151278,77.125017,NULL
tpnp598362042,2022-03-04,20:55:00,21:10:00,12.913041,77.683237,13.003041,77.773237,NULL
tpod651450754,2022-02-18,19:55:00,20:05:00,30.328174,78.049117,30.468174,78.189117,NULL
tppg240271769,2022-03-21,17:10:00,17:25:00,23.357804,85.325146,23.417804,85.385146,NULL
tpsa273201300,2022-03-03,15:50:00,16:05:00,12.979166,77.640709,13.019166,77.680709,NULL
tpsl879657132,2022-02-15,10:50:00,11:00:00,30.893244,75.821817,30.913244,75.841817,NULL
tpvi838965034,2022-03-16,17:40:00,17:45:00,21.157729,72.768726,21.237729,72.848726,NULL
tpvx864275745,2022-03-21,20:20:00,20:35:00,19.131141,72.813074,19.181141,72.863074,NULL
tpyi497132218,2022-03-05,22:00:00,22:05:00,11.022169,76.999594,11.052169,77.029594,NULL
tqaz238230877,2022-03-26,10:10:00,10:15:00,18.994237,72.825553,19.004237,72.835553,NULL
tqba919496492,2022-03-09,17:40:00,17:45:00,12.337928,76.617889,12.397928,76.677889,NULL
tqbq416188034,2022-03-07,12:00:00,12:15:00,21.175104,72.804342,21.185104,72.814342,NULL
tqef391464462,2022-04-01,09:15:00,09:20:00,11.022477,76.995667,11.032477,77.005667,NULL
tqfg737591954,2022-03-02,19:25:00,19:30:00,12.970221,77.645396,13.080221,77.755396,NULL
tqgy985458219,2022-03-16,19:15:00,19:25:00,26.910262,75.783013,27.020262,75.893013,NULL
tqha677179281,2022-03-13,23:25:00,23:35:00,19.131141,72.813074,19.191140,72.873074,NULL
tqld761290890,2022-03-09,17:15:00,17:30:00,26.911378,75.789034,26.941378,75.819034,NULL
tqmx834289640,2022-03-14,23:35:00,23:40:00,22.760072,75.892574,22.890072,76.022574,NULL
tqpf652345213,2022-03-26,23:25:00,23:35:00,12.352058,76.606650,12.412058,76.666650,NULL
tqqq117400105,2022-03-30,18:25:00,18:35:00,21.157729,72.768726,21.187729,72.798726,NULL
tqsp122971019,2022-03-13,19:50:00,20:00:00,13.044694,80.261470,13.104694,80.321470,NULL
tqtv262780472,2022-03-30,17:50:00,18:05:00,21.160522,72.771477,21.220522,72.831477,NULL
tqug399091158,2022-03-07,09:30:00,09:35:00,21.152760,72.778059,21.172760,72.798059,NULL
tqwh874117599,2022-03-21,12:20:00,12:25:00,19.065838,72.832658,19.105838,72.872658,NULL
tqxi045146775,2022-03-31,18:50:00,18:55:00,26.911927,75.797282,26.981927,75.867282,NULL
tqzg312811931,2022-03-30,17:55:00,18:00:00,18.534080,73.898520,18.594080,73.958520,NULL
trgo823896666,2022-03-02,19:55:00,20:00:00,11.016298,76.972076,11.146298,77.102076,NULL
trhp949131074,2022-04-03,11:10:00,11:25:00,22.760072,75.892574,22.770072,75.902574,NULL
tric974718802,2022-03-21,15:15:00,15:20:00,17.440827,78.393391,17.480827,78.433391,NULL
trik184171873,2022-03-25,23:40:00,23:50:00,11.003008,76.975440,11.133009,77.105440,NULL
trjd859687934,2022-03-04,17:40:00,17:45:00,19.065838,72.832658,19.175838,72.942658,NULL
trjf889134525,2022-04-01,19:50:00,19:55:00,0.000000,0.000000,0.050000,0.050000,NULL
trka856987401,2022-03-31,19:45:00,19:50:00,17.428294,78.404423,17.558294,78.534423,NULL
trky836370431,2022-03-05,11:45:00,11:55:00,0.000000,0.000000,0.010000,0.010000,NULL
trmg094622129,2022-03-02,17:20:00,17:25:00,12.284747,76.625861,12.414747,76.755861,NULL
trnl334696836,2022-03-08,23:45:00,23:50:00,18.636215,73.751081,18.706215,73.821081,NULL
trnx574478020,2022-03-07,17:35:00,17:50:00,17.411028,78.329645,17.441028,78.359645,NULL
trov683019266,2022-03-28,12:00:00,12:05:00,12.352058,76.606650,12.362058,76.616650,NULL
trpm583367225,2022-03-02,19:50:00,20:00:00,23.355164,85.324097,23.425164,85.394097,NULL
trqd539866500,2022-03-24,19:20:00,19:30:00,11.006686,76.951736,11.066686,77.011736,NULL
trrb181561381,2022-03-30,15:40:00,15:50:00,12.970221,77.645396,13.010221,77.685396,NULL
trrr082173645,2022-03-23,23:25:00,23:30:00,12.933298,77.614293,13.003298,77.684293,NULL
trtv340908352,2022-03-03,23:15:00,23:20:00,22.760072,75.892574,22.820072,75.952574,NULL
trvl317919771,2022-03-31,20:40:00,20:50:00,12.935662,77.614130,13.065662,77.744130,NULL
trvz490719836,2022-03-30,12:55:00,13:05:00,23.351489,85.324253,23.391489,85.364253,NULL
trwc470220494,2022-03-12,21:50:00,22:00:00,12.310972,76.659264,12.390972,76.739264,NULL
tryr235168039,2022-04-01,15:00:00,15:10:00,17.411028,78.329645,17.451028,78.369645,NULL
tsbn413226572,2022-04-05,21:15:00,21:30:00,22.732225,75.874765,22.792225,75.934765,NULL
tsec016509855,2022-03-17,12:10:00,12:15:00,21.157735,72.768778,21.197735,72.808778,NULL
tsge789590307,2022-02-11,18:30:00,18:40:00,30.899992,75.831338,30.929992,75.861338,NULL
tsgk110043437,2022-03-23,20:50:00,21:05:00,26.891191,75.802083,26.961191,75.872083,NULL
tsgt870627135,2022-03-27,21:30:00,21:40:00,18.546947,73.900626,18.656947,74.010626,NULL
tsgu730494311,2022-04-06,19:15:00,19:25:00,17.422819,78.449578,17.532819,78.559578,NULL
tshp238044043,2022-03-09,08:10:00,08:15:00,12.906229,77.596791,12.926229,77.616791,NULL
tshr020032152,2022-02-12,18:15:00,18:25:00,10.003064,76.307589,10.113064,76.417589,NULL
tsir260233234,2022-03-10,19:50:00,20:00:00,19.091458,72.827808,19.181458,72.917808,NULL
tsjg199552201,2022-03-20,19:45:00,20:00:00,12.949934,77.699386,13.029934,77.779386,NULL
tsjg989601604,2022-03-26,18:20:00,18:35:00,18.546947,73.900626,18.596947,73.950626,NULL
tsnh426803977,2022-03-16,18:40:00,18:50:00,0.000000,0.000000,0.070000,0.070000,NULL
tspl270546782,2022-03-27,18:40:00,18:45:00,23.399250,85.390464,23.479250,85.470464,NULL
tspn563942465,2022-02-16,21:10:00,21:15:00,23.214459,77.434976,23.294459,77.514976,NULL
tsql493316965,2022-03-12,23:50:00,00:05:00,12.299524,76.642620,12.389524,76.732620,NULL
tssp650626191,2022-04-01,17:20:00,17:35:00,23.333017,85.317200,23.383017,85.367200,NULL
tsuo772091450,2022-03-19,11:40:00,11:50:00,11.022477,76.995667,11.042477,77.015667,NULL
tsvr676608905,2022-03-02,23:40:00,23:45:00,18.530963,73.828972,18.640963,73.938972,NULL
tsyk126174640,2022-02-18,19:30:00,19:35:00,22.547186,88.350680,22.627185,88.430680,NULL
ttcb478215532,2022-04-04,21:55:00,22:10:00,12.311072,76.654878,12.381072,76.724878,NULL
ttem374822589,2022-03-01,00:00:00,00:10:00,17.429585,78.392621,17.479585,78.442621,NULL
ttep468647731,2022-03-12,22:10:00,22:25:00,26.913483,75.803139,27.053483,75.943139,NULL
ttgc592604034,2022-03-29,17:50:00,18:00:00,17.450851,78.379347,17.560851,78.489347,NULL
ttkn133171603,2022-03-18,20:00:00,20:05:00,23.371292,85.327872,23.451292,85.407872,NULL
ttou430204553,2022-03-02,22:55:00,23:05:00,13.027018,80.254791,13.117018,80.344791,NULL
ttrz409682533,2022-03-20,19:30:00,19:35:00,22.310237,73.158921,22.420237,73.268921,NULL
ttrz594909757,2022-03-05,13:40:00,13:55:00,22.310329,73.169083,22.350329,73.209083,NULL
tttb032680092,2022-03-12,21:20:00,21:35:00,12.914264,77.678400,13.044264,77.808400,NULL
ttvk220701804,2022-02-14,20:15:00,20:20:00,22.569358,88.433452,22.649358,88.513452,NULL
ttzl062883342,2022-03-09,22:55:00,23:00:00,11.022477,76.995667,11.052477,77.025667,NULL
tugl510853357,2022-03-28,12:00:00,12:15:00,11.003008,76.975440,11.023008,76.995440,NULL
tuja213388049,2022-03-20,20:30:00,20:45:00,17.458998,78.500366,17.548998,78.590366,NULL
tuje831952600,2022-02-16,22:35:00,22:50:00,10.027364,76.308258,10.157364,76.438258,NULL
tulg655456985,2022-03-24,21:20:00,21:30:00,12.972161,77.596014,13.032161,77.656014,NULL
tulw305290330,2022-03-20,18:20:00,18:30:00,13.045479,80.233110,13.125479,80.313110,NULL
tund927877916,2022-04-04,23:30:00,23:40:00,26.849596,75.800512,26.979596,75.930512,NULL
tung369070254,2022-03-07,18:10:00,18:25:00,10.961850,76.971082,10.991850,77.001082,NULL
tusg676749893,2022-04-05,17:25:00,17:30:00,21.173493,72.801953,21.233493,72.861953,NULL
tuta922105802,2022-03-28,19:40:00,19:55:00,19.065838,72.832658,19.095838,72.862658,NULL
tuxj270012761,2022-03-30,18:35:00,18:50:00,17.459710,78.368855,17.509710,78.418855,NULL
tvaw232439425,2022-04-05,08:15:00,08:25:00,22.312790,73.170283,22.332790,73.190283,NULL
tvcr024935468,2022-03-18,23:00:00,23:10:00,21.186438,72.794115,21.266438,72.874115,NULL
tveh694699040,2022-03-14,21:45:00,21:55:00,11.024839,77.007003,11.104839,77.087003,NULL
tvfc373143186,2022-03-11,22:00:00,22:05:00,10.994136,76.963303,11.044136,77.013303,NULL
tvjt893503750,2022-03-08,22:30:00,22:40:00,23.359194,85.325447,23.489194,85.455447,NULL
tvkt633169846,2022-03-11,10:10:00,10:15:00,21.173493,72.801953,21.193493,72.821953,NULL
tvnz905717539,2022-04-04,20:25:00,20:40:00,12.284747,76.625861,12.374747,76.715861,NULL
tvpc165252510,2022-03-29,19:30:00,19:35:00,17.440827,78.393391,17.510827,78.463391,NULL
tvqj482856745,2022-03-27,21:00:00,21:15:00,21.160437,72.774209,21.290437,72.904209,NULL
tvql280173265,2022-02-13,08:20:00,08:30:00,9.985697,76.281128,9.995697,76.291128,NULL
tvwp087327627,2022-03-13,13:00:00,13:15:00,12.308500,76.665808,12.348500,76.705808,NULL
tvzd315838091,2022-03-13,20:30:00,20:45:00,12.914264,77.678400,12.974264,77.738400,NULL
twbt328013752,2022-03-29,18:50:00,19:05:00,17.431668,78.408321,17.501668,78.478321,NULL
twdi320094542,2022-03-15,21:10:00,21:25:00,12.986047,80.218114,13.036047,80.268114,NULL
twec761440183,2022-03-10,17:40:00,17:50:00,22.753659,75.903365,22.883659,76.033365,NULL
twgn474238428,2022-03-09,13:25:00,13:35:00,19.207222,72.972281,19.247222,73.012281,NULL
twhv487293915,2022-04-02,23:10:00,23:20:00,18.546258,73.904337,18.616258,73.974337,NULL
twih736119498,2022-03-15,12:45:00,12:50:00,18.520016,73.830547,18.560016,73.870547,NULL
twll709571789,2022-03-11,17:00:00,17:15:00,21.149669,72.772629,21.189669,72.812629,NULL
twmt483050247,2022-03-20,23:25:00,23:35:00,12.935662,77.614130,13.005662,77.684130,NULL
twqy977702962,2022-03-19,11:35:00,11:45:00,18.520016,73.830547,18.530016,73.840547,NULL
twrw873531635,2022-03-09,22:20:00,22:30:00,0.000000,0.000000,0.060000,0.060000,NULL
twuy336541938,2022-03-28,13:00:00,13:10:00,13.044694,80.261470,13.084694,80.301470,NULL
twvb324939360,2022-03-17,11:30:00,11:40:00,18.546947,73.900626,18.566947,73.920626,NULL
twvo466835458,2022-03-21,09:10:00,09:20:00,13.054347,80.257221,13.064347,80.267221,NULL
twyc440481910,2022-03-30,09:10:00,09:25:00,12.913041,77.683237,12.933041,77.703237,NULL
twzc159161410,2022-04-01,23:25:00,23:40:00,13.026286,80.275235,13.086286,80.335235,NULL
txcd047515633,2022-02-17,22:35:00,22:45:00,0.000000,0.000000,0.060000,0.060000,NULL
txdv395356153,2022-04-05,19:35:00,19:50:00,0.000000,0.000000,0.050000,0.050000,NULL
txfy237711583,2022-03-10,23:50:00,00:00:00,26.892312,75.806896,26.972313,75.886896,NULL
txhe228138415,2022-04-01,22:15:00,22:20:00,13.005801,80.250744,13.065801,80.310744,NULL
txhg925197233,2022-04-03,20:35:00,20:50:00,17.428294,78.404423,17.458294,78.434423,NULL
txhz258191589,2022-03-18,23:35:00,23:50:00,17.483216,78.552111,17.613216,78.682111,NULL
txil961401363,2022-04-02,21:15:00,21:30:00,26.911378,75.789034,27.001378,75.879034,NULL
txld165376749,2022-03-06,23:35:00,23:40:00,13.027018,80.254791,13.097018,80.324791,NULL
txlj001636854,2022-03-29,19:30:00,19:40:00,19.003517,72.827650,19.113517,72.937650,NULL
txoc067029112,2022-03-12,18:25:00,18:30:00,17.455894,78.375467,17.545894,78.465467,NULL
txpc670469337,2022-04-05,10:45:00,10:50:00,13.026279,80.174568,13.036279,80.184568,NULL
txpf985840114,2022-03-16,18:10:00,18:25:00,12.975377,77.696664,13.105377,77.826664,NULL
txva706007323,2022-03-29,20:55:00,21:05:00,21.173493,72.801953,21.263493,72.891953,NULL
txwl171323449,2022-03-04,21:50:00,21:55:00,18.520016,73.830547,18.610016,73.920547,NULL
txwo673254372,2022-03-21,21:10:00,21:20:00,12.972161,77.596014,13.022161,77.646014,NULL
txxd433335739,2022-03-20,21:35:00,21:50:00,19.223840,72.841347,19.313840,72.931347,NULL
tydi511573079,2022-03-02,20:40:00,20:55:00,17.458998,78.500366,17.548998,78.590366,NULL
tyjv989612523,2022-03-05,08:10:00,08:25:00,19.091458,72.827808,19.101458,72.837808,NULL
tyka884876070,2022-04-05,19:15:00,19:20:00,26.888420,75.800689,26.938420,75.850689,NULL
tykl705585096,2022-03-27,18:30:00,18:45:00,17.459710,78.368855,17.589710,78.498855,NULL
tymg150014211,2022-03-17,15:45:00,16:00:00,22.732225,75.874765,22.772225,75.914765,NULL
tyml258787864,2022-03-11,15:20:00,15:30:00,18.554382,73.798206,18.594382,73.838206,NULL
tymq516105988,2022-03-10,18:50:00,19:05:00,12.323194,76.630583,12.413194,76.720583,NULL
tysm462659630,2022-02-13,08:25:00,08:40:00,23.232537,77.429845,23.242537,77.439845,NULL
tysn017774408,2022-03-28,20:50:00,21:05:00,23.351489,85.324253,23.411489,85.384253,NULL
tysy933055550,2022-03-17,17:55:00,18:05:00,22.745049,75.892471,22.795049,75.942471,NULL
tywd647186298,2022-03-11,11:40:00,11:50:00,12.972161,77.596014,12.982161,77.606014,NULL
tyyb411808433,2022-02-11,10:40:00,10:45:00,0.000000,0.000000,0.010000,0.010000,NULL
tzcg297881822,2022-03-29,19:50:00,20:00:00,22.311603,73.165012,22.441603,73.295012,NULL
tzin674450527,2022-03-04,17:50:00,18:00:00,23.354422,85.332900,23.434422,85.412900,NULL
tzix446752478,2022-04-05,16:15:00,16:25:00,26.913987,75.752891,26.953987,75.792891,NULL
tzki551689335,2022-03-28,17:40:00,17:45:00,18.536718,73.830327,18.566719,73.860327,NULL
tzra492939092,2022-03-25,20:25:00,20:40:00,22.310526,73.170937,22.380526,73.240937,NULL
tzri329786065,2022-03-19,14:50:00,15:00:00,13.026286,80.275235,13.066286,80.315235,NULL
tzvj061345389,2022-04-02,18:35:00,18:40:00,12.934179,77.615797,13.014179,77.695797,NULL
tzwy560015909,2022-03-24,11:35:00,11:40:00,12.939496,77.625999,12.959496,77.645999,NULL
tzxr330575355,2022-03-02,22:30:00,22:35:00,12.986047,80.218114,13.066047,80.298114,NULL
tzyb780636435,2022-03-09,09:15:00,09:20:00,18.514210,73.838429,18.534210,73.858429,NULL
uadg268728900,2022-04-06,20:20:00,20:35:00,18.551440,73.804855,18.661440,73.914855,NULL
uaeb808891380,2022-03-20,20:55:00,21:05:00,17.433809,78.386744,17.563809,78.516744,NULL
uafv042200407,2022-03-14,23:00:00,23:15:00,17.412330,78.449654,17.492330,78.529654,NULL
uagp150193900,2022-03-17,19:50:00,19:55:00,22.311844,73.165081,22.361844,73.215081,NULL
uagz053421839,2022-03-27,19:55:00,20:00:00,26.892312,75.806896,26.982312,75.896896,NULL
uaik264481739,2022-03-07,11:00:00,11:10:00,23.359407,85.325055,23.369407,85.335055,NULL
uale266959145,2022-03-05,10:00:00,10:15:00,17.440827,78.393391,17.460827,78.413391,NULL
uany238447711,2022-03-17,15:55:00,16:00:00,22.745536,75.893106,22.785536,75.933106,NULL
uapl129670896,2022-04-03,00:00:00,00:10:00,18.514210,73.838429,18.544210,73.868429,NULL
uapm498072264,2022-04-05,10:50:00,11:00:00,17.451976,78.385883,17.461976,78.395883,NULL
uaqb302060553,2022-02-12,20:20:00,20:35:00,15.496162,73.825364,15.586162,73.915364,NULL
uaqt245019838,2022-03-28,17:55:00,18:10:00,12.939496,77.625999,12.989496,77.675999,NULL
uavl345029402,2022-04-06,21:50:00,22:00:00,13.064181,80.236442,13.144181,80.316442,NULL
uawn422193525,2022-03-28,12:10:00,12:20:00,23.355164,85.324097,23.395164,85.364097,NULL
ubag651976139,2022-03-14,21:30:00,21:45:00,11.022477,76.995667,11.092477,77.065667,NULL
ubcd783242087,2022-03-21,17:00:00,17:05:00,12.326356,76.619103,12.366356,76.659103,NULL
ubcf062692748,2022-03-12,20:25:00,20:35:00,0.000000,0.000000,0.090000,0.090000,NULL
ubgu332810479,2022-04-01,16:55:00,17:00:00,23.351489,85.324253,23.391489,85.364253,NULL
ubha734377825,2022-03-11,11:45:00,11:55:00,18.927584,72.832585,18.947584,72.852585,NULL
ubkz508490091,2022-03-26,09:35:00,09:40:00,18.536718,73.830327,18.556718,73.850327,NULL
ubno471054583,2022-04-06,22:00:00,22:15:00,17.412330,78.449654,17.492330,78.529654,NULL
ubpn501209073,2022-04-06,19:00:00,19:15:00,13.022394,80.242439,13.092394,80.312439,NULL
ubpx125073203,2022-03-31,20:35:00,20:50:00,13.091809,80.219104,13.171809,80.299104,NULL
ubra295427339,2022-03-01,17:35:00,17:40:00,0.000000,0.000000,0.050000,0.050000,NULL
ubua506299083,2022-03-09,15:30:00,15:45:00,18.546258,73.904337,18.586258,73.944337,NULL
ubwl989345056,2022-03-31,23:30:00,23:35:00,12.914264,77.678400,12.994264,77.758400,NULL
ubwz210956981,2022-03-10,22:15:00,22:30:00,26.846156,75.802300,26.976156,75.932300,NULL
ubyj056724806,2022-03-13,12:50:00,13:05:00,19.223840,72.841347,19.263840,72.881347,NULL
ucak745030472,2022-03-18,19:45:00,19:50:00,22.753839,75.897429,22.823839,75.967429,NULL
ucdg721184654,2022-03-05,09:20:00,09:25:00,18.994049,72.825203,19.014049,72.845203,NULL
ucdh352703251,2022-04-05,14:15:00,14:30:00,22.744648,75.894377,22.784648,75.934377,NULL
ucdn332008537,2022-03-03,23:30:00,23:45:00,18.593481,73.785901,18.623481,73.815901,NULL
ucdq582888819,2022-04-02,22:45:00,23:00:00,26.905287,75.794592,26.985287,75.874592,NULL
ucfc226264431,2022-03-09,22:15:00,22:30:00,13.026286,80.275235,13.076286,80.325235,NULL
ucho166422075,2022-03-24,00:00:00,00:15:00,12.975996,80.221898,13.035996,80.281898,NULL
ucja157568423,2022-03-21,00:00:00,00:05:00,18.539299,73.897902,18.569299,73.927902,NULL
uckm430937441,2022-03-28,09:30:00,09:40:00,18.562450,73.916619,18.582450,73.936619,NULL
ucrh245047910,2022-02-16,19:10:00,19:15:00,15.157944,73.950889,15.247944,74.040889,NULL
ucrj268656333,2022-03-21,08:35:00,08:50:00,13.029780,80.208812,13.039780,80.218812,NULL
ucsq265749736,2022-03-23,17:45:00,17:55:00,21.157729,72.768726,21.247729,72.858726,NULL
uctb985194026,2022-02-11,18:20:00,18:35:00,23.218998,77.373573,23.278998,77.433573,NULL
ucvc556925618,2022-03-09,11:40:00,11:45:00,17.428294,78.404423,17.448294,78.424423,NULL
ucxh299167507,2022-03-03,10:25:00,10:30:00,23.374989,85.335486,23.384989,85.345486,NULL
ucxm878154390,2022-03-03,09:15:00,09:25:00,12.978453,77.643685,12.998453,77.663685,NULL
udaq337400887,2022-03-26,17:45:00,18:00:00,19.126630,72.829976,19.186630,72.889976,NULL
udew741352785,2022-03-31,22:00:00,22:05:00,22.745536,75.893106,22.825536,75.973106,NULL
udez072558502,2022-02-16,20:20:00,20:30:00,9.985697,76.281128,10.055697,76.351128,NULL
udff246859493,2022-02-15,08:20:00,08:35:00,15.585658,73.743606,15.595658,73.753606,NULL
udgb953942140,2022-04-06,19:20:00,19:35:00,26.911378,75.789034,27.041378,75.919034,NULL
udmz154077088,2022-04-03,18:50:00,19:00:00,12.321214,76.621094,12.381214,76.681094,NULL
udpq945815554,2022-03-31,23:50:00,23:55:00,19.254567,72.848923,19.364567,72.958923,NULL
udqn160203808,2022-03-06,19:15:00,19:25:00,17.433809,78.386744,17.513809,78.466744,NULL
udth453769060,2022-03-12,21:00:00,21:15:00,11.001852,76.976268,11.131852,77.106268,NULL
udvk446797712,2022-04-05,23:45:00,23:55:00,0.000000,0.000000,0.050000,0.050000,NULL
udzw159147896,2022-03-05,16:15:00,16:20:00,26.911378,75.789034,26.951378,75.829034,NULL
ueaw901406099,2022-03-31,22:30:00,22:35:00,22.310329,73.169083,22.440329,73.299083,NULL
uebq154852858,2022-03-01,22:30:00,22:35:00,26.888420,75.800689,26.938420,75.850689,NULL
uecf341271349,2022-03-17,19:55:00,20:05:00,19.131141,72.813074,19.161140,72.843074,NULL
uegf327277755,2022-03-18,20:25:00,20:35:00,13.029780,80.208812,13.109780,80.288812,NULL
uego432813959,2022-04-05,13:50:00,14:00:00,22.307898,73.167788,22.347898,73.207788,NULL
uehx759760979,2022-03-11,08:40:00,08:55:00,22.748060,75.893400,22.768060,75.913400,NULL
ueig586903168,2022-03-10,23:40:00,23:55:00,12.972793,80.249982,13.062793,80.339982,NULL
uejr132076309,2022-03-27,22:20:00,22:35:00,22.311603,73.165012,22.441603,73.295012,NULL
ueld485410219,2022-03-15,09:40:00,09:45:00,13.091809,80.219104,13.101809,80.229104,NULL
ueln704538288,2022-03-18,21:00:00,21:05:00,12.935662,77.614130,13.065662,77.744130,NULL
uemv567883257,2022-02-12,18:55:00,19:00:00,22.514585,88.393310,22.584585,88.463310,NULL
ueoa816978512,2022-02-18,21:15:00,21:20:00,30.346994,78.062543,30.416994,78.132543,NULL
uesw387337499,2022-03-20,21:15:00,21:20:00,22.307898,73.167788,22.417898,73.277788,NULL
uewo365797976,2022-03-24,10:55:00,11:05:00,18.536562,73.896485,18.546562,73.906485,NULL
uexp670291924,2022-02-17,22:35:00,22:40:00,30.362686,78.068890,30.392686,78.098890,NULL
ufae289501860,2022-03-15,09:25:00,09:35:00,17.430448,78.418213,17.450448,78.438213,NULL
ufap325578927,2022-04-04,17:20:00,17:25:00,17.424114,78.347554,17.554114,78.477554,NULL
ufbg160463712,2022-03-11,00:00:00,00:15:00,26.902940,75.793007,26.932940,75.823007,NULL
ufbr099845557,2022-04-06,18:20:00,18:30:00,21.157729,72.768726,21.287729,72.898726,NULL
ufcd766619570,2022-03-19,21:35:00,21:45:00,17.450851,78.379347,17.500851,78.429347,NULL
ufef747738614,2022-02-17,21:35:00,21:40:00,23.211529,77.419399,23.261529,77.469399,NULL
ufeh013690726,2022-03-25,22:10:00,22:20:00,23.359194,85.325447,23.469194,85.435447,NULL
ufhp175160672,2022-03-25,21:35:00,21:40:00,0.000000,0.000000,0.080000,0.080000,NULL
ufhy269953919,2022-04-04,20:00:00,20:10:00,12.299524,76.642620,12.389524,76.732620,NULL
ufiz117140710,2022-03-23,23:55:00,00:00:00,12.939496,77.625999,13.049496,77.735999,NULL
ufjc123699648,2022-03-24,20:30:00,20:40:00,11.010375,76.952950,11.070375,77.012950,NULL
ufjv776601197,2022-04-02,18:20:00,18:25:00,11.000762,76.981876,11.130762,77.111876,NULL
ufqb263973146,2022-03-24,11:20:00,11:25:00,0.000000,0.000000,0.020000,0.020000,NULL
ufvi634737634,2022-02-16,21:45:00,22:00:00,26.474986,80.342796,26.614986,80.482796,NULL
ufvy008009323,2022-03-08,19:20:00,19:25:00,12.979166,77.640709,13.089166,77.750709,NULL
ufwa906563863,2022-03-09,14:00:00,14:10:00,19.131141,72.813074,19.171140,72.853074,NULL
ufyn357564233,2022-03-12,20:00:00,20:15:00,11.022169,76.999594,11.112169,77.089594,NULL
ugab511285317,2022-03-27,18:15:00,18:30:00,13.054347,80.257221,13.144347,80.347221,NULL
ugdo005560853,2022-03-04,00:00:00,00:10:00,19.120083,72.907385,19.210083,72.997385,NULL
ugdy034169362,2022-02-18,22:30:00,22:45:00,22.514119,88.362504,22.594119,88.442504,NULL
ugeb025188133,2022-03-29,17:20:00,17:25:00,21.149834,72.778666,21.219834,72.848666,NULL
ugei446404961,2022-03-21,22:00:00,22:10:00,23.351489,85.324253,23.401489,85.374253,NULL
ugen270831323,2022-04-06,19:20:00,19:30:00,23.416792,85.316842,23.506792,85.406842,NULL
ugia874470315,2022-02-12,19:00:00,19:10:00,23.232537,77.429845,23.342537,77.539845,NULL
ugiv896975971,2022-03-11,23:45:00,23:55:00,22.307898,73.167788,22.367898,73.227788,NULL
ugji724168131,2022-02-13,21:30:00,21:40:00,30.885814,75.786976,30.935814,75.836976,NULL
ugjw967538968,2022-03-11,12:00:00,12:15:00,22.761593,75.886362,22.781593,75.906362,NULL
ugkr488308972,2022-03-05,17:55:00,18:05:00,17.451976,78.385883,17.511976,78.445883,NULL
uglc908112005,2022-03-05,21:45:00,22:00:00,12.949934,77.699386,12.999934,77.749386,NULL
ugpa449811868,2022-04-06,17:50:00,17:55:00,18.536718,73.830327,18.646718,73.940327,NULL
ugpz753746322,2022-02-15,23:40:00,23:50:00,22.552996,88.352310,22.582996,88.382310,NULL
ugtv155757008,2022-03-30,21:40:00,21:50:00,18.562450,73.916619,18.592450,73.946619,NULL
uguh919873739,2022-03-21,19:15:00,19:30:00,17.411028,78.329645,17.471028,78.389645,NULL
ugxo576067618,2022-03-12,23:20:00,23:25:00,19.126630,72.829976,19.256630,72.959976,NULL
ugzg714619732,2022-03-11,13:30:00,13:45:00,12.933298,77.614293,12.973298,77.654293,NULL
uhbm265185009,2022-02-13,11:45:00,11:55:00,0.000000,0.000000,0.020000,0.020000,NULL
uhcz005201933,2022-03-25,19:15:00,19:20:00,21.149569,72.772697,21.259569,72.882697,NULL
uhfs888375680,2022-03-01,14:55:00,15:10:00,12.311072,76.654878,12.351072,76.694878,NULL
uhgb733235774,2022-02-13,19:20:00,19:30:00,26.483042,80.317833,26.543042,80.377833,NULL
uhha786273101,2022-02-15,11:35:00,11:40:00,10.035573,76.336958,10.045573,76.346958,NULL
uhjs274954421,2022-03-08,21:45:00,21:55:00,12.337928,76.617889,12.407928,76.687889,NULL
uhko305138917,2022-03-04,20:40:00,20:50:00,23.416792,85.316842,23.496792,85.396842,NULL
uhkq534152734,2022-03-21,20:55:00,21:05:00,23.399250,85.390464,23.449250,85.440464,NULL
uhku098765153,2022-02-14,17:50:00,18:00:00,19.888716,75.321461,20.018716,75.451461,NULL
uhle438992961,2022-02-16,22:00:00,22:05:00,0.000000,0.000000,0.090000,0.090000,NULL
uhmm976885444,2022-03-02,17:10:00,17:20:00,12.297954,76.665169,12.367954,76.735169,NULL
uhms011233192,2022-03-30,14:20:00,14:25:00,18.563934,73.915367,18.603935,73.955367,NULL
uhne071176544,2022-03-23,22:50:00,22:55:00,21.175975,72.795503,21.285975,72.905503,NULL
uhoc750154995,2022-03-20,22:35:00,22:45:00,22.732225,75.874765,22.802225,75.944765,NULL
uhvv488036515,2022-03-06,17:55:00,18:10:00,21.171060,72.789292,21.241060,72.859292,NULL
uhvz645249492,2022-02-11,22:30:00,22:40:00,30.902872,75.826808,30.952872,75.876808,NULL
uhyh774080740,2022-03-29,19:45:00,19:55:00,12.352058,76.606650,12.462058,76.716650,NULL
uhyq391997681,2022-03-01,17:30:00,17:35:00,17.451976,78.385883,17.501976,78.435883,NULL
uhzz104989960,2022-03-24,23:55:00,00:10:00,18.551440,73.804855,18.601440,73.854855,NULL
uiaj297011966,2022-03-06,17:30:00,17:45:00,19.065838,72.832658,19.155838,72.922658,NULL
uigf462320856,2022-03-21,20:30:00,20:40:00,11.026117,76.944652,11.056117,76.974652,NULL
uihw861416295,2022-02-17,09:30:00,09:40:00,25.454697,81.834492,25.474697,81.854492,NULL
uikl491091510,2022-03-09,11:45:00,11:55:00,19.109300,72.825451,19.119300,72.835451,NULL
uila905850519,2022-03-03,08:35:00,08:45:00,21.157735,72.768778,21.167735,72.778778,NULL
uilb870617970,2022-02-13,18:15:00,18:30:00,15.544419,73.755736,15.574419,73.785736,NULL
uimq737044707,2022-03-14,19:50:00,20:05:00,23.371292,85.327872,23.461292,85.417872,NULL
uisr062272439,2022-02-18,17:50:00,18:05:00,25.443994,81.860187,25.553994,81.970187,NULL
uist479484061,2022-02-18,19:10:00,19:25:00,9.959778,76.296106,10.069778,76.406106,NULL
uiux358959514,2022-03-24,12:55:00,13:05:00,12.304569,76.643622,12.344569,76.683622,NULL
uivj406940089,2022-04-06,21:55:00,22:10:00,12.978453,77.643685,13.068453,77.733685,NULL
uivy806971628,2022-03-15,17:45:00,17:55:00,13.027018,80.254791,13.077018,80.304791,NULL
uivz311248908,2022-04-03,18:00:00,18:05:00,0.000000,0.000000,0.050000,0.050000,NULL
uizk791300650,2022-04-03,12:00:00,12:05:00,18.569156,73.774723,18.589156,73.794723,NULL
ujac398605228,2022-03-27,23:40:00,23:50:00,12.323194,76.630583,12.393194,76.700583,NULL
ujbs601615943,2022-04-04,17:30:00,17:40:00,17.451976,78.385883,17.541976,78.475883,NULL
ujct197101741,2022-03-30,18:20:00,18:35:00,11.008638,76.984311,11.038638,77.014311,NULL
ujcv081253217,2022-04-02,17:10:00,17:15:00,26.892312,75.806896,26.962312,75.876896,NULL
ujiu818255122,2022-04-04,21:20:00,21:30:00,11.003681,76.975525,11.133681,77.105525,NULL
ujiz131754357,2022-03-24,09:35:00,09:50:00,26.913726,75.752820,26.933726,75.772820,NULL
ujkm991785427,2022-03-28,13:40:00,13:50:00,0.000000,0.000000,0.040000,0.040000,NULL
ujmc878031005,2022-04-02,23:50:00,23:55:00,26.921411,75.793604,27.011411,75.883604,NULL
ujmz654878794,2022-02-12,21:40:00,21:55:00,0.000000,0.000000,0.090000,0.090000,NULL
ujnj963440388,2022-03-01,23:40:00,23:55:00,26.914142,75.805704,26.964142,75.855704,NULL
ujpq611921231,2022-03-14,22:30:00,22:35:00,22.745536,75.893106,22.855536,76.003106,NULL
ujqc161222304,2022-02-14,19:20:00,19:25:00,19.875522,75.367127,19.955522,75.447127,NULL
ujrt009248270,2022-03-17,19:45:00,19:50:00,22.651847,75.881991,22.711847,75.941991,NULL
ujtt667828362,2022-03-12,17:25:00,17:35:00,13.054347,80.257221,13.134347,80.337221,NULL
ukcu968891956,2022-03-15,22:15:00,22:30:00,19.207222,72.972281,19.237222,73.002281,NULL
ukcv793609529,2022-03-07,15:25:00,15:30:00,26.911378,75.789034,26.951378,75.829034,NULL
ukdp449582957,2022-03-13,15:35:00,15:40:00,23.351489,85.324253,23.391489,85.364253,NULL
ukdv830730185,2022-03-06,21:10:00,21:25:00,17.431668,78.408321,17.521668,78.498321,NULL
uked531659932,2022-03-27,19:15:00,19:20:00,19.223840,72.841347,19.333840,72.951347,NULL
ukgd882310206,2022-03-28,09:15:00,09:20:00,13.045479,80.233110,13.055479,80.243110,NULL
ukix360642561,2022-03-10,17:40:00,17:50:00,26.956431,75.776649,27.026431,75.846649,NULL
uklc380882939,2022-02-16,19:30:00,19:40:00,0.000000,0.000000,0.080000,0.080000,NULL
ukrt997168017,2022-03-02,21:35:00,21:50:00,13.026279,80.174568,13.116279,80.264568,NULL
uksv080427592,2022-03-10,19:30:00,19:35:00,13.086438,80.220672,13.196438,80.330672,NULL
uktq260062485,2022-03-02,20:10:00,20:25:00,21.175104,72.804342,21.305104,72.934342,NULL
ukus554345207,2022-03-16,17:45:00,18:00:00,19.223840,72.841347,19.333840,72.951347,NULL
ukxe820772811,2022-03-10,18:30:00,18:35:00,12.933284,77.615428,13.043284,77.725428,NULL
ulao304701305,2022-03-24,23:15:00,23:30:00,26.766536,75.837333,26.816536,75.887333,NULL
ulbz663744429,2022-03-30,20:00:00,20:05:00,12.304569,76.643622,12.334569,76.673622,NULL
ulcc869301515,2022-03-13,09:45:00,09:55:00,18.530963,73.828972,18.550963,73.848972,NULL
ules366058734,2022-03-07,09:45:00,10:00:00,22.311844,73.165081,22.331844,73.185081,NULL
ulic859633079,2022-02-18,21:55:00,22:00:00,0.000000,0.000000,0.080000,0.080000,NULL
ulis809574436,2022-02-17,09:10:00,09:20:00,15.556561,73.763633,15.566561,73.773633,NULL
ulju522067541,2022-02-14,18:10:00,18:15:00,10.020683,76.310631,10.100683,76.390631,NULL
ulka401105612,2022-03-21,21:55:00,22:10:00,21.186884,72.793616,21.246884,72.853616,NULL
ulkc765894706,2022-02-15,09:35:00,09:50:00,0.000000,0.000000,0.010000,0.010000,NULL
ulno378088985,2022-04-01,20:40:00,20:45:00,22.312790,73.170283,22.342790,73.200283,NULL
ulnx402543278,2022-03-03,14:50:00,15:05:00,12.939496,77.625999,12.979496,77.665999,NULL
ulog755409265,2022-03-21,15:30:00,15:45:00,11.003669,76.976494,11.043669,77.016494,NULL
ulre406194262,2022-03-26,22:30:00,22:45:00,0.000000,0.000000,0.060000,0.060000,NULL
ulrk743791679,2022-03-18,18:10:00,18:25:00,12.337978,76.616792,12.417978,76.696792,NULL
ulsi026301968,2022-03-04,20:25:00,20:40:00,0.000000,0.000000,0.090000,0.090000,NULL
ulso792355397,2022-03-30,21:20:00,21:25:00,26.921411,75.793604,26.971411,75.843604,NULL
ulsv606898982,2022-03-24,23:40:00,23:50:00,12.970221,77.645396,13.030221,77.705396,NULL
ultk250667835,2022-03-30,11:50:00,12:05:00,12.970221,77.645396,12.980221,77.655396,NULL
ultp205751339,2022-03-06,17:35:00,17:40:00,18.994049,72.825203,19.124049,72.955203,NULL
ulwa915381068,2022-03-31,18:40:00,18:45:00,26.849596,75.800512,26.989596,75.940512,NULL
ulxc157040526,2022-03-09,12:00:00,12:10:00,17.426228,78.407495,17.436228,78.417495,NULL
ulyj235272976,2022-03-10,18:15:00,18:25:00,12.326356,76.619103,12.456356,76.749103,NULL
ulza315970214,2022-03-10,17:15:00,17:30:00,0.000000,0.000000,0.110000,0.110000,NULL
umcd241283321,2022-03-06,18:10:00,18:15:00,11.008638,76.984311,11.088638,77.064311,NULL
umff030078998,2022-03-08,22:20:00,22:30:00,22.761593,75.886362,22.841593,75.966362,NULL
umfv434289148,2022-03-06,19:55:00,20:10:00,17.431477,78.400350,17.541477,78.510350,NULL
umjk675782848,2022-03-28,19:50:00,20:05:00,19.103249,72.846749,19.163249,72.906749,NULL
umkf091247599,2022-03-15,11:25:00,11:40:00,12.323225,76.630028,12.343225,76.650028,NULL
umsp311401939,2022-03-21,14:00:00,14:05:00,12.323194,76.630583,12.363194,76.670583,NULL
umsw608823589,2022-03-13,11:00:00,11:10:00,19.126630,72.829976,19.136630,72.839976,NULL
umta581640645,2022-03-30,19:20:00,19:35:00,12.986047,80.218114,13.046047,80.278114,NULL
umwc109456087,2022-03-31,19:15:00,19:30:00,12.316967,76.603067,12.446967,76.733067,NULL
umza291289960,2022-03-08,17:35:00,17:45:00,23.357804,85.325146,23.487804,85.455146,NULL
unbo003078474,2022-03-08,17:40:00,17:50:00,10.994136,76.963303,11.074136,77.043303,NULL
undn543892026,2022-02-11,15:30:00,15:40:00,22.538999,88.322337,22.578999,88.362337,NULL
ungk686699285,2022-03-12,22:45:00,22:50:00,23.354422,85.332900,23.484422,85.462900,NULL
unic591472044,2022-04-05,20:45:00,21:00:00,23.369746,85.339820,23.429746,85.399820,NULL
unkm177794816,2022-02-17,15:20:00,15:35:00,23.264015,77.408236,23.304015,77.448236,NULL
unmd795473904,2022-03-24,21:30:00,21:40:00,12.979096,77.640625,13.039096,77.700625,NULL
unng682047374,2022-03-01,17:35:00,17:50:00,17.438263,78.397865,17.468263,78.427865,NULL
unpp991778824,2022-04-06,17:10:00,17:20:00,13.081878,80.248519,13.211878,80.378519,NULL
unqr962347913,2022-03-25,21:30:00,21:45:00,17.430448,78.418213,17.510448,78.498213,NULL
untf875440546,2022-03-31,23:00:00,23:10:00,11.022298,76.998349,11.112298,77.088349,NULL
unvu682651092,2022-03-28,12:15:00,12:30:00,26.913987,75.752891,26.953987,75.792891,NULL
unwa369838661,2022-03-10,18:40:00,18:55:00,22.310237,73.158921,22.400237,73.248921,NULL
unwz609698464,2022-03-14,21:10:00,21:15:00,11.001852,76.976268,11.111852,77.086268,NULL
uoax437764808,2022-02-16,22:30:00,22:40:00,30.887220,75.804893,30.957220,75.874893,NULL
uoea804680974,2022-03-05,14:50:00,15:05:00,21.157735,72.768778,21.197735,72.808778,NULL
uojl898736217,2022-03-27,19:50:00,19:55:00,13.026286,80.275235,13.156286,80.405235,NULL
uolz070574836,2022-02-14,23:10:00,23:20:00,25.454648,81.834502,25.594648,81.974502,NULL
uopg483410577,2022-03-11,15:35:00,15:45:00,23.374989,85.335486,23.414989,85.375486,NULL
uoqn496711929,2022-03-26,21:20:00,21:30:00,26.913726,75.752820,26.943726,75.782820,NULL
uotq333364336,2022-03-07,12:00:00,12:15:00,23.351489,85.324253,23.371489,85.344253,NULL
uowd000107277,2022-04-01,19:45:00,19:55:00,22.725835,75.887648,22.755835,75.917648,NULL
uowo219202183,2022-04-06,20:25:00,20:30:00,12.311072,76.654878,12.441072,76.784878,NULL
uoyz067577587,2022-04-04,21:55:00,22:10:00,17.430448,78.418213,17.500448,78.488213,NULL
upba529383204,2022-03-08,23:20:00,23:35:00,18.563934,73.915367,18.643935,73.995367,NULL
upca755953515,2022-03-04,18:00:00,18:10:00,19.103249,72.846749,19.233249,72.976749,NULL
upcm983935903,2022-02-15,10:45:00,10:50:00,22.515082,88.367830,22.535082,88.387830,NULL
upcn840731615,2022-03-03,11:25:00,11:40:00,17.483216,78.552111,17.503216,78.572111,NULL
upkz206549614,2022-03-21,09:20:00,09:35:00,23.354422,85.332900,23.374422,85.352900,NULL
upma149888691,2022-03-01,18:30:00,18:40:00,22.310526,73.170937,22.370526,73.230937,NULL
upnh217553143,2022-03-13,19:15:00,19:30:00,18.514210,73.838429,18.544210,73.868429,NULL
upnh669787055,2022-03-01,08:30:00,08:35:00,18.533811,73.899315,18.543811,73.909315,NULL
upnt798876067,2022-03-16,23:25:00,23:35:00,12.933298,77.614293,13.023298,77.704293,NULL
upoe971158275,2022-04-04,17:15:00,17:20:00,26.921411,75.793604,27.061411,75.933604,NULL
upqz196654584,2022-03-08,23:30:00,23:35:00,21.185047,72.808590,21.315047,72.938590,NULL
upsg244717917,2022-02-15,11:35:00,11:50:00,23.211529,77.419399,23.221529,77.429399,NULL
upte805241844,2022-03-24,10:10:00,10:20:00,11.016298,76.972076,11.036298,76.992076,NULL
upyh358383739,2022-04-04,22:10:00,22:25:00,18.563934,73.915367,18.673935,74.025367,NULL
upzd230219093,2022-02-18,21:20:00,21:35:00,0.000000,0.000000,0.110000,0.110000,NULL
uqac946966795,2022-03-14,21:50:00,22:00:00,22.722634,75.886959,22.792634,75.956959,NULL
uqaq370108161,2022-03-08,20:00:00,20:15:00,0.000000,0.000000,0.130000,0.130000,NULL
uqcb770355522,2022-03-30,11:50:00,12:00:00,17.438263,78.397865,17.448263,78.407865,NULL
uqck610610817,2022-02-16,00:00:00,00:10:00,15.576683,73.755750,15.686683,73.865750,NULL
uqdd884180693,2022-03-24,21:40:00,21:45:00,26.956431,75.776649,27.006431,75.826649,NULL
uqen731118662,2022-03-19,08:15:00,08:25:00,19.109300,72.825451,19.129300,72.845451,NULL
uqez483103029,2022-03-15,17:45:00,17:55:00,18.593481,73.785901,18.643481,73.835901,NULL
uqkh769792506,2022-03-19,17:50:00,18:00:00,18.534080,73.898520,18.594080,73.958520,NULL
uqqk681762024,2022-03-15,17:25:00,17:40:00,22.725835,75.887648,22.785835,75.947648,NULL
uqwl538991499,2022-03-20,21:30:00,21:40:00,26.888420,75.800689,27.028420,75.940689,NULL
uqwl956599056,2022-03-29,17:35:00,17:45:00,12.284747,76.625861,12.394747,76.735861,NULL
uqwv934207007,2022-03-03,17:15:00,17:25:00,12.949934,77.699386,12.979934,77.729386,NULL
uqxg653290502,2022-03-19,11:25:00,11:40:00,26.902940,75.793007,26.922940,75.813007,NULL
uqzr437784629,2022-03-21,19:30:00,19:35:00,22.651847,75.881991,22.701847,75.931991,NULL
urai711097987,2022-03-19,17:00:00,17:15:00,22.311603,73.165012,22.351603,73.205012,NULL
urck584771854,2022-03-10,00:00:00,00:10:00,11.006686,76.951736,11.116686,77.061736,NULL
urdv226213599,2022-03-05,11:15:00,11:20:00,18.534080,73.898520,18.544080,73.908520,NULL
urec609350393,2022-02-18,21:25:00,21:35:00,22.526461,88.364453,22.616461,88.454453,NULL
ureg460251912,2022-03-13,22:40:00,22:45:00,22.320000,73.170000,22.380000,73.230000,NULL
urgh719421847,2022-03-30,16:15:00,16:25:00,22.310237,73.158921,22.350237,73.198921,NULL
urgo589041952,2022-03-29,17:50:00,18:05:00,11.008638,76.984311,11.118638,77.094311,NULL
urhc002621535,2022-03-30,19:10:00,19:20:00,12.323194,76.630583,12.373194,76.680583,NULL
urhz950401191,2022-02-17,19:50:00,20:00:00,30.899584,75.809346,30.929584,75.839346,NULL
urjq336892318,2022-02-15,23:25:00,23:35:00,15.569600,73.742294,15.619600,73.792294,NULL
urnp883483801,2022-04-06,22:40:00,22:55:00,12.986047,80.218114,13.056047,80.288114,NULL
urnq808828173,2022-03-09,08:40:00,08:55:00,22.310526,73.170937,22.330526,73.190937,NULL
urpe880745565,2022-03-12,20:50:00,21:05:00,11.026117,76.944652,11.136117,77.054652,NULL
urqt583953895,2022-02-11,14:10:00,14:25:00,15.574828,73.766883,15.614828,73.806883,NULL
ursp786414593,2022-03-02,19:20:00,19:35:00,17.451976,78.385883,17.541976,78.475883,NULL
ursz744168853,2022-03-19,22:55:00,23:05:00,26.921411,75.793604,26.981411,75.853604,NULL
urxz158260377,2022-03-20,19:30:00,19:35:00,23.416792,85.316842,23.486792,85.386842,NULL
uryr174763587,2022-03-18,18:00:00,18:10:00,11.001753,76.986241,11.081753,77.066241,NULL
uscq696128881,2022-03-02,22:45:00,22:50:00,17.451976,78.385883,17.581976,78.515883,NULL
usdf692060940,2022-03-23,20:45:00,21:00:00,26.892312,75.806896,27.032312,75.946896,NULL
usiv881319590,2022-02-12,18:10:00,18:15:00,30.319528,78.040267,30.449528,78.170267,NULL
usky118198149,2022-03-19,20:45:00,20:50:00,26.911378,75.789034,26.961378,75.839034,NULL
usmv514550081,2022-02-15,10:45:00,10:55:00,0.000000,0.000000,0.020000,0.020000,NULL
usoc524955106,2022-03-10,23:55:00,00:00:00,12.981615,80.231598,13.051615,80.301598,NULL
usov927484443,2022-03-26,08:20:00,08:35:00,12.297954,76.665169,12.317954,76.685169,NULL
usoz071387758,2022-03-05,11:20:00,11:35:00,26.913483,75.803139,26.923483,75.813139,NULL
usqf826830092,2022-03-17,19:15:00,19:30:00,26.956431,75.776649,27.016431,75.836649,NULL
usvn233176194,2022-02-14,21:55:00,22:00:00,0.000000,0.000000,0.130000,0.130000,NULL
usxr316097565,2022-03-20,19:10:00,19:15:00,23.371292,85.327872,23.441292,85.397872,NULL
utbt370819884,2022-02-15,21:45:00,21:50:00,26.471529,80.313458,26.501529,80.343458,NULL
utfz874090211,2022-03-14,21:20:00,21:30:00,22.753839,75.897429,22.863838,76.007429,NULL
utgl101255985,2022-02-13,20:35:00,20:40:00,19.874103,75.368419,19.924103,75.418419,NULL
uthp309125815,2022-03-07,23:00:00,23:15:00,22.320000,73.170000,22.370000,73.220000,NULL
utki314744944,2022-04-03,08:15:00,08:25:00,12.308500,76.665808,12.318500,76.675808,NULL
utna279058820,2022-03-05,11:20:00,11:25:00,23.371292,85.327872,23.381292,85.337872,NULL
utnn425186211,2022-03-04,19:30:00,19:35:00,26.892312,75.806896,27.002312,75.916896,NULL
utog653104342,2022-03-19,00:00:00,00:05:00,13.054347,80.257221,13.114347,80.317221,NULL
utot610096823,2022-04-06,18:55:00,19:10:00,11.024839,77.007003,11.154839,77.137003,NULL
utsv027796309,2022-04-04,17:25:00,17:35:00,12.334022,76.618203,12.444022,76.728203,NULL
utub452630113,2022-02-15,09:30:00,09:40:00,25.451517,81.832616,25.461517,81.842616,NULL
utvc306138563,2022-04-06,20:30:00,20:45:00,18.543626,73.905101,18.623626,73.985101,NULL
utvj980434600,2022-03-01,10:25:00,10:30:00,22.695207,75.866059,22.705207,75.876059,NULL
utvv008689774,2022-03-24,22:25:00,22:30:00,18.533811,73.899315,18.583811,73.949315,NULL
utyk273695713,2022-02-11,20:45:00,20:50:00,22.514119,88.362504,22.574119,88.422504,NULL
utyz308260725,2022-03-16,21:50:00,21:55:00,22.761593,75.886362,22.871593,75.996362,NULL
uudl477499638,2022-02-11,20:35:00,20:40:00,15.546594,73.760431,15.596594,73.810431,NULL
uued496794007,2022-02-13,20:50:00,21:00:00,26.474986,80.342796,26.524986,80.392796,NULL
uuef932938839,2022-02-14,19:10:00,19:15:00,30.362686,78.068890,30.502686,78.208890,NULL
uuji491886677,2022-03-23,20:55:00,21:00:00,11.010375,76.952950,11.080375,77.022950,NULL
uukj703038347,2022-04-05,13:00:00,13:10:00,18.994237,72.825553,19.034237,72.865553,NULL
uuky542068491,2022-03-06,21:40:00,21:55:00,21.160522,72.771477,21.240522,72.851477,NULL
uulj032434856,2022-03-07,21:20:00,21:35:00,12.970324,77.645748,13.000324,77.675748,NULL
uupn566311287,2022-03-18,22:35:00,22:50:00,12.913041,77.683237,13.043041,77.813237,NULL
uuqr517624110,2022-03-16,19:55:00,20:00:00,22.732225,75.874765,22.862225,76.004765,NULL
uuqy359558983,2022-02-11,10:55:00,11:05:00,30.899584,75.809346,30.909584,75.819346,NULL
uurj041056024,2022-04-05,12:30:00,12:40:00,11.020910,76.940432,11.060910,76.980432,NULL
uusc666596957,2022-04-05,10:35:00,10:45:00,23.369746,85.339820,23.389746,85.359820,NULL
uuvi259544099,2022-04-03,20:25:00,20:40:00,12.914264,77.678400,12.964264,77.728400,NULL
uuvo280781821,2022-04-05,11:20:00,11:35:00,26.956431,75.776649,26.976431,75.796649,NULL
uuxs395238344,2022-03-07,22:50:00,23:05:00,12.311072,76.654878,12.361072,76.704878,NULL
uuyd481624427,2022-02-11,08:40:00,08:55:00,0.000000,0.000000,0.020000,0.020000,NULL
uuyq692004289,2022-03-14,23:45:00,23:50:00,26.913726,75.752820,27.023726,75.862820,NULL
uuzx119885104,2022-02-13,22:55:00,23:05:00,19.878028,75.317475,19.908028,75.347475,NULL
uvao378585659,2022-03-21,21:00:00,21:10:00,12.934179,77.615797,12.984179,77.665797,NULL
uvdh995127506,2022-03-30,20:25:00,20:35:00,19.176269,72.836721,19.236269,72.896721,NULL
uvfl271116178,2022-03-23,21:10:00,21:15:00,12.979096,77.640625,13.049096,77.710625,NULL
uvgd981103818,2022-04-05,08:55:00,09:00:00,18.536562,73.896485,18.546562,73.906485,NULL
uvjz062787373,2022-03-20,21:00:00,21:05:00,13.044694,80.261470,13.174694,80.391470,NULL
uvkm025217536,2022-03-17,11:55:00,12:00:00,21.185047,72.808590,21.195047,72.818590,NULL
uvlo553114878,2022-03-14,19:45:00,19:55:00,19.223840,72.841347,19.303840,72.921347,NULL
uvlp578359327,2022-03-19,15:00:00,15:15:00,17.410371,78.437225,17.450371,78.477225,NULL
uvmv930512740,2022-03-17,18:45:00,18:50:00,22.750040,75.902847,22.800040,75.952847,NULL
uvof612480270,2022-03-28,19:30:00,19:45:00,26.849596,75.800512,26.909596,75.860512,NULL
uvri048682496,2022-03-29,21:30:00,21:35:00,22.760072,75.892574,22.850072,75.982574,NULL
uvtv530116098,2022-03-16,21:35:00,21:50:00,23.355164,85.324097,23.425164,85.394097,NULL
uvvq389339705,2022-03-06,20:40:00,20:50:00,13.081878,80.248519,13.161878,80.328519,NULL
uvyy370020833,2022-02-12,22:55:00,23:05:00,26.469003,80.316344,26.579003,80.426344,NULL
uvzb485438989,2022-03-11,12:00:00,12:05:00,22.727021,75.884167,22.747021,75.904167,NULL
uwcd765121224,2022-03-17,09:35:00,09:45:00,17.412330,78.449654,17.432330,78.469654,NULL
uwdn581659734,2022-03-09,16:35:00,16:50:00,22.761593,75.886362,22.801593,75.926362,NULL
uwea310884218,2022-03-26,10:45:00,11:00:00,18.536562,73.896485,18.556562,73.916485,NULL
uwge797802975,2022-02-11,14:45:00,15:00:00,30.361281,78.068022,30.401281,78.108022,NULL
uwgz761767185,2022-03-25,20:10:00,20:15:00,17.458998,78.500366,17.568998,78.610366,NULL
uwik164714010,2022-02-14,17:55:00,18:10:00,10.003064,76.307589,10.083064,76.387589,NULL
uwis580335375,2022-03-01,20:15:00,20:20:00,21.171060,72.789292,21.231060,72.849292,NULL
uwly305164399,2022-03-31,21:40:00,21:45:00,12.978453,77.643685,13.088453,77.753685,NULL
uwnp793571010,2022-02-14,17:40:00,17:50:00,-15.576683,73.755750,15.646683,73.825750,NULL
uwok406160969,2022-03-14,19:45:00,19:50:00,19.109300,72.825451,19.179300,72.895451,NULL
uwql387334351,2022-03-07,21:55:00,22:10:00,0.000000,0.000000,0.030000,0.030000,NULL
uwqv731205626,2022-04-06,22:10:00,22:25:00,22.727021,75.884167,22.817021,75.974167,NULL
uwrn819061716,2022-03-26,22:15:00,22:20:00,0.000000,0.000000,0.030000,0.030000,NULL
uwrq927425597,2022-03-19,21:10:00,21:20:00,18.636215,73.751081,18.696215,73.811081,NULL
uwun254415635,2022-03-03,08:55:00,09:00:00,18.994049,72.825203,19.014049,72.845203,NULL
uxan929709160,2022-03-17,21:15:00,21:20:00,26.891191,75.802083,26.921191,75.832083,NULL
uxap831884407,2022-02-12,21:20:00,21:25:00,22.527893,88.368628,22.617893,88.458628,NULL
uxbm387242722,2022-03-30,23:45:00,23:50:00,21.149834,72.778666,21.199834,72.828666,NULL
uxfb862025463,2022-03-23,19:30:00,19:40:00,12.325461,76.632278,12.415461,76.722278,NULL
uxkg535939125,2022-03-15,19:10:00,19:20:00,12.284747,76.625861,12.334747,76.675861,NULL
uxkq532921854,2022-02-16,21:55:00,22:00:00,15.506205,73.766668,15.586205,73.846668,NULL
uxlf726221811,2022-03-12,17:10:00,17:20:00,12.352058,76.606650,12.462058,76.716650,NULL
uxng475275706,2022-03-26,22:40:00,22:55:00,19.254567,72.848923,19.304567,72.898923,NULL
uxnt196160734,2022-02-14,21:15:00,21:30:00,30.914057,75.839820,30.984057,75.909820,NULL
uxpo933542554,2022-03-09,12:35:00,12:40:00,21.149569,72.772697,21.189569,72.812697,NULL
uxsb403561931,2022-02-18,17:15:00,17:30:00,30.905562,75.832841,30.995562,75.922841,NULL
uyal930309732,2022-02-15,15:35:00,15:45:00,15.493950,73.827423,15.533950,73.867423,NULL
uybm390303163,2022-03-16,18:30:00,18:35:00,12.949934,77.699386,13.059934,77.809386,NULL
uydc345681361,2022-03-27,22:25:00,22:30:00,12.323994,76.626167,12.453994,76.756167,NULL
uydi038263438,2022-03-27,23:00:00,23:15:00,22.727021,75.884167,22.817021,75.974167,NULL
uyeo431716232,2022-02-14,20:00:00,20:05:00,0.000000,0.000000,0.110000,0.110000,NULL
uygl910908263,2022-03-13,10:30:00,10:35:00,22.753839,75.897429,22.763838,75.907429,NULL
uygy281862434,2022-03-03,21:20:00,21:25:00,26.846156,75.802300,26.896156,75.852300,NULL
uyhh737739508,2022-04-06,18:55:00,19:00:00,19.121999,72.908493,19.191999,72.978493,NULL
uyid942578627,2022-03-02,21:45:00,21:50:00,13.058616,80.264151,13.138616,80.344151,NULL
uylv845731930,2022-03-19,18:45:00,19:00:00,12.323225,76.630028,12.383225,76.690028,NULL
uymh664371181,2022-02-15,22:25:00,22:35:00,15.506205,73.766668,15.556205,73.816668,NULL
uyno112034630,2022-03-07,10:15:00,10:20:00,18.539299,73.897902,18.559299,73.917902,NULL
uypc839164815,2022-02-16,21:15:00,21:30:00,30.332735,78.054222,30.422735,78.144222,NULL
uyrh350992868,2022-03-24,11:10:00,11:25:00,0.000000,0.000000,0.020000,0.020000,NULL
uysa708451211,2022-03-31,21:50:00,21:55:00,18.554382,73.798206,18.684382,73.928206,NULL
uysi034087092,2022-03-17,09:55:00,10:05:00,26.956431,75.776649,26.966431,75.786649,NULL
uytk162540441,2022-04-03,17:35:00,17:50:00,26.913483,75.803139,26.963483,75.853139,NULL
uytl079924942,2022-03-24,08:25:00,08:40:00,26.914142,75.805704,26.924142,75.815704,NULL
uyul053277599,2022-03-10,22:35:00,22:45:00,12.979166,77.640709,13.109166,77.770709,NULL
uyun053163697,2022-02-17,18:25:00,18:40:00,27.165108,78.015053,27.225108,78.075053,NULL
uyzq898399833,2022-02-11,17:00:00,17:10:00,30.346994,78.062543,30.386994,78.102543,NULL
uzci252090225,2022-02-16,19:40:00,19:50:00,15.561295,73.749478,15.691295,73.879478,NULL
uzem081727781,2022-04-04,20:35:00,20:45:00,17.430448,78.418213,17.520448,78.508213,NULL
uzhp187556594,2022-03-11,11:50:00,12:00:00,22.310237,73.158921,22.330237,73.178921,NULL
uzik680232555,2022-03-07,08:40:00,08:45:00,12.914264,77.678400,12.934264,77.698400,NULL
uzjd122843811,2022-03-11,14:35:00,14:45:00,18.534080,73.898520,18.574080,73.938520,NULL
uzky184164409,2022-03-18,21:45:00,21:50:00,26.902940,75.793007,27.012940,75.903007,NULL
uzkz304464726,2022-03-17,11:40:00,11:55:00,18.516216,73.842527,18.526216,73.852527,NULL
uzno711040707,2022-04-05,08:50:00,09:05:00,22.311358,73.164798,22.331358,73.184798,NULL
uzro644897226,2022-03-16,22:25:00,22:40:00,22.761226,75.887522,22.871226,75.997522,NULL
uzsg546842133,2022-02-14,22:45:00,22:50:00,9.970717,76.285447,10.080717,76.395447,NULL
uztc414467545,2022-02-15,18:55:00,19:05:00,10.027364,76.308258,10.087364,76.368258,NULL
uztq204348534,2022-03-09,19:40:00,19:45:00,21.170798,72.790489,21.220798,72.840489,NULL
uzvu452554933,2022-03-21,21:15:00,21:25:00,11.021278,76.995017,11.071278,77.045017,NULL
uzxi564934786,2022-02-18,22:50:00,23:05:00,26.483672,80.320708,26.573672,80.410708,NULL
uzyk660052320,2022-03-08,22:35:00,22:45:00,26.911927,75.797282,27.021927,75.907282,NULL
vabk293724375,2022-03-03,12:20:00,12:35:00,26.892312,75.806896,26.932312,75.846896,NULL
vaea738131812,2022-03-23,21:20:00,21:30:00,19.109300,72.825451,19.199300,72.915451,NULL
vaej560908177,2022-03-14,18:45:00,19:00:00,11.001852,76.976268,11.071852,77.046268,NULL
vaep018944701,2022-04-02,21:50:00,22:00:00,12.949934,77.699386,13.059934,77.809386,NULL
vafc391630436,2022-03-25,20:15:00,20:20:00,21.173493,72.801953,21.253493,72.881953,NULL
vafo018070905,2022-02-18,22:35:00,22:50:00,9.988483,76.295211,10.078483,76.385211,NULL
vagk282321217,2022-03-16,22:20:00,22:30:00,12.978453,77.643685,13.088453,77.753685,NULL
vakz912181469,2022-03-09,22:45:00,22:55:00,26.766536,75.837333,26.826536,75.897333,NULL
valo890325429,2022-03-26,17:15:00,17:25:00,17.428294,78.404423,17.478294,78.454423,NULL
vapv612369565,2022-03-02,20:35:00,20:40:00,22.761226,75.887522,22.891226,76.017522,NULL
varh640480468,2022-03-20,20:50:00,21:05:00,13.049645,80.242268,13.119645,80.312268,NULL
vaso457510429,2022-03-09,12:40:00,12:50:00,26.921411,75.793604,26.961411,75.833604,NULL
vavf041518880,2022-02-16,17:30:00,17:45:00,30.340722,78.060221,30.430722,78.150221,NULL
vaxf944008200,2022-03-05,18:10:00,18:15:00,22.744648,75.894377,22.774648,75.924377,NULL
vazc972517325,2022-03-09,20:40:00,20:50:00,12.972532,77.608179,13.032532,77.668179,NULL
vazf926651495,2022-02-12,23:30:00,23:40:00,0.000000,0.000000,0.110000,0.110000,NULL
vbav756143862,2022-04-01,15:25:00,15:35:00,23.359407,85.325055,23.399407,85.365055,NULL
vbkp951654995,2022-04-05,09:25:00,09:30:00,11.008638,76.984311,11.028638,77.004311,NULL
vblp165338962,2022-03-07,11:35:00,11:50:00,21.170096,72.789122,21.180096,72.799122,NULL
vbnq363201870,2022-03-25,22:20:00,22:30:00,18.543626,73.905101,18.653626,74.015101,NULL
vbns242738108,2022-03-16,21:15:00,21:20:00,18.563934,73.915367,18.633934,73.985367,NULL
vbov706169890,2022-02-13,21:25:00,21:35:00,10.027364,76.308258,10.087364,76.368258,NULL
vbsh124267282,2022-03-11,16:20:00,16:30:00,11.003681,76.975525,11.043681,77.015525,NULL
vbtz945703107,2022-03-20,20:50:00,20:55:00,18.554382,73.798206,18.644382,73.888206,NULL
vbuo936757620,2022-03-24,19:15:00,19:30:00,11.006686,76.951736,11.056686,77.001736,NULL
vbym030396333,2022-02-18,18:30:00,18:45:00,26.482419,80.320939,26.562419,80.400939,NULL
vcad450511444,2022-03-23,23:20:00,23:30:00,22.311358,73.164798,22.401358,73.254798,NULL
vcam174449349,2022-03-06,17:45:00,17:55:00,0.000000,0.000000,0.110000,0.110000,NULL
vcce850071490,2022-02-15,13:30:00,13:35:00,26.490950,80.318656,26.530950,80.358656,NULL
vcdt165986740,2022-03-31,17:40:00,17:45:00,11.022298,76.998349,11.152298,77.128349,NULL
vcgq396435695,2022-03-06,18:40:00,18:45:00,23.399250,85.390464,23.479250,85.470464,NULL
vcnm609360631,2022-04-02,18:15:00,18:30:00,12.297954,76.665169,12.367954,76.735169,NULL
vcnq640051407,2022-03-27,20:50:00,21:00:00,12.323225,76.630028,12.413225,76.720028,NULL
vcpo904984519,2022-04-02,17:20:00,17:35:00,21.186884,72.793616,21.296884,72.903616,NULL
vcrk401368337,2022-03-27,00:00:00,00:15:00,21.186438,72.794115,21.316438,72.924115,NULL
vcrr915099266,2022-02-17,17:45:00,17:50:00,19.876428,75.364792,19.906428,75.394792,NULL
vcwy133012432,2022-03-13,22:30:00,22:45:00,0.000000,0.000000,0.050000,0.050000,NULL
vcyr025251169,2022-03-16,22:00:00,22:10:00,11.003681,76.975525,11.083681,77.055525,NULL
vczr605400863,2022-02-14,17:55:00,18:05:00,25.459775,81.834841,25.589775,81.964841,NULL
vdcd902454612,2022-03-27,20:35:00,20:45:00,21.183434,72.814492,21.313434,72.944492,NULL
vdfj488526028,2022-03-01,10:50:00,10:55:00,12.939496,77.625999,12.949496,77.635999,NULL
vdgz273928951,2022-03-03,20:40:00,20:50:00,12.981615,80.231598,13.041615,80.291598,NULL
vdkj730388289,2022-04-02,23:40:00,23:45:00,22.761593,75.886362,22.891593,76.016362,NULL
vdli957505470,2022-03-26,12:30:00,12:40:00,17.410371,78.437225,17.450371,78.477225,NULL
vdmi492416566,2022-03-13,20:25:00,20:30:00,21.185047,72.808590,21.235047,72.858590,NULL
vdqc608395531,2022-02-15,17:10:00,17:15:00,23.232537,77.429845,23.282537,77.479845,NULL
vdsc242802639,2022-03-19,20:45:00,20:50:00,0.000000,0.000000,0.030000,0.030000,NULL
vdyk199155992,2022-03-04,19:30:00,19:35:00,17.431668,78.408321,17.501668,78.478321,NULL
vdyu945502743,2022-04-06,23:30:00,23:35:00,21.175975,72.795503,21.265975,72.885503,NULL
vdzv579219481,2022-03-06,21:45:00,21:50:00,26.846156,75.802300,26.936156,75.892300,NULL
veag112337851,2022-03-25,20:35:00,20:50:00,11.022169,76.999594,11.152169,77.129594,NULL
vegz041479570,2022-03-19,23:00:00,23:15:00,12.975377,77.696664,13.035377,77.756664,NULL
vehr627079862,2022-02-15,19:35:00,19:50:00,19.875016,75.322405,19.905016,75.352405,NULL
vejl834931767,2022-03-15,21:40:00,21:45:00,0.000000,0.000000,0.030000,0.030000,NULL
vekh998799412,2022-03-18,23:35:00,23:45:00,26.846156,75.802300,26.926156,75.882300,NULL
velf920731059,2022-03-28,19:10:00,19:15:00,18.593481,73.785901,18.623481,73.815901,NULL
vemm280837823,2022-03-10,17:50:00,17:55:00,17.410371,78.437225,17.520371,78.547225,NULL
veng336050777,2022-04-01,20:30:00,20:40:00,0.000000,0.000000,0.050000,0.050000,NULL
veqe996403142,2022-03-13,12:30:00,12:40:00,0.000000,0.000000,0.040000,0.040000,NULL
verf184835678,2022-03-05,11:25:00,11:30:00,26.902328,75.794257,26.912328,75.804257,NULL
verr769494269,2022-03-29,20:30:00,20:35:00,0.000000,0.000000,0.110000,0.110000,NULL
vevh118411017,2022-02-11,22:15:00,22:25:00,0.000000,0.000000,0.060000,0.060000,NULL
vewp169712825,2022-04-02,19:45:00,19:50:00,11.021278,76.995017,11.091278,77.065017,NULL
vfap698834584,2022-03-30,21:10:00,21:15:00,12.972161,77.596014,13.002161,77.626014,NULL
vfdo296696308,2022-03-25,23:55:00,00:10:00,22.651847,75.881991,22.741847,75.971991,NULL
vfhe855243438,2022-03-06,20:20:00,20:25:00,12.970221,77.645396,13.060221,77.735396,NULL
vfhg927663725,2022-03-16,21:45:00,21:50:00,22.725748,75.898497,22.815748,75.988497,NULL
vfhr196294818,2022-03-10,17:40:00,17:55:00,23.369746,85.339820,23.439746,85.409820,NULL
vfmi401167012,2022-03-03,09:55:00,10:05:00,17.451976,78.385883,17.461976,78.395883,NULL
vfml243571298,2022-03-10,18:40:00,18:55:00,18.546258,73.904337,18.656258,74.014337,NULL
vfml545198621,2022-02-13,18:20:00,18:35:00,9.960846,76.293936,10.010846,76.343936,NULL
vfne967982955,2022-03-01,09:50:00,10:05:00,11.021278,76.995017,11.041278,77.015017,NULL
vfpj071748524,2022-03-19,21:20:00,21:25:00,21.186608,72.794136,21.216608,72.824136,NULL
vfpz270872586,2022-04-06,17:10:00,17:20:00,11.003008,76.975440,11.083009,77.055440,NULL
vfrm732524901,2022-03-06,21:15:00,21:25:00,17.429585,78.392621,17.519585,78.482621,NULL
vfsc468616432,2022-03-15,18:30:00,18:40:00,12.323225,76.630028,12.353225,76.660028,NULL
vfwv901104215,2022-03-06,22:20:00,22:30:00,0.000000,0.000000,0.070000,0.070000,NULL
vfxx621133570,2022-03-15,11:45:00,11:50:00,23.357804,85.325146,23.367804,85.335146,NULL
vfxz376910239,2022-03-19,18:45:00,18:55:00,26.910262,75.783013,26.940262,75.813013,NULL
vfzi677646285,2022-03-16,23:10:00,23:25:00,13.091809,80.219104,13.221809,80.349104,NULL
vgdy869148439,2022-03-01,10:15:00,10:30:00,0.000000,0.000000,0.010000,0.010000,NULL
vgfb341284303,2022-03-13,17:10:00,17:15:00,18.516216,73.842527,18.566216,73.892527,NULL
vgia279830405,2022-04-02,23:20:00,23:30:00,11.022298,76.998349,11.152298,77.128349,NULL
vgjr167867003,2022-03-05,08:30:00,08:40:00,17.426228,78.407495,17.436228,78.417495,NULL
vglj422527298,2022-04-06,17:50:00,18:00:00,12.979166,77.640709,13.049166,77.710709,NULL
vgnn056259373,2022-03-31,00:00:00,00:05:00,19.254567,72.848923,19.384567,72.978923,NULL
vgpp339661320,2022-03-19,08:50:00,09:05:00,12.914264,77.678400,12.934264,77.698400,NULL
vgtq281702950,2022-03-17,18:25:00,18:30:00,17.431477,78.400350,17.491477,78.460350,NULL
vgvt750133473,2022-02-14,18:50:00,19:05:00,0.000000,0.000000,0.090000,0.090000,NULL
vgwb993819600,2022-03-29,00:00:00,00:05:00,26.905190,75.810753,26.985190,75.890753,NULL
vgwm886728261,2022-04-03,10:35:00,10:45:00,12.933284,77.615428,12.953284,77.635428,NULL
vgyw349571293,2022-03-21,18:25:00,18:40:00,19.176269,72.836721,19.236269,72.896721,NULL
vgzk550604941,2022-03-26,09:40:00,09:50:00,0.000000,0.000000,0.010000,0.010000,NULL
vgzo485718588,2022-03-10,20:35:00,20:40:00,11.021278,76.995017,11.111278,77.085017,NULL
vhas112924318,2022-03-04,22:35:00,22:50:00,19.109300,72.825451,19.219300,72.935451,NULL
vhdb199994923,2022-04-04,17:10:00,17:20:00,12.308500,76.665808,12.418500,76.775808,NULL
vhdc434508538,2022-03-12,19:30:00,19:40:00,23.333017,85.317200,23.423017,85.407200,NULL
vhed498283115,2022-03-15,10:10:00,10:25:00,17.411028,78.329645,17.421028,78.339645,NULL
vhfk281198980,2022-04-03,19:10:00,19:20:00,22.311844,73.165081,22.341844,73.195081,NULL
vhgi442525907,2022-03-06,19:10:00,19:15:00,26.888420,75.800689,26.958420,75.870689,NULL
vhjm046034832,2022-04-05,09:10:00,09:15:00,0.000000,0.000000,0.020000,0.020000,NULL
vhjn968828020,2022-02-17,23:30:00,23:45:00,-9.988483,76.295211,10.048483,76.355211,NULL
vhkd487067380,2022-03-24,22:10:00,22:20:00,11.022169,76.999594,11.082169,77.059594,NULL
vhkj347911892,2022-03-23,23:30:00,23:35:00,18.563934,73.915367,18.643935,73.995367,NULL
vhnz478662762,2022-03-08,21:45:00,21:50:00,22.753659,75.903365,22.823659,75.973365,NULL
vhok143446108,2022-03-17,09:10:00,09:20:00,26.956431,75.776649,26.976431,75.796649,NULL
vhpk240815076,2022-03-12,22:00:00,22:05:00,21.183434,72.814492,21.263434,72.894492,NULL
vhqi835557353,2022-03-01,22:50:00,22:55:00,17.459710,78.368855,17.519710,78.428855,NULL
vhqs412682185,2022-03-03,19:35:00,19:40:00,21.160522,72.771477,21.210522,72.821477,NULL
vhtg031135229,2022-03-11,21:50:00,22:00:00,11.003681,76.975525,11.053681,77.025525,NULL
vhvg219051166,2022-02-18,23:55:00,00:00:00,-30.895817,75.813112,31.005817,75.923112,NULL
vhwc157215188,2022-02-15,16:35:00,16:50:00,23.211529,77.419399,23.251529,77.459399,NULL
vhya656289264,2022-03-25,18:15:00,18:25:00,17.458998,78.500366,17.528998,78.570366,NULL
vibn589367283,2022-03-13,10:35:00,10:50:00,11.003008,76.975440,11.013008,76.985440,NULL
viey066269345,2022-03-05,14:35:00,14:50:00,22.310237,73.158921,22.350237,73.198921,NULL
vihq896917199,2022-03-30,08:20:00,08:30:00,23.416792,85.316842,23.436792,85.336842,NULL
viin268221671,2022-04-05,23:35:00,23:45:00,12.972532,77.608179,13.002532,77.638179,NULL
viin623818768,2022-02-14,19:20:00,19:25:00,22.515082,88.367830,22.605082,88.457830,NULL
vikg162972879,2022-03-28,08:25:00,08:40:00,22.760072,75.892574,22.780072,75.912574,NULL
viky085824405,2022-04-03,08:35:00,08:45:00,22.308096,73.167753,22.328096,73.187753,NULL
vimo382808247,2022-03-16,23:10:00,23:15:00,19.126630,72.829976,19.216630,72.919976,NULL
vioq753155432,2022-03-03,17:45:00,17:55:00,22.307898,73.167788,22.357898,73.217788,NULL
viqb333243673,2022-04-01,23:10:00,23:20:00,12.906229,77.596791,12.936229,77.626791,NULL
viqn065302185,2022-03-28,14:55:00,15:10:00,0.000000,0.000000,0.040000,0.040000,NULL
visy471360404,2022-03-18,20:25:00,20:40:00,21.160437,72.774209,21.270437,72.884209,NULL
vivq071918274,2022-03-27,20:10:00,20:15:00,0.000000,0.000000,0.070000,0.070000,NULL
viwf428290017,2022-04-05,14:10:00,14:15:00,11.000762,76.981876,11.040762,77.021876,NULL
vizd072469706,2022-03-26,09:25:00,09:40:00,26.888420,75.800689,26.898420,75.810689,NULL
vjeb621356518,2022-04-06,19:00:00,19:10:00,18.534080,73.898520,18.614080,73.978520,NULL
vjer583900207,2022-03-07,22:25:00,22:40:00,19.207222,72.972281,19.257222,73.022281,NULL
vjfq969302363,2022-03-07,17:50:00,18:00:00,0.000000,0.000000,0.050000,0.050000,NULL
vjgn555294799,2022-03-24,23:40:00,23:45:00,12.978453,77.643685,13.028453,77.693685,NULL
vjir487293571,2022-03-30,11:25:00,11:35:00,13.045479,80.233110,13.065479,80.253110,NULL
vjjn497403158,2022-02-17,08:25:00,08:40:00,9.960846,76.293936,9.980846,76.313936,NULL
vjjp354432041,2022-03-30,20:40:00,20:50:00,0.000000,0.000000,0.060000,0.060000,NULL
vjle089510086,2022-04-03,11:15:00,11:20:00,19.055831,72.833984,19.065831,72.843984,NULL
vjmb468055995,2022-03-09,11:35:00,11:45:00,21.170798,72.790489,21.180798,72.800489,NULL
vjoo410649960,2022-04-01,19:15:00,19:30:00,19.065838,72.832658,19.095838,72.862658,NULL
vjqj497482999,2022-03-02,18:40:00,18:50:00,13.086438,80.220672,13.166438,80.300672,NULL
vjrr892612024,2022-02-11,18:00:00,18:10:00,-30.899584,75.809346,30.929584,75.839346,NULL
vjso332723361,2022-02-11,21:30:00,21:45:00,0.000000,0.000000,0.030000,0.030000,NULL
vjul255409542,2022-03-15,20:20:00,20:35:00,22.725835,75.887648,22.755835,75.917648,NULL
vjul560631263,2022-03-13,10:30:00,10:40:00,11.001753,76.986241,11.011753,76.996241,NULL
vkak803254039,2022-02-17,17:30:00,17:40:00,22.552672,88.352885,22.602672,88.402885,NULL
vkcz632563789,2022-03-29,23:10:00,23:15:00,21.183434,72.814492,21.273434,72.904492,NULL
vkgl379331218,2022-02-11,10:00:00,10:05:00,0.000000,0.000000,0.010000,0.010000,NULL
vkha829962812,2022-03-28,14:15:00,14:30:00,26.849596,75.800512,26.889596,75.840512,NULL
vkmv879345199,2022-02-17,10:50:00,10:55:00,26.473698,80.352677,26.493698,80.372677,NULL
vkok146314241,2022-02-12,20:00:00,20:10:00,27.158822,78.045359,27.268822,78.155359,NULL
vkpe355322627,2022-03-17,11:55:00,12:10:00,22.310526,73.170937,22.320526,73.180937,NULL
vksg100626544,2022-03-11,18:20:00,18:35:00,17.426228,78.407495,17.486228,78.467495,NULL
vksq962131848,2022-03-03,11:15:00,11:20:00,12.304569,76.643622,12.314569,76.653622,NULL
vkxb182396263,2022-02-13,18:45:00,18:55:00,10.035573,76.336958,10.065573,76.366958,NULL
vkxb186395413,2022-03-27,17:55:00,18:00:00,18.533811,73.899315,18.663811,74.029315,NULL
vkzf129631664,2022-04-04,18:20:00,18:35:00,18.636215,73.751081,18.726215,73.841081,NULL
vkzf718466142,2022-03-30,09:50:00,10:05:00,0.000000,0.000000,0.010000,0.010000,NULL
vkzz832219130,2022-03-30,13:20:00,13:35:00,23.357804,85.325146,23.397804,85.365146,NULL
vldm347453438,2022-02-11,23:50:00,00:05:00,-19.876106,75.340775,19.926106,75.390775,NULL
vlex225612870,2022-04-06,17:10:00,17:15:00,18.927584,72.832585,19.057584,72.962585,NULL
vlga328100075,2022-03-27,23:15:00,23:30:00,18.539299,73.897902,18.629299,73.987902,NULL
vlow283644622,2022-03-27,20:35:00,20:40:00,21.170096,72.789122,21.250096,72.869122,NULL
vlpo396457026,2022-03-12,21:35:00,21:40:00,11.003008,76.975440,11.073009,77.045440,NULL
vlqx004718041,2022-03-24,14:55:00,15:10:00,22.753659,75.903365,22.793659,75.943365,NULL
vlst254301121,2022-03-13,23:10:00,23:20:00,26.913987,75.752891,26.943987,75.782891,NULL
vlus900959175,2022-03-28,21:10:00,21:25:00,19.254567,72.848923,19.284567,72.878923,NULL
vlze013546702,2022-03-08,18:55:00,19:10:00,21.170798,72.790489,21.250798,72.870489,NULL
vlzn491770976,2022-03-26,18:15:00,18:30:00,17.433809,78.386744,17.483809,78.436744,NULL
vlzv017145192,2022-03-07,09:10:00,09:15:00,12.933284,77.615428,12.953284,77.635428,NULL
vmaa132822686,2022-03-26,08:15:00,08:25:00,22.761226,75.887522,22.771226,75.897522,NULL
vmau710398846,2022-02-13,14:55:00,15:05:00,10.003064,76.307589,10.043064,76.347589,NULL
vmbb603120991,2022-02-16,21:10:00,21:25:00,30.892978,75.821847,30.982978,75.911847,NULL
vmbc581516924,2022-03-09,22:15:00,22:20:00,22.722634,75.886959,22.752634,75.916959,NULL
vmcd543273984,2022-02-17,10:15:00,10:20:00,10.006881,76.345397,10.026881,76.365397,NULL
vmcr655255820,2022-02-12,18:15:00,18:30:00,0.000000,0.000000,0.090000,0.090000,NULL
vmei565795486,2022-04-01,12:00:00,12:10:00,19.254567,72.848923,19.264567,72.858923,NULL
vmfv999642595,2022-03-16,20:30:00,20:40:00,18.592718,73.773572,18.702718,73.883572,NULL
vmgc964372188,2022-03-03,10:30:00,10:45:00,23.416792,85.316842,23.436792,85.336842,NULL
vmhc498386802,2022-03-31,21:35:00,21:45:00,12.297954,76.665169,12.407954,76.775169,NULL
vmhr570813458,2022-03-31,21:55:00,22:00:00,13.066762,80.251865,13.136762,80.321865,NULL
vmlf029606115,2022-03-19,18:30:00,18:35:00,26.766536,75.837333,26.816536,75.887333,NULL
vmnt308795691,2022-03-12,19:40:00,19:45:00,12.979166,77.640709,13.059166,77.720709,NULL
vmqx249086899,2022-03-25,23:00:00,23:15:00,23.359194,85.325447,23.439194,85.405447,NULL
vmrv350858020,2022-03-03,21:35:00,21:45:00,12.326356,76.619103,12.386356,76.679103,NULL
vmtg691270066,2022-03-12,22:30:00,22:35:00,11.006686,76.951736,11.096686,77.041736,NULL
vmyi904311086,2022-03-13,12:45:00,13:00:00,21.170096,72.789122,21.210096,72.829122,NULL
vmzh005501281,2022-04-06,22:25:00,22:40:00,11.016298,76.972076,11.126298,77.082076,NULL
vmzv792298614,2022-03-13,09:55:00,10:00:00,23.359194,85.325447,23.379194,85.345447,NULL
vndo369529097,2022-03-28,10:40:00,10:45:00,21.170096,72.789122,21.180096,72.799122,NULL
vnez708393762,2022-02-13,11:50:00,12:00:00,22.549100,88.400467,22.569100,88.420467,NULL
vngn139563789,2022-03-10,19:50:00,20:05:00,12.323225,76.630028,12.413225,76.720028,NULL
vnhq327619759,2022-03-19,23:20:00,23:35:00,0.000000,0.000000,0.050000,0.050000,NULL
vnif597674332,2022-02-13,23:20:00,23:30:00,9.960846,76.293936,10.020846,76.353936,NULL
vnih047964175,2022-03-13,20:15:00,20:25:00,12.972532,77.608179,13.022532,77.658179,NULL
vnio307389947,2022-03-26,13:45:00,13:55:00,18.516216,73.842527,18.556216,73.882527,NULL
vnme542600262,2022-03-17,19:30:00,19:45:00,13.064181,80.236442,13.114181,80.286442,NULL
vnph576782705,2022-03-06,23:55:00,00:10:00,11.010375,76.952950,11.120375,77.062950,NULL
vnqe841613400,2022-04-06,23:15:00,23:20:00,22.744648,75.894377,22.834648,75.984377,NULL
vnva154908085,2022-03-10,21:40:00,21:55:00,22.311603,73.165012,22.381603,73.235012,NULL
vnvf973199311,2022-03-08,17:35:00,17:45:00,26.913726,75.752820,27.023726,75.862820,NULL
vnvi850551051,2022-04-05,15:25:00,15:40:00,12.337928,76.617889,12.377928,76.657889,NULL
vnyl446986940,2022-03-20,21:45:00,21:50:00,18.534080,73.898520,18.664080,74.028520,NULL
vocz622193957,2022-03-29,20:10:00,20:15:00,18.534080,73.898520,18.614080,73.978520,NULL
vodl130786668,2022-03-29,18:20:00,18:25:00,12.316967,76.603067,12.406967,76.693067,NULL
voec826849616,2022-03-01,09:20:00,09:25:00,18.514210,73.838429,18.524210,73.848429,NULL
vogj512177127,2022-03-01,18:40:00,18:55:00,17.428294,78.404423,17.488294,78.464423,NULL
vohr903443024,2022-03-02,20:45:00,20:55:00,11.021278,76.995017,11.131278,77.105017,NULL
vomu195891123,2022-03-24,19:00:00,19:05:00,0.000000,0.000000,0.030000,0.030000,NULL
vono465054940,2022-04-03,10:15:00,10:20:00,17.483216,78.552111,17.503216,78.572111,NULL
vorb701589513,2022-02-12,22:35:00,22:50:00,15.561295,73.749478,15.691295,73.879478,NULL
vott761676012,2022-04-02,19:45:00,19:55:00,22.753839,75.897429,22.843839,75.987429,NULL
votv774802282,2022-03-11,10:30:00,10:45:00,23.357804,85.325146,23.367804,85.335146,NULL
voub093574853,2022-02-16,18:40:00,18:45:00,25.451517,81.832616,25.591517,81.972616,NULL
voun300113352,2022-03-14,18:55:00,19:05:00,18.530963,73.828972,18.610963,73.908972,NULL
vpap820650448,2022-03-10,23:55:00,00:05:00,26.891191,75.802083,27.001191,75.912083,NULL
vpdd949263618,2022-03-17,17:30:00,17:40:00,12.970324,77.645748,13.000324,77.675748,NULL
vpdv492161328,2022-03-08,18:20:00,18:25:00,12.304569,76.643622,12.414569,76.753622,NULL
vpgt555424025,2022-03-04,18:15:00,18:30:00,18.536718,73.830327,18.626718,73.920327,NULL
vphn244879624,2022-03-05,10:35:00,10:40:00,17.483216,78.552111,17.503216,78.572111,NULL
vpms310313920,2022-03-05,19:50:00,19:55:00,0.000000,0.000000,0.050000,0.050000,NULL
vpoa505219525,2022-02-13,23:20:00,23:30:00,26.482419,80.320939,26.532419,80.370939,NULL
vppu454529572,2022-02-16,17:35:00,17:45:00,30.899584,75.809346,30.979584,75.889346,NULL
vpsd736524794,2022-02-12,22:25:00,22:35:00,26.471529,80.313458,26.611529,80.453458,NULL
vpsf780953121,2022-03-27,22:50:00,23:00:00,19.091458,72.827808,19.171458,72.907808,NULL
vpuc689680491,2022-03-10,23:10:00,23:15:00,21.149569,72.772697,21.229569,72.852697,NULL
vpui103402267,2022-04-02,22:35:00,22:40:00,26.956431,75.776649,27.026431,75.846649,NULL
vpun175942482,2022-03-28,11:30:00,11:40:00,19.126630,72.829976,19.136630,72.839976,NULL
vpzi082179640,2022-03-27,23:10:00,23:15:00,11.008638,76.984311,11.138638,77.114311,NULL
vpzj106843126,2022-03-31,23:15:00,23:20:00,11.010375,76.952950,11.090375,77.032950,NULL
vqbi963026570,2022-03-10,20:35:00,20:40:00,23.359033,85.325347,23.429033,85.395347,NULL
vqgx712248214,2022-04-03,23:15:00,23:25:00,18.994049,72.825203,19.044049,72.875203,NULL
vqhv028565468,2022-03-14,21:55:00,22:05:00,23.374878,85.335739,23.464878,85.425739,NULL
vqlb340962256,2022-03-15,17:45:00,18:00:00,12.334022,76.618203,12.384022,76.668203,NULL
vqlk306910270,2022-03-18,19:35:00,19:45:00,26.888420,75.800689,27.028420,75.940689,NULL
vqos448371563,2022-03-15,19:00:00,19:10:00,13.026279,80.174568,13.086279,80.234568,NULL
vqpb254330454,2022-04-01,19:45:00,20:00:00,23.374878,85.335739,23.404878,85.365739,NULL
vqrk699466271,2022-03-29,17:50:00,18:00:00,23.369746,85.339820,23.479746,85.449820,NULL
vqrp597731437,2022-03-12,19:30:00,19:35:00,21.186884,72.793616,21.266884,72.873616,NULL
vqsu883511473,2022-03-06,20:40:00,20:50:00,17.438263,78.397865,17.518263,78.477865,NULL
vqty702282323,2022-03-15,16:55:00,17:05:00,17.430448,78.418213,17.470448,78.458213,NULL
vqwd364782094,2022-03-09,11:45:00,12:00:00,12.933284,77.615428,12.953284,77.635428,NULL
vqxo511607668,2022-04-03,15:35:00,15:50:00,23.355164,85.324097,23.395164,85.364097,NULL
vraf294026036,2022-03-03,10:00:00,10:15:00,13.058616,80.264151,13.068616,80.274151,NULL
vrav842805484,2022-03-06,20:10:00,20:15:00,18.530963,73.828972,18.610963,73.908972,NULL
vrex329922325,2022-03-17,13:30:00,13:40:00,22.695207,75.866059,22.735207,75.906059,NULL
vrfm645341439,2022-03-29,21:20:00,21:30:00,26.921411,75.793604,27.011411,75.883604,NULL
vrgl039935970,2022-02-13,13:00:00,13:10:00,26.482419,80.320939,26.522419,80.360939,NULL
vrhx621276048,2022-03-09,10:40:00,10:45:00,12.323194,76.630583,12.343194,76.650583,NULL
vrlx296809683,2022-03-23,18:10:00,18:15:00,12.304569,76.643622,12.384569,76.723622,NULL
vrnh319877503,2022-04-02,21:50:00,21:55:00,22.744648,75.894377,22.834648,75.984377,NULL
vrnt065570779,2022-03-04,17:10:00,17:15:00,13.049645,80.242268,13.119645,80.312268,NULL
vrpg132498317,2022-03-08,19:15:00,19:20:00,22.310526,73.170937,22.390526,73.250937,NULL
vrqh533809968,2022-03-04,23:50:00,23:55:00,18.994237,72.825553,19.064237,72.895553,NULL
vrrc426597481,2022-03-07,17:25:00,17:40:00,18.551440,73.804855,18.581440,73.834855,NULL
vrtd985758265,2022-03-27,22:50:00,23:05:00,21.157729,72.768726,21.267729,72.878726,NULL
vrwy646377589,2022-02-17,10:00:00,10:05:00,0.000000,0.000000,0.010000,0.010000,NULL
vrzd371198438,2022-03-27,19:35:00,19:50:00,12.334022,76.618203,12.414022,76.698203,NULL
vscu549357930,2022-02-18,21:30:00,21:40:00,0.000000,0.000000,0.130000,0.130000,NULL
vsgp596444435,2022-03-09,09:40:00,09:55:00,21.173493,72.801953,21.193493,72.821953,NULL
vsjn072557457,2022-03-02,22:45:00,22:50:00,11.003669,76.976494,11.133669,77.106494,NULL
vsks131085481,2022-03-16,22:20:00,22:25:00,13.058616,80.264151,13.148616,80.354151,NULL
vsks274581985,2022-04-05,18:20:00,18:30:00,26.914142,75.805704,26.964142,75.855704,NULL
vsmr429772169,2022-03-14,19:45:00,19:50:00,22.311358,73.164798,22.381358,73.234798,NULL
vsoy612263930,2022-04-01,21:55:00,22:00:00,18.514210,73.838429,18.574210,73.898429,NULL
vspm648747481,2022-03-13,09:15:00,09:25:00,11.022298,76.998349,11.042298,77.018349,NULL
vsri500454774,2022-03-20,00:00:00,00:15:00,19.178321,72.834715,19.288321,72.944715,NULL
vssa793612365,2022-03-14,19:20:00,19:25:00,21.157735,72.768778,21.267735,72.878778,NULL
vssf505748674,2022-04-04,21:25:00,21:30:00,26.913987,75.752891,27.043987,75.882891,NULL
vsuv015918960,2022-03-30,12:00:00,12:15:00,12.980410,77.640489,12.990410,77.650489,NULL
vswf210882568,2022-03-21,11:00:00,11:10:00,21.186438,72.794115,21.196438,72.804115,NULL
vsxf668876873,2022-03-16,22:40:00,22:55:00,22.760072,75.892574,22.890072,76.022574,NULL
vsxr873823261,2022-03-08,20:15:00,20:20:00,26.846156,75.802300,26.926156,75.882300,NULL
vtav078124312,2022-03-26,23:20:00,23:25:00,17.424114,78.347554,17.484114,78.407554,NULL
vtbh196997464,2022-03-16,20:15:00,20:25:00,23.354422,85.332900,23.484422,85.462900,NULL
vtdt479171965,2022-03-17,20:50:00,21:05:00,11.000762,76.981876,11.060762,77.041876,NULL
vtee609819032,2022-04-06,18:00:00,18:15:00,21.171060,72.789292,21.241060,72.859292,NULL
vtfy812941606,2022-02-16,23:20:00,23:30:00,9.985697,76.281128,10.075697,76.371128,NULL
vthe968726357,2022-02-13,23:45:00,23:55:00,15.498603,73.826911,15.548603,73.876911,NULL
vtie802637731,2022-03-18,23:15:00,23:25:00,21.185047,72.808590,21.255047,72.878590,NULL
vtjf792558599,2022-03-15,23:50:00,00:05:00,0.000000,0.000000,0.050000,0.050000,NULL
vtjg042124168,2022-04-02,18:00:00,18:05:00,13.049645,80.242268,13.119645,80.312268,NULL
vtkj049239517,2022-04-02,22:35:00,22:45:00,22.761593,75.886362,22.871593,75.996362,NULL
vtkv017773563,2022-03-08,21:55:00,22:10:00,19.121999,72.908493,19.251999,73.038493,NULL
vtng784316941,2022-02-15,08:55:00,09:00:00,25.450329,81.834279,25.460329,81.844279,NULL
vtoe708688343,2022-04-02,20:25:00,20:40:00,22.311844,73.165081,22.381844,73.235081,NULL
vtpn094658314,2022-03-09,17:15:00,17:25:00,26.891191,75.802083,26.941191,75.852083,NULL
vtqm150980350,2022-03-08,19:15:00,19:20:00,0.000000,0.000000,0.080000,0.080000,NULL
vtrt559283362,2022-03-23,17:30:00,17:35:00,23.371292,85.327872,23.501292,85.457872,NULL
vtzt338319011,2022-03-18,20:10:00,20:20:00,10.961850,76.971082,11.091850,77.101082,NULL
vugi885555410,2022-03-15,09:40:00,09:55:00,18.569156,73.774723,18.579156,73.784723,NULL
vukm727763845,2022-03-07,13:20:00,13:25:00,22.311844,73.165081,22.351844,73.205081,NULL
vukp737858914,2022-03-04,22:35:00,22:45:00,23.374989,85.335486,23.484989,85.445486,NULL
vuld174516032,2022-03-27,17:50:00,17:55:00,26.911927,75.797282,27.051927,75.937282,NULL
vuqg377117546,2022-02-18,19:40:00,19:45:00,27.195928,77.998092,27.325928,78.128092,NULL
vurr178088914,2022-03-26,08:15:00,08:30:00,21.157729,72.768726,21.167729,72.778726,NULL
vuxl284139526,2022-03-19,23:15:00,23:30:00,21.157729,72.768726,21.207729,72.818726,NULL
vuyu065991946,2022-04-01,12:30:00,12:45:00,12.326356,76.619103,12.366356,76.659103,NULL
vuza807384342,2022-03-20,17:20:00,17:35:00,12.949934,77.699386,13.079934,77.829386,NULL
vvbc482678286,2022-03-12,17:45:00,17:55:00,26.849596,75.800512,26.939596,75.890512,NULL
vvdm918941273,2022-02-16,23:50:00,23:55:00,30.327968,78.046106,30.437968,78.156106,NULL
vvfa736119633,2022-03-19,17:55:00,18:10:00,17.440827,78.393391,17.490827,78.443391,NULL
vvfq105541283,2022-03-14,23:30:00,23:35:00,26.910262,75.783013,26.980262,75.853013,NULL
vvgj958702360,2022-02-12,23:10:00,23:20:00,27.163303,78.057044,27.293303,78.187044,NULL
vvlq794269318,2022-03-04,17:50:00,18:00:00,19.121999,72.908493,19.211999,72.998493,NULL
vvly400456090,2022-04-04,23:20:00,23:25:00,22.695207,75.866059,22.785207,75.956059,NULL
vvne535102893,2022-02-15,10:20:00,10:25:00,0.000000,0.000000,0.010000,0.010000,NULL
vvnf691031294,2022-03-27,23:25:00,23:35:00,23.351058,85.325731,23.481058,85.455731,NULL
vvnq162473052,2022-03-27,23:35:00,23:45:00,22.310526,73.170937,22.420526,73.280937,NULL
vvof778508029,2022-02-17,18:45:00,18:55:00,23.234631,77.401663,23.294631,77.461663,NULL
vvpm458854270,2022-03-24,17:45:00,18:00:00,22.761226,75.887522,22.821226,75.947522,NULL
vvqg343205052,2022-03-02,22:45:00,22:55:00,11.003681,76.975525,11.133681,77.105525,NULL
vvrw966184356,2022-04-05,18:50:00,19:05:00,19.121999,72.908493,19.171999,72.958493,NULL
vvue231041310,2022-03-14,23:55:00,00:00:00,26.914142,75.805704,27.024142,75.915704,NULL
vvvm672595336,2022-02-18,22:45:00,22:55:00,23.214459,77.434976,23.344459,77.564976,NULL
vvzb299684509,2022-02-12,22:25:00,22:35:00,25.450377,81.834236,25.530377,81.914236,NULL
vvzo878125812,2022-03-26,08:20:00,08:25:00,18.514210,73.838429,18.524210,73.848429,NULL
vwaj073664231,2022-03-28,10:40:00,10:55:00,12.970324,77.645748,12.990324,77.665748,NULL
vwei208809188,2022-03-31,17:50:00,17:55:00,0.000000,0.000000,0.130000,0.130000,NULL
vwfr354107947,2022-03-24,08:55:00,09:10:00,18.927584,72.832585,18.937584,72.842585,NULL
vwhf667795438,2022-03-28,09:10:00,09:20:00,12.972793,80.249982,12.982793,80.259982,NULL
vwhm385500781,2022-03-27,22:25:00,22:35:00,21.185047,72.808590,21.265047,72.888590,NULL
vwil453300802,2022-02-11,17:15:00,17:30:00,9.979186,76.317361,10.009186,76.347361,NULL
vwky031794364,2022-02-14,18:25:00,18:35:00,22.552996,88.352310,22.662996,88.462310,NULL
vwlm790209759,2022-02-16,19:55:00,20:10:00,0.000000,0.000000,0.070000,0.070000,NULL
vwmc439983136,2022-02-15,21:15:00,21:30:00,22.552672,88.352885,22.582672,88.382885,NULL
vwml283310596,2022-03-05,11:35:00,11:40:00,17.429585,78.392621,17.449585,78.412621,NULL
vwmn759664050,2022-03-19,20:50:00,21:05:00,23.359194,85.325447,23.419194,85.385447,NULL
vwne871291890,2022-02-14,17:45:00,18:00:00,22.569358,88.433452,22.659358,88.523452,NULL
vwny450241726,2022-03-09,16:15:00,16:20:00,21.186608,72.794136,21.226608,72.834136,NULL
vwoq561229732,2022-03-03,22:00:00,22:15:00,19.223840,72.841347,19.253840,72.871347,NULL
vwph723193612,2022-04-05,11:40:00,11:55:00,19.223840,72.841347,19.233840,72.851347,NULL
vwpn749032683,2022-04-01,17:45:00,18:00:00,12.325461,76.632278,12.355461,76.662278,NULL
vwqj139407127,2022-04-03,10:10:00,10:25:00,22.744648,75.894377,22.764648,75.914377,NULL
vwrk160465593,2022-03-20,21:35:00,21:40:00,13.044694,80.261470,13.154694,80.371470,NULL
vwtc569446089,2022-02-12,20:40:00,20:55:00,27.158822,78.045359,27.288822,78.175359,NULL
vwzr555371658,2022-03-27,21:55:00,22:00:00,0.000000,0.000000,0.090000,0.090000,NULL
vxbo630522003,2022-03-18,20:50:00,21:05:00,22.651847,75.881991,22.741847,75.971991,NULL
vxdw152482612,2022-03-21,22:35:00,22:40:00,23.374989,85.335486,23.424989,85.385486,NULL
vxez285753859,2022-03-29,19:25:00,19:35:00,23.359033,85.325347,23.469033,85.435347,NULL
vxge010882127,2022-03-25,21:55:00,22:00:00,26.914142,75.805704,27.004142,75.895704,NULL
vxhl218273759,2022-03-25,19:00:00,19:15:00,22.732225,75.874765,22.822225,75.964765,NULL
vxir210860589,2022-03-12,21:10:00,21:25:00,17.422819,78.449578,17.492819,78.519578,NULL
vxjk597220498,2022-03-15,18:35:00,18:40:00,12.308500,76.665808,12.358500,76.715808,NULL
vxjy380300028,2022-03-09,11:35:00,11:40:00,18.636215,73.751081,18.656215,73.771081,NULL
vxot535637739,2022-03-30,20:25:00,20:30:00,13.029780,80.208812,13.059780,80.238812,NULL
vxra135801103,2022-03-11,11:35:00,11:50:00,12.337928,76.617889,12.347928,76.627889,NULL
vxra531943273,2022-02-18,23:55:00,00:00:00,0.000000,0.000000,0.070000,0.070000,NULL
vxsb604104799,2022-03-30,15:25:00,15:30:00,21.149569,72.772697,21.189569,72.812697,NULL
vxsj879458104,2022-03-03,19:20:00,19:25:00,13.081878,80.248519,13.131878,80.298519,NULL
vxtj689186565,2022-03-31,21:40:00,21:55:00,23.357804,85.325146,23.427804,85.395146,NULL
vxup847883873,2022-03-12,18:20:00,18:25:00,13.081878,80.248519,13.161878,80.328519,NULL
vxur121016779,2022-02-14,20:20:00,20:30:00,27.157772,78.047250,27.297772,78.187250,NULL
vxvr447893698,2022-03-26,12:35:00,12:50:00,17.483216,78.552111,17.523216,78.592111,NULL
vxxu148225914,2022-03-01,13:40:00,13:50:00,13.081878,80.248519,13.121878,80.288519,NULL
vxyz096766061,2022-02-16,18:30:00,18:40:00,23.264015,77.408236,23.354015,77.498236,NULL
vyai733529456,2022-03-23,19:55:00,20:00:00,17.431477,78.400350,17.521477,78.490350,NULL
vyaj364343982,2022-04-02,18:45:00,19:00:00,23.355164,85.324097,23.435164,85.404097,NULL
vyaw055370504,2022-02-13,15:50:00,15:55:00,25.457687,81.835585,25.497687,81.875585,NULL
vyem502861911,2022-03-26,16:15:00,16:25:00,12.972532,77.608179,13.012532,77.648179,NULL
vyff631739869,2022-04-05,23:50:00,00:00:00,23.333017,85.317200,23.383017,85.367200,NULL
vylq473497022,2022-02-17,22:10:00,22:15:00,0.000000,0.000000,0.060000,0.060000,NULL
vynh563792939,2022-03-24,12:55:00,13:05:00,13.091809,80.219104,13.131809,80.259104,NULL
vyog228987318,2022-03-06,22:20:00,22:30:00,22.310329,73.169083,22.440329,73.299083,NULL
vywo850439320,2022-03-03,09:40:00,09:50:00,12.299524,76.642620,12.319524,76.662620,NULL
vzak930805113,2022-03-06,23:55:00,00:05:00,11.025083,77.015393,11.115083,77.105393,NULL
vzgz484379416,2022-03-20,17:20:00,17:25:00,26.846156,75.802300,26.956156,75.912300,NULL
vzjl675125937,2022-03-15,22:50:00,23:05:00,17.424114,78.347554,17.474114,78.397554,NULL
vznp434791739,2022-03-17,13:35:00,13:50:00,11.003008,76.975440,11.043008,77.015440,NULL
vzot991353075,2022-03-09,09:15:00,09:30:00,23.357804,85.325146,23.377804,85.345146,NULL
vzqo071652497,2022-04-01,10:00:00,10:05:00,11.020910,76.940432,11.030910,76.950432,NULL
vzre496069301,2022-02-11,17:30:00,17:45:00,22.551084,88.354127,22.581084,88.384127,NULL
vzrn485987578,2022-02-13,14:45:00,14:55:00,26.471529,80.313458,26.511529,80.353458,NULL
vzrs982870805,2022-03-15,14:15:00,14:20:00,0.000000,0.000000,0.040000,0.040000,NULL
vzua593691462,2022-02-16,23:25:00,23:30:00,23.266261,77.379605,23.336261,77.449605,NULL
vzul280099607,2022-03-02,18:20:00,18:35:00,18.543626,73.905101,18.613626,73.975101,NULL
vzvi801263170,2022-03-26,11:45:00,11:50:00,17.458998,78.500366,17.478998,78.520366,NULL
vzyh797599141,2022-03-01,11:35:00,11:40:00,12.975996,80.221898,12.995996,80.241898,NULL
vzyq792120675,2022-04-04,22:50:00,22:55:00,12.323994,76.626167,12.403994,76.706167,NULL
vzyq951733289,2022-03-01,23:35:00,23:40:00,18.530963,73.828972,18.560963,73.858972,NULL
wact098355699,2022-03-20,21:00:00,21:15:00,18.994237,72.825553,19.064237,72.895553,NULL
wafx978606463,2022-02-13,11:30:00,11:35:00,19.876219,75.346017,19.886219,75.356017,NULL
wagj693328263,2022-03-28,09:45:00,10:00:00,26.913726,75.752820,26.923726,75.762821,NULL
wagp916588898,2022-03-09,19:30:00,19:45:00,19.223840,72.841347,19.283840,72.901347,NULL
wahr458597887,2022-02-16,18:55:00,19:05:00,15.544419,73.755736,15.634419,73.845736,NULL
waht341798080,2022-03-11,18:30:00,18:40:00,12.913041,77.683237,12.943041,77.713237,NULL
wakj398630427,2022-03-30,08:35:00,08:50:00,22.728163,75.884212,22.738163,75.894212,NULL
wamv024093666,2022-04-04,22:10:00,22:25:00,12.311072,76.654878,12.401072,76.744878,NULL
wapn956228987,2022-03-09,21:00:00,21:05:00,10.994136,76.963303,11.024136,76.993303,NULL
wasv461278289,2022-03-17,12:50:00,12:55:00,12.323194,76.630583,12.363194,76.670583,NULL
wato616560814,2022-03-25,18:50:00,18:55:00,13.049645,80.242268,13.119645,80.312268,NULL
watp349944722,2022-04-06,22:50:00,22:55:00,21.149669,72.772629,21.279669,72.902629,NULL
wauj527481178,2022-03-12,19:35:00,19:45:00,21.186884,72.793616,21.296884,72.903616,NULL
wauu182281919,2022-03-09,09:35:00,09:40:00,21.173343,72.792731,21.193343,72.812731,NULL
waya448917959,2022-03-16,21:45:00,21:55:00,12.323194,76.630583,12.393194,76.700583,NULL
wayc433806474,2022-03-07,08:25:00,08:40:00,13.045479,80.233110,13.065479,80.253110,NULL
wazu719747511,2022-03-19,15:00:00,15:05:00,17.411028,78.329645,17.451028,78.369645,NULL
wbcd448938575,2022-04-05,23:10:00,23:25:00,18.533811,73.899315,18.593811,73.959315,NULL
wbdt936274185,2022-03-01,10:25:00,10:35:00,0.000000,0.000000,0.020000,0.020000,NULL
wbgm876609460,2022-03-24,21:30:00,21:45:00,12.323225,76.630028,12.373225,76.680028,NULL
wbib842780850,2022-02-11,17:55:00,18:05:00,0.000000,0.000000,0.030000,0.030000,NULL
wbjr032258806,2022-03-14,21:50:00,22:00:00,22.311603,73.165012,22.401603,73.255012,NULL
wblr113425366,2022-02-18,23:45:00,00:00:00,9.985497,76.276999,10.115497,76.406999,NULL
wbmo014166044,2022-03-28,19:20:00,19:25:00,11.001753,76.986241,11.051753,77.036241,NULL
wbmq596917242,2022-03-02,20:00:00,20:10:00,12.970324,77.645748,13.060324,77.735748,NULL
wbne263396773,2022-03-27,19:00:00,19:15:00,21.149569,72.772697,21.259569,72.882697,NULL
wboc224184307,2022-03-24,09:55:00,10:05:00,11.006686,76.951736,11.016686,76.961736,NULL
wbpd692044874,2022-03-04,19:35:00,19:40:00,22.310237,73.158921,22.440237,73.288921,NULL
wbpn330130607,2022-03-19,17:55:00,18:05:00,12.308500,76.665808,12.368500,76.725808,NULL
wbqj263224357,2022-03-01,22:10:00,22:20:00,23.354422,85.332900,23.404422,85.382900,NULL
wbri774525691,2022-02-11,08:55:00,09:00:00,15.498603,73.826911,15.508603,73.836911,NULL
wbrs086288879,2022-03-08,23:40:00,23:45:00,18.533811,73.899315,18.613811,73.979315,NULL
wbuw245719936,2022-03-21,15:45:00,15:50:00,19.103249,72.846749,19.143249,72.886749,NULL
wbvu247826141,2022-03-05,18:45:00,19:00:00,22.311844,73.165081,22.361844,73.215081,NULL
wbww508998462,2022-04-01,13:40:00,13:45:00,19.223840,72.841347,19.263840,72.881347,NULL
wcdp032674867,2022-03-29,22:50:00,23:05:00,12.337978,76.616792,12.447978,76.726792,NULL
wcgo716735522,2022-03-18,17:30:00,17:45:00,12.326356,76.619103,12.416356,76.709103,NULL
wcgw541623689,2022-04-06,20:10:00,20:25:00,17.412330,78.449654,17.502330,78.539654,NULL
wciq107093545,2022-03-25,21:35:00,21:45:00,22.308096,73.167753,22.388096,73.247753,NULL
wcjs752046999,2022-02-13,09:20:00,09:30:00,30.899584,75.809346,30.919584,75.829346,NULL
wcme565373266,2022-03-23,22:35:00,22:40:00,23.355164,85.324097,23.465164,85.434097,NULL
wcmx132469294,2022-03-02,23:00:00,23:05:00,12.308500,76.665808,12.418500,76.775808,NULL
wcmx657088824,2022-04-03,23:55:00,00:10:00,19.091458,72.827808,19.141458,72.877808,NULL
wcnj766326897,2022-03-08,21:20:00,21:30:00,22.727021,75.884167,22.797021,75.954167,NULL
wcos290824819,2022-03-08,19:45:00,19:50:00,11.008638,76.984311,11.098638,77.074311,NULL
wcpa418499031,2022-04-01,21:25:00,21:35:00,26.766536,75.837333,26.826536,75.897333,NULL
wcqb096301941,2022-03-06,17:35:00,17:45:00,17.483216,78.552111,17.613216,78.682111,NULL
wcsq907888729,2022-04-04,18:40:00,18:45:00,21.170798,72.790489,21.240798,72.860489,NULL
wcsz768106006,2022-03-31,19:55:00,20:00:00,18.536562,73.896485,18.626562,73.986485,NULL
wcul761879854,2022-04-02,17:10:00,17:20:00,13.054347,80.257221,13.164347,80.367221,NULL
wcvk183613202,2022-03-02,23:25:00,23:30:00,10.994136,76.963303,11.074136,77.043303,NULL
wdav474344542,2022-03-19,11:25:00,11:40:00,17.422819,78.449578,17.442819,78.469578,NULL
wddq796276216,2022-04-01,22:20:00,22:25:00,12.316967,76.603067,12.366967,76.653067,NULL
wdii564144324,2022-03-09,22:40:00,22:50:00,26.913987,75.752891,26.943987,75.782891,NULL
wdin220186408,2022-02-11,23:25:00,23:30:00,30.327968,78.046106,30.357968,78.076106,NULL
wdiy581729479,2022-02-16,23:25:00,23:40:00,25.443994,81.860187,25.573994,81.990187,NULL
wdjw204149009,2022-03-15,08:20:00,08:35:00,18.994237,72.825553,19.004237,72.835553,NULL
wdoh030790372,2022-04-01,13:55:00,14:10:00,22.725748,75.898497,22.765747,75.938497,NULL
wdpf031037592,2022-03-14,23:40:00,23:50:00,12.935662,77.614130,13.005662,77.684130,NULL
wdqg912234284,2022-03-02,19:50:00,19:55:00,11.024839,77.007003,11.094839,77.077003,NULL
wdqi304049575,2022-02-11,10:20:00,10:35:00,30.885814,75.786976,30.905814,75.806976,NULL
wdrc366326438,2022-03-26,10:15:00,10:20:00,17.440827,78.393391,17.460827,78.413391,NULL
wduj099075306,2022-03-15,17:45:00,18:00:00,13.029198,77.570997,13.059198,77.600997,NULL
wdwy749028166,2022-03-15,00:00:00,00:10:00,22.320000,73.170000,22.380000,73.230000,NULL
wdyy797917519,2022-03-03,22:40:00,22:50:00,21.157735,72.768778,21.217735,72.828778,NULL
wdzt193987852,2022-04-01,23:00:00,23:05:00,22.751857,75.866699,22.781857,75.896699,NULL
weco669309017,2022-03-17,11:00:00,11:05:00,12.934179,77.615797,12.954179,77.635797,NULL
wejc388924541,2022-03-28,10:10:00,10:25:00,18.546947,73.900626,18.566947,73.920626,NULL
wejg158714558,2022-04-05,11:25:00,11:35:00,13.049645,80.242268,13.069645,80.262268,NULL
weld818592855,2022-03-30,18:40:00,18:55:00,21.157729,72.768726,21.207729,72.818726,NULL
wemz692120487,2022-03-01,10:40:00,10:55:00,23.359194,85.325447,23.369194,85.335447,NULL
weop356341562,2022-02-12,20:25:00,20:30:00,30.327968,78.046106,30.467968,78.186106,NULL
wesl977776851,2022-02-18,20:25:00,20:35:00,-26.472001,80.354002,26.552001,80.434002,NULL
wetq458123493,2022-03-30,23:15:00,23:25:00,12.975377,77.696664,13.005377,77.726664,NULL
wett340793157,2022-03-08,19:20:00,19:25:00,12.979096,77.640625,13.049096,77.710625,NULL
wexa728470590,2022-03-20,20:40:00,20:50:00,12.321214,76.621094,12.431214,76.731094,NULL
wexv886310128,2022-03-30,18:55:00,19:05:00,21.186884,72.793616,21.236884,72.843616,NULL
weyy384593768,2022-03-12,21:55:00,22:10:00,11.020910,76.940432,11.090910,77.010432,NULL
wezp269900129,2022-03-03,16:25:00,16:35:00,17.433809,78.386744,17.473809,78.426744,NULL
wezt868945736,2022-03-16,17:40:00,17:50:00,17.458998,78.500366,17.568998,78.610366,NULL
wfab046931709,2022-03-13,22:20:00,22:30:00,22.760072,75.892574,22.790072,75.922574,NULL
wfcn705854435,2022-04-01,22:55:00,23:05:00,26.902328,75.794257,26.932328,75.824257,NULL
wfej916146668,2022-03-19,18:10:00,18:15:00,21.149669,72.772629,21.209669,72.832629,NULL
wffv815098769,2022-03-12,19:45:00,19:55:00,12.933298,77.614293,13.063298,77.744293,NULL
wfjo547081754,2022-03-26,09:10:00,09:20:00,26.913483,75.803139,26.923483,75.813139,NULL
wfjy432968933,2022-03-03,19:00:00,19:05:00,18.530963,73.828972,18.590963,73.888972,NULL
wfle331046646,2022-03-15,22:50:00,22:55:00,13.091809,80.219104,13.141809,80.269104,NULL
wfnj581191676,2022-03-07,22:20:00,22:35:00,0.000000,0.000000,0.030000,0.030000,NULL
wfnp526037482,2022-03-25,18:20:00,18:30:00,12.352058,76.606650,12.462058,76.716650,NULL
wfnx980686378,2022-02-18,19:35:00,19:50:00,0.000000,0.000000,0.090000,0.090000,NULL
wfox825961387,2022-03-15,10:35:00,10:50:00,13.058616,80.264151,13.078616,80.284151,NULL
wfpf398856265,2022-02-14,17:10:00,17:15:00,15.556561,73.763633,15.646561,73.853633,NULL
wfrm114832617,2022-03-26,15:35:00,15:40:00,22.750040,75.902847,22.790040,75.942847,NULL
wfsi700454558,2022-03-11,09:15:00,09:25:00,19.126630,72.829976,19.136630,72.839976,NULL
wfwd335110237,2022-03-27,18:30:00,18:40:00,23.374989,85.335486,23.444989,85.405486,NULL
wfxy412014706,2022-03-09,19:40:00,19:55:00,21.186884,72.793616,21.216884,72.823616,NULL
wfyl727302737,2022-03-18,17:25:00,17:40:00,11.001852,76.976268,11.131852,77.106268,NULL
wfyu583805423,2022-03-29,17:15:00,17:25:00,18.543626,73.905101,18.653626,74.015101,NULL
wfzy869543593,2022-03-30,18:30:00,18:45:00,12.980410,77.640489,13.030410,77.690489,NULL
wgce820932813,2022-04-02,21:45:00,21:55:00,22.725835,75.887648,22.835835,75.997648,NULL
wgej048185602,2022-02-11,11:40:00,11:45:00,30.340722,78.060221,30.350722,78.070221,NULL
wgem320340840,2022-04-01,10:20:00,10:35:00,22.745049,75.892471,22.765049,75.912471,NULL
wggr118618310,2022-04-06,22:15:00,22:20:00,12.906229,77.596791,12.976229,77.666791,NULL
wghn284176898,2022-03-30,23:20:00,23:30:00,22.748060,75.893400,22.778060,75.923400,NULL
wgiv107101942,2022-03-18,21:50:00,21:55:00,22.722634,75.886959,22.812634,75.976959,NULL
wgjm548054394,2022-03-10,22:10:00,22:25:00,13.058616,80.264151,13.148616,80.354151,NULL
wgkd595087168,2022-04-03,15:20:00,15:35:00,22.745049,75.892471,22.785049,75.932471,NULL
wgkt275129625,2022-03-15,18:15:00,18:20:00,11.022298,76.998349,11.052298,77.028349,NULL
wgmy079922545,2022-03-08,20:50:00,20:55:00,26.905287,75.794592,27.015287,75.904592,NULL
wguk612035301,2022-03-07,11:25:00,11:40:00,18.563934,73.915367,18.583935,73.935367,NULL
wgva794595793,2022-03-09,11:25:00,11:30:00,18.546947,73.900626,18.566947,73.920626,NULL
wgyb089788246,2022-02-13,12:35:00,12:40:00,19.866969,75.318894,19.906969,75.358894,NULL
wgze148160293,2022-03-05,22:50:00,22:55:00,21.186438,72.794115,21.216438,72.824115,NULL
whbe278371630,2022-03-26,09:50:00,10:00:00,22.727021,75.884167,22.747021,75.904167,NULL
whbz695724721,2022-04-02,23:30:00,23:40:00,21.160437,72.774209,21.250437,72.864209,NULL
whco833269871,2022-03-26,10:20:00,10:35:00,13.027018,80.254791,13.047018,80.274791,NULL
whgx380920226,2022-03-23,23:35:00,23:50:00,13.005801,80.250744,13.085801,80.330744,NULL
whhp539913109,2022-03-08,19:45:00,20:00:00,11.026117,76.944652,11.096117,77.014652,NULL
whjk646058031,2022-03-19,10:50:00,11:00:00,12.981615,80.231598,13.001615,80.251598,NULL
whpx022165803,2022-03-26,19:50:00,20:05:00,23.371292,85.327872,23.421292,85.377872,NULL
whsj398693560,2022-03-09,08:30:00,08:40:00,12.326356,76.619103,12.346356,76.639103,NULL
whuu792070245,2022-04-03,14:40:00,14:45:00,12.323978,76.627961,12.363978,76.667961,NULL
whvi472848393,2022-02-12,21:25:00,21:30:00,15.516833,73.768172,15.626833,73.878172,NULL
whvp381321901,2022-03-16,22:15:00,22:25:00,23.351489,85.324253,23.461489,85.434253,NULL
whys499166077,2022-03-04,18:30:00,18:45:00,18.554382,73.798206,18.684382,73.928206,NULL
wibg975445478,2022-03-09,17:35:00,17:50:00,22.751234,75.889490,22.801234,75.939490,NULL
wibp451597141,2022-02-15,16:35:00,16:50:00,22.515082,88.367830,22.555082,88.407830,NULL
widv687149765,2022-03-31,21:10:00,21:25:00,13.064181,80.236442,13.154181,80.326442,NULL
wifw873430412,2022-03-01,13:20:00,13:25:00,18.994237,72.825553,19.034237,72.865553,NULL
wigj154488176,2022-03-25,18:50:00,18:55:00,12.933298,77.614293,13.013298,77.694293,NULL
wigz116241077,2022-03-12,17:20:00,17:35:00,11.021278,76.995017,11.111278,77.085017,NULL
wiiv100133306,2022-04-05,13:50:00,14:00:00,22.311358,73.164798,22.351358,73.204798,NULL
wijn103120809,2022-03-11,09:55:00,10:00:00,12.299524,76.642620,12.319524,76.662620,NULL
wioz757403494,2022-03-05,17:35:00,17:40:00,21.183434,72.814492,21.213434,72.844492,NULL
wioz916798330,2022-04-06,20:50:00,20:55:00,0.000000,0.000000,0.070000,0.070000,NULL
wiru450325550,2022-03-17,23:00:00,23:05:00,17.426228,78.407495,17.486228,78.467495,NULL
wisi633870239,2022-04-02,17:50:00,18:05:00,22.310526,73.170937,22.420526,73.280937,NULL
witf023615304,2022-03-15,15:35:00,15:45:00,21.171060,72.789292,21.211060,72.829292,NULL
wizg207744673,2022-03-17,20:50:00,21:05:00,12.979096,77.640625,13.029096,77.690625,NULL
wjax236482484,2022-03-29,22:50:00,22:55:00,22.310329,73.169083,22.380329,73.239083,NULL
wjbc595300167,2022-03-20,18:25:00,18:30:00,17.450851,78.379347,17.520851,78.449347,NULL
wjgb583174734,2022-03-05,17:20:00,17:30:00,12.311072,76.654878,12.341072,76.684878,NULL
wjhb547495946,2022-03-19,18:40:00,18:55:00,12.297954,76.665169,12.327954,76.695169,NULL
wjjl258066417,2022-03-02,20:40:00,20:50:00,21.173493,72.801953,21.253493,72.881953,NULL
wjky761986350,2022-03-01,08:10:00,08:20:00,23.374989,85.335486,23.394989,85.355486,NULL
wjla648257191,2022-04-03,12:45:00,13:00:00,18.562450,73.916619,18.602450,73.956619,NULL
wjld902786037,2022-03-13,20:35:00,20:45:00,12.334022,76.618203,12.364022,76.648203,NULL
wjns281367977,2022-03-11,18:30:00,18:35:00,18.994237,72.825553,19.044237,72.875553,NULL
wjow863630635,2022-02-13,16:45:00,17:00:00,26.473698,80.352677,26.513698,80.392677,NULL
wjpk251116710,2022-03-01,11:20:00,11:25:00,12.978453,77.643685,12.988453,77.653685,NULL
wjsm256325267,2022-03-30,09:00:00,09:15:00,23.357804,85.325146,23.377804,85.345146,NULL
wjxc261800529,2022-04-03,10:50:00,11:05:00,12.934179,77.615797,12.944179,77.625797,NULL
wjxg157360130,2022-03-11,08:35:00,08:50:00,13.022394,80.242439,13.042394,80.262439,NULL
wjxh621803250,2022-03-17,17:40:00,17:45:00,12.325461,76.632278,12.385461,76.692278,NULL
wjxr487294504,2022-03-03,10:35:00,10:50:00,17.422819,78.449578,17.432819,78.459578,NULL
wjxy086755900,2022-02-16,22:50:00,22:55:00,23.214294,77.435361,23.344294,77.565361,NULL
wkbh890720103,2022-04-02,22:15:00,22:30:00,19.131141,72.813074,19.201141,72.883074,NULL
wkcs787711746,2022-04-04,23:10:00,23:15:00,18.562450,73.916619,18.672450,74.026619,NULL
wkct116041100,2022-02-16,23:35:00,23:40:00,23.232537,77.429845,23.302537,77.499845,NULL
wkek946053667,2022-02-14,18:20:00,18:30:00,25.457687,81.835585,25.537687,81.915585,NULL
wkfn320388542,2022-02-14,18:20:00,18:25:00,26.477750,80.351569,26.587750,80.461569,NULL
wkjg175606608,2022-03-25,19:10:00,19:15:00,11.022169,76.999594,11.102169,77.079594,NULL
wkmy914690817,2022-03-17,21:00:00,21:10:00,17.433809,78.386744,17.483809,78.436744,NULL
wkns508234933,2022-03-02,20:30:00,20:35:00,23.374989,85.335486,23.464989,85.425486,NULL
wkod269164583,2022-03-20,17:20:00,17:25:00,18.593481,73.785901,18.723481,73.915901,NULL
wkqo869159372,2022-03-25,00:00:00,00:15:00,22.744648,75.894377,22.824648,75.974377,NULL
wkqq813752515,2022-02-18,23:30:00,23:45:00,19.876428,75.364792,19.956428,75.444792,NULL
wksz358860727,2022-03-20,23:00:00,23:10:00,12.337928,76.617889,12.427928,76.707889,NULL
wkug239209528,2022-03-07,19:30:00,19:45:00,22.307898,73.167788,22.337898,73.197788,NULL
wkxu329918427,2022-03-20,19:10:00,19:25:00,21.160522,72.771477,21.250522,72.861477,NULL
wkyn138619655,2022-03-05,20:45:00,20:55:00,13.054347,80.257221,13.104347,80.307221,NULL
wkzt143451513,2022-02-13,21:20:00,21:30:00,22.514119,88.362504,22.574119,88.422504,NULL
wkzx665900111,2022-02-17,09:35:00,09:40:00,19.876994,75.372353,19.896994,75.392353,NULL
wlbz095757195,2022-03-16,22:35:00,22:40:00,0.000000,0.000000,0.080000,0.080000,NULL
wlfw738259760,2022-04-04,18:20:00,18:35:00,18.516216,73.842527,18.646216,73.972527,NULL
wlid196934260,2022-03-05,14:50:00,15:00:00,0.000000,0.000000,0.040000,0.040000,NULL
wljs985103437,2022-03-28,15:55:00,16:10:00,23.371292,85.327872,23.411292,85.367872,NULL
wlkf728859470,2022-03-28,14:00:00,14:10:00,21.160522,72.771477,21.200522,72.811477,NULL
wloa171834254,2022-03-27,22:10:00,22:25:00,26.913483,75.803139,26.993483,75.883139,NULL
wlra252926669,2022-02-18,20:45:00,21:00:00,27.161661,78.011544,27.241661,78.091544,NULL
wlrt752170819,2022-03-17,10:30:00,10:45:00,18.530963,73.828972,18.540963,73.838972,NULL
wltg948769753,2022-04-06,23:20:00,23:30:00,18.514210,73.838429,18.624210,73.948429,NULL
wlti337089359,2022-03-20,23:25:00,23:40:00,17.428294,78.404423,17.538294,78.514423,NULL
wlvm828622601,2022-02-12,22:20:00,22:25:00,22.538999,88.322337,22.608999,88.392336,NULL
wlyd882099485,2022-03-14,18:25:00,18:40:00,26.914142,75.805704,27.054142,75.945704,NULL
wlyt539257543,2022-03-25,22:35:00,22:45:00,13.049645,80.242268,13.139645,80.332268,NULL
wlzp763873731,2022-02-11,23:50:00,00:00:00,23.264015,77.408236,23.294015,77.438236,NULL
wlzs522858203,2022-03-31,20:40:00,20:45:00,12.321214,76.621094,12.451214,76.751094,NULL
wmdh675327794,2022-03-16,21:15:00,21:20:00,22.311603,73.165012,22.421603,73.275012,NULL
wmds295023114,2022-03-15,19:30:00,19:35:00,12.323194,76.630583,12.373194,76.680583,NULL
wmeg788953457,2022-02-11,20:45:00,20:50:00,27.161661,78.011544,27.191661,78.041544,NULL
wmer117649955,2022-03-08,22:10:00,22:20:00,26.910262,75.783013,27.050262,75.923013,NULL
wmfl076256992,2022-03-20,19:50:00,19:55:00,11.010375,76.952950,11.100375,77.042950,NULL
wmkz557649002,2022-04-02,21:25:00,21:40:00,19.131141,72.813074,19.221141,72.903074,NULL
wmlf911240541,2022-02-13,10:55:00,11:05:00,25.454648,81.834502,25.474648,81.854502,NULL
wmno649005229,2022-02-13,23:00:00,23:05:00,30.892860,75.822199,30.952860,75.882199,NULL
wmqu195271089,2022-03-10,18:30:00,18:45:00,0.000000,0.000000,0.110000,0.110000,NULL
wmtq278497156,2022-03-10,18:10:00,18:15:00,26.956431,75.776649,27.036431,75.856649,NULL
wmtz235554833,2022-04-01,14:15:00,14:20:00,12.934365,77.616155,12.974365,77.656155,NULL
wmuh082931998,2022-02-15,14:35:00,14:40:00,-26.463504,80.372929,26.503504,80.412929,NULL
wmus525499495,2022-03-17,08:40:00,08:50:00,12.311072,76.654878,12.321072,76.664878,NULL
wmuy568019093,2022-03-26,09:20:00,09:35:00,12.978453,77.643685,12.998453,77.663685,NULL
wmwo620237513,2022-03-26,08:35:00,08:50:00,18.927584,72.832585,18.947584,72.852585,NULL
wmzk783784752,2022-02-12,18:25:00,18:30:00,22.547186,88.350680,22.637186,88.440680,NULL
wmzm022150780,2022-03-30,08:20:00,08:25:00,17.412330,78.449654,17.432330,78.469654,NULL
wmzt454654178,2022-02-12,22:45:00,22:50:00,26.483042,80.317833,26.623042,80.457833,NULL
wnbv620439671,2022-03-12,20:25:00,20:40:00,13.064181,80.236442,13.154181,80.326442,NULL
wnfx008689888,2022-04-05,08:30:00,08:45:00,18.563934,73.915367,18.583935,73.935367,NULL
wngw001933597,2022-03-28,12:35:00,12:45:00,12.949934,77.699386,12.989934,77.739386,NULL
wnja265203362,2022-03-12,20:25:00,20:30:00,12.972161,77.596014,13.042161,77.666014,NULL
wnju077113477,2022-04-06,21:45:00,21:55:00,12.970324,77.645748,13.060324,77.735748,NULL
wnko850692000,2022-03-09,16:40:00,16:55:00,18.536718,73.830327,18.576718,73.870328,NULL
wnmo771670593,2022-03-21,18:45:00,19:00:00,22.308096,73.167753,22.358096,73.217753,NULL
wnms103922578,2022-03-07,09:10:00,09:25:00,13.091809,80.219104,13.111809,80.239104,NULL
wnne890905509,2022-03-01,22:15:00,22:25:00,12.975377,77.696664,13.025377,77.746664,NULL
wnnf620957430,2022-02-13,17:10:00,17:15:00,23.214459,77.434976,23.274459,77.494976,NULL
wnpp722539183,2022-03-11,08:25:00,08:30:00,12.337978,76.616792,12.357978,76.636792,NULL
wntx498838027,2022-03-06,19:15:00,19:30:00,19.254567,72.848923,19.334567,72.928923,NULL
wnua569339256,2022-03-31,19:50:00,20:00:00,11.021278,76.995017,11.091278,77.065017,NULL
wnue338763799,2022-03-25,23:15:00,23:30:00,12.972793,80.249982,13.042793,80.319982,NULL
wnut022355302,2022-03-05,14:00:00,14:10:00,26.913726,75.752820,26.953726,75.792821,NULL
wnyt916507616,2022-03-05,10:20:00,10:30:00,19.131141,72.813074,19.141140,72.823074,NULL
woap969798532,2022-03-27,21:25:00,21:35:00,26.913726,75.752820,27.053726,75.892820,NULL
wocz890815001,2022-04-01,12:10:00,12:15:00,12.913041,77.683237,12.953041,77.723237,NULL
wogh143602574,2022-03-29,18:30:00,18:45:00,11.008638,76.984311,11.078638,77.054311,NULL
wooi911656737,2022-03-14,19:55:00,20:05:00,21.157729,72.768726,21.237729,72.848726,NULL
wooo132071475,2022-02-16,17:20:00,17:25:00,0.000000,0.000000,0.070000,0.070000,NULL
wooz200283412,2022-03-01,09:40:00,09:45:00,22.310329,73.169083,22.320329,73.179083,NULL
wopy620246119,2022-03-26,21:45:00,21:55:00,11.020910,76.940432,11.070910,76.990432,NULL
woqc976981370,2022-03-08,23:10:00,23:15:00,21.171060,72.789292,21.241060,72.859292,NULL
wosv860025907,2022-04-01,14:25:00,14:35:00,23.369746,85.339820,23.409746,85.379820,NULL
wotf599366328,2022-03-17,19:30:00,19:35:00,23.359194,85.325447,23.419194,85.385447,NULL
wouu742587309,2022-03-23,22:10:00,22:15:00,19.131141,72.813074,19.221141,72.903074,NULL
wowz415217997,2022-03-11,23:30:00,23:35:00,21.170096,72.789122,21.220096,72.839122,NULL
woxn606382530,2022-03-11,09:20:00,09:30:00,12.316967,76.603067,12.326967,76.613067,NULL
woyb459293049,2022-02-12,22:55:00,23:10:00,22.552672,88.352885,22.622672,88.422885,NULL
woze403527008,2022-03-08,23:35:00,23:45:00,26.914142,75.805704,27.044142,75.935704,NULL
wpbp595981646,2022-02-16,17:40:00,17:45:00,22.551084,88.354127,22.621084,88.424127,NULL
wpbq406676690,2022-03-11,10:00:00,10:10:00,17.422819,78.449578,17.442819,78.469578,NULL
wper150449859,2022-02-13,17:10:00,17:20:00,19.874103,75.368419,19.904103,75.398419,NULL
wpgb326257534,2022-03-18,19:00:00,19:10:00,18.546947,73.900626,18.616947,73.970626,NULL
wphi807993068,2022-02-16,20:10:00,20:20:00,26.482419,80.320939,26.572419,80.410939,NULL
wpke252948741,2022-03-25,19:30:00,19:40:00,17.426228,78.407495,17.536228,78.517495,NULL
wpkj778556423,2022-02-17,19:50:00,20:00:00,0.000000,0.000000,0.050000,0.050000,NULL
wplu864476249,2022-04-03,20:45:00,20:55:00,26.913987,75.752891,26.963987,75.802891,NULL
wppp448185068,2022-02-12,20:00:00,20:05:00,0.000000,0.000000,0.090000,0.090000,NULL
wpqb321718229,2022-03-14,18:25:00,18:40:00,22.307898,73.167788,22.417898,73.277788,NULL
wpvc078286389,2022-03-27,18:50:00,19:00:00,12.310972,76.659264,12.390972,76.739264,NULL
wpvn370540505,2022-03-10,17:55:00,18:05:00,22.311844,73.165081,22.381844,73.235081,NULL
wpzt136449019,2022-03-06,23:35:00,23:40:00,22.751234,75.889490,22.841234,75.979490,NULL
wqat343494398,2022-03-03,20:25:00,20:30:00,22.728163,75.884212,22.778163,75.934212,NULL
wqbn742164110,2022-04-04,19:35:00,19:45:00,19.120083,72.907385,19.190083,72.977385,NULL
wqcv011921279,2022-03-17,14:00:00,14:10:00,13.045479,80.233110,13.085479,80.273110,NULL
wqea232651451,2022-04-03,20:40:00,20:45:00,12.323978,76.627961,12.353978,76.657961,NULL
wqfy256790455,2022-03-30,16:35:00,16:50:00,0.000000,0.000000,0.040000,0.040000,NULL
wqgg304064125,2022-03-06,17:20:00,17:30:00,10.961850,76.971082,11.071850,77.081082,NULL
wqgs389644186,2022-03-10,21:00:00,21:05:00,17.440827,78.393391,17.520827,78.473391,NULL
wqko206276922,2022-02-14,23:55:00,00:10:00,22.553227,88.353273,22.633227,88.433273,NULL
wqlw827160602,2022-03-13,22:30:00,22:35:00,26.902940,75.793007,26.952940,75.843007,NULL
wqoe246759480,2022-02-13,10:55:00,11:05:00,30.902872,75.826808,30.912872,75.836808,NULL
wqoy986627422,2022-02-15,08:40:00,08:45:00,-23.234631,77.401663,23.254631,77.421663,NULL
wqph264214370,2022-03-31,23:50:00,00:00:00,23.351058,85.325731,23.421058,85.395731,NULL
wqpq761061515,2022-03-06,23:50:00,00:05:00,22.727021,75.884167,22.857021,76.014167,NULL
wqsg196536180,2022-03-31,22:50:00,22:55:00,11.010375,76.952950,11.120375,77.062950,NULL
wqws325140884,2022-02-15,19:35:00,19:40:00,15.506205,73.766668,15.536205,73.796668,NULL
wqxw561286227,2022-04-02,19:30:00,19:35:00,26.846156,75.802300,26.936156,75.892300,NULL
wqyj183005825,2022-02-11,11:15:00,11:20:00,9.960846,76.293936,9.980846,76.313936,NULL
wrbr570700916,2022-03-24,20:40:00,20:45:00,13.086438,80.220672,13.136439,80.270672,NULL
wrcr083246017,2022-04-01,18:00:00,18:15:00,13.029198,77.570997,13.059198,77.600997,NULL
wreo453873212,2022-02-11,17:10:00,17:20:00,30.887220,75.804893,30.917220,75.834893,NULL
wrjr749227681,2022-03-27,18:40:00,18:45:00,22.311603,73.165012,22.391603,73.245012,NULL
wrpg689578069,2022-02-11,11:50:00,12:00:00,19.866969,75.318894,19.886969,75.338894,NULL
wrqc205543676,2022-02-12,23:30:00,23:45:00,9.991703,76.293136,10.101703,76.403136,NULL
wrri964346708,2022-03-07,08:35:00,08:50:00,17.430448,78.418213,17.440448,78.428213,NULL
wrrq254766649,2022-03-23,19:30:00,19:40:00,26.956431,75.776649,27.066431,75.886649,NULL
wrvs763690619,2022-03-13,08:40:00,08:55:00,21.170798,72.790489,21.180798,72.800489,NULL
wrxo809511011,2022-02-13,21:55:00,22:05:00,0.000000,0.000000,0.030000,0.030000,NULL
wrxr187878816,2022-03-01,19:50:00,20:05:00,12.323994,76.626167,12.383994,76.686167,NULL
wryb507868733,2022-03-07,22:30:00,22:40:00,11.003669,76.976494,11.063669,77.036494,NULL
wrye997885862,2022-04-02,18:30:00,18:40:00,13.045479,80.233110,13.175479,80.363110,NULL
wrzu413211805,2022-03-19,08:20:00,08:30:00,22.750040,75.902847,22.760040,75.912847,NULL
wsce513355776,2022-03-25,21:40:00,21:55:00,17.412330,78.449654,17.492330,78.529654,NULL
wscg143203944,2022-02-17,23:00:00,23:10:00,26.472001,80.354002,26.522001,80.404002,NULL
wsch370405773,2022-02-18,22:15:00,22:20:00,25.451646,81.832796,25.591646,81.972796,NULL
wscn900297434,2022-03-25,21:20:00,21:25:00,12.972161,77.596014,13.052161,77.676014,NULL
wscy201397518,2022-03-13,19:15:00,19:25:00,23.351058,85.325731,23.381058,85.355731,NULL
wsdu858188540,2022-03-05,15:30:00,15:45:00,13.029780,80.208812,13.069780,80.248812,NULL
wsgi328345330,2022-03-21,19:20:00,19:35:00,26.921411,75.793604,26.981411,75.853604,NULL
wsin797404845,2022-03-21,11:55:00,12:05:00,12.906229,77.596791,12.916229,77.606791,NULL
wsjz228741528,2022-03-17,13:15:00,13:20:00,18.636215,73.751081,18.676215,73.791081,NULL
wslo805861808,2022-04-03,17:15:00,17:20:00,11.022477,76.995667,11.082477,77.055667,NULL
wsoh266827723,2022-03-05,17:25:00,17:35:00,22.761226,75.887522,22.821226,75.947522,NULL
wsou531764626,2022-03-20,22:25:00,22:40:00,26.902908,75.792934,27.012908,75.902934,NULL
wsri799484644,2022-03-06,19:35:00,19:40:00,18.536718,73.830327,18.616719,73.910327,NULL
wsup331317105,2022-03-19,09:45:00,10:00:00,19.131141,72.813074,19.151141,72.833074,NULL
wsvo825595739,2022-03-05,14:55:00,15:00:00,23.353783,85.326967,23.393783,85.366967,NULL
wswo489962322,2022-02-16,21:00:00,21:05:00,30.895204,75.822103,31.035204,75.962103,NULL
wtaa310265263,2022-03-17,17:55:00,18:00:00,13.086438,80.220672,13.136439,80.270672,NULL
wtah128644431,2022-04-05,08:15:00,08:25:00,11.000762,76.981876,11.020762,77.001876,NULL
wtam537777999,2022-03-04,22:35:00,22:40:00,12.325461,76.632278,12.415461,76.722278,NULL
wtdp952150281,2022-03-02,17:55:00,18:10:00,23.353783,85.326967,23.433783,85.406967,NULL
wtfp288188148,2022-03-14,23:50:00,00:05:00,12.913041,77.683237,13.023041,77.793237,NULL
wthe627645341,2022-02-18,19:10:00,19:20:00,22.527893,88.368628,22.617893,88.458628,NULL
wthe975544907,2022-03-05,09:35:00,09:50:00,22.725748,75.898497,22.745748,75.918497,NULL
wtib163448407,2022-04-04,19:25:00,19:40:00,12.933284,77.615428,13.013284,77.695428,NULL
wtmu417113003,2022-02-12,18:15:00,18:30:00,10.027014,76.308053,10.107014,76.388053,NULL
wtpd690194372,2022-03-08,21:00:00,21:05:00,17.440827,78.393391,17.530827,78.483391,NULL
wtps352170005,2022-03-19,10:30:00,10:35:00,17.428294,78.404423,17.438294,78.414423,NULL
wtqi866508283,2022-02-16,22:30:00,22:40:00,23.184992,77.417227,23.264992,77.497227,NULL
wtsi239669653,2022-03-10,20:40:00,20:55:00,12.337978,76.616792,12.417978,76.696792,NULL
wtsw358677749,2022-02-18,22:35:00,22:40:00,26.463504,80.372929,26.553504,80.462929,NULL
wttm112242494,2022-03-05,21:00:00,21:15:00,26.849596,75.800512,26.899596,75.850512,NULL
wtxa425781396,2022-03-09,18:10:00,18:25:00,11.020910,76.940432,11.070910,76.990432,NULL
wtxi764384368,2022-03-26,11:55:00,12:05:00,21.171060,72.789292,21.191060,72.809292,NULL
wtxw068005598,2022-02-11,16:10:00,16:15:00,9.979363,76.285001,10.019363,76.325001,NULL
wtxw253240761,2022-02-17,20:25:00,20:30:00,0.000000,0.000000,0.060000,0.060000,NULL
wtyt610616331,2022-03-11,11:30:00,11:35:00,12.981615,80.231598,12.991615,80.241598,NULL
wuhw044222973,2022-03-01,17:15:00,17:20:00,26.913483,75.803139,26.943483,75.833139,NULL
wuje420980012,2022-03-01,12:10:00,12:25:00,10.994136,76.963303,11.034136,77.003303,NULL
wuli276869460,2022-03-17,08:10:00,08:20:00,21.186884,72.793616,21.206884,72.813616,NULL
wuog308680277,2022-03-15,16:45:00,16:55:00,12.321214,76.621094,12.361214,76.661094,NULL
wupz472569845,2022-03-21,17:25:00,17:35:00,0.000000,0.000000,0.060000,0.060000,NULL
wurv841962314,2022-03-12,17:50:00,18:00:00,12.970221,77.645396,13.100221,77.775396,NULL
wusu480858324,2022-03-07,11:35:00,11:40:00,22.310526,73.170937,22.320526,73.180937,NULL
wuxi237241956,2022-03-24,19:15:00,19:30:00,22.761226,75.887522,22.791226,75.917522,NULL
wuzb091664788,2022-02-12,20:35:00,20:45:00,10.035573,76.336958,10.165573,76.466958,NULL
wuzk418583164,2022-03-01,11:20:00,11:25:00,17.459710,78.368855,17.469710,78.378855,NULL
wvdj114650155,2022-04-04,23:10:00,23:15:00,18.593481,73.785901,18.723481,73.915901,NULL
wvgc181779965,2022-03-16,19:45:00,19:50:00,13.026279,80.174568,13.156279,80.304568,NULL
wvjj721417123,2022-03-09,23:25:00,23:40:00,12.308500,76.665808,12.338500,76.695808,NULL
wvle579884143,2022-03-24,10:10:00,10:25:00,21.173493,72.801953,21.193493,72.821953,NULL
wvqe940927122,2022-03-05,19:15:00,19:20:00,13.026286,80.275235,13.056286,80.305235,NULL
wvue673965104,2022-03-06,19:45:00,20:00:00,11.025083,77.015393,11.135083,77.125393,NULL
wvxj543121294,2022-03-16,20:35:00,20:50:00,17.483216,78.552111,17.573216,78.642111,NULL
wvzp282644610,2022-03-10,19:10:00,19:25:00,13.026279,80.174568,13.116279,80.264568,NULL
wvzx058774252,2022-03-12,17:20:00,17:30:00,10.994136,76.963303,11.124136,77.093303,NULL
wway792909929,2022-04-06,21:50:00,21:55:00,22.311358,73.164798,22.391358,73.244798,NULL
wwbo807154642,2022-03-31,23:50:00,00:00:00,12.972161,77.596014,13.052161,77.676014,NULL
wwbq420791852,2022-04-04,19:10:00,19:20:00,21.173493,72.801953,21.253493,72.881953,NULL
wwcy208006333,2022-03-23,20:35:00,20:45:00,26.910262,75.783013,27.000262,75.873013,NULL
wweg132201035,2022-02-15,19:35:00,19:40:00,30.335259,78.053162,30.365259,78.083162,NULL
wwfq360535704,2022-03-14,19:35:00,19:40:00,12.304569,76.643622,12.414569,76.753622,NULL
wwfs082733967,2022-03-15,00:00:00,00:10:00,21.173343,72.792731,21.223343,72.842731,NULL
wwgp053664746,2022-03-28,23:20:00,23:35:00,0.000000,0.000000,0.030000,0.030000,NULL
wwhk749904524,2022-03-16,21:20:00,21:25:00,22.744648,75.894377,22.814648,75.964377,NULL
wwiz346522056,2022-02-18,19:45:00,20:00:00,30.892978,75.821847,30.962978,75.891847,NULL
wwlv717378835,2022-03-26,17:10:00,17:25:00,18.636215,73.751081,18.666215,73.781081,NULL
wwov937053133,2022-02-17,14:25:00,14:40:00,27.160832,78.011608,27.200832,78.051608,NULL
wwrc788599962,2022-02-16,22:45:00,22:55:00,26.477750,80.351569,26.587750,80.461569,NULL
wwrv654597561,2022-04-04,20:20:00,20:35:00,0.000000,0.000000,0.090000,0.090000,NULL
wwwk666038648,2022-03-04,19:40:00,19:45:00,18.539299,73.897902,18.609299,73.967902,NULL
wwwl087024185,2022-03-01,11:10:00,11:15:00,23.416792,85.316842,23.426792,85.326842,NULL
wwxc462052134,2022-03-09,12:35:00,12:50:00,12.972793,80.249982,13.012793,80.289982,NULL
wwxg477349615,2022-03-17,23:40:00,23:55:00,21.186884,72.793616,21.236884,72.843616,NULL
wwzj570830881,2022-03-15,13:35:00,13:40:00,13.026279,80.174568,13.066279,80.214568,NULL
wxbm067545856,2022-04-01,12:20:00,12:25:00,18.536718,73.830327,18.576718,73.870328,NULL
wxdn947888175,2022-03-26,21:35:00,21:40:00,19.178321,72.834715,19.228321,72.884715,NULL
wxew867198992,2022-04-01,08:25:00,08:40:00,19.109300,72.825451,19.129300,72.845451,NULL
wxez252705561,2022-04-02,18:30:00,18:45:00,26.914142,75.805704,26.994142,75.885704,NULL
wxfa354601149,2022-03-02,20:20:00,20:30:00,17.431477,78.400350,17.561477,78.530350,NULL
wxiq795331120,2022-03-24,12:50:00,12:55:00,18.539299,73.897902,18.579299,73.937902,NULL
wxiw615560690,2022-02-12,20:35:00,20:40:00,22.552672,88.352885,22.682672,88.482885,NULL
wxjv217513086,2022-02-13,09:25:00,09:40:00,22.527893,88.368628,22.537893,88.378628,NULL
wxpa942436797,2022-02-15,21:25:00,21:40:00,0.000000,0.000000,0.060000,0.060000,NULL
wxpi352725051,2022-03-18,23:55:00,00:10:00,17.433809,78.386744,17.563809,78.516744,NULL
wxqg297592780,2022-03-10,17:45:00,17:50:00,13.022394,80.242439,13.112394,80.332439,NULL
wxqk011241738,2022-03-25,19:40:00,19:50:00,11.020910,76.940432,11.150910,77.070432,NULL
wxsu863241046,2022-04-02,18:35:00,18:40:00,21.186884,72.793616,21.256884,72.863616,NULL
wxsx358483215,2022-03-30,20:50:00,21:05:00,12.933284,77.615428,12.983284,77.665428,NULL
wxto050330190,2022-03-23,18:55:00,19:00:00,21.183434,72.814492,21.263434,72.894492,NULL
wxut302625612,2022-03-23,21:45:00,21:55:00,26.911378,75.789034,27.021378,75.899034,NULL
wycd588946822,2022-03-05,23:50:00,00:05:00,17.431477,78.400350,17.491477,78.460350,NULL
wycj302354216,2022-03-23,21:35:00,21:40:00,19.131141,72.813074,19.261140,72.943074,NULL
wycn517797467,2022-03-30,11:45:00,12:00:00,17.429585,78.392621,17.439585,78.402621,NULL
wyer835064453,2022-03-18,17:20:00,17:30:00,11.003681,76.975525,11.093681,77.065525,NULL
wyfk971307909,2022-04-01,10:00:00,10:10:00,17.438263,78.397865,17.448263,78.407865,NULL
wyli900821104,2022-03-29,20:20:00,20:35:00,19.065838,72.832658,19.195838,72.962658,NULL
wymt228889840,2022-03-12,19:15:00,19:20:00,0.000000,0.000000,0.110000,0.110000,NULL
wymz748811882,2022-03-06,23:50:00,00:05:00,11.001852,76.976268,11.081852,77.056268,NULL
wync788461269,2022-03-16,20:15:00,20:25:00,11.025083,77.015393,11.105083,77.095393,NULL
wyot656138451,2022-03-31,21:35:00,21:50:00,0.000000,0.000000,0.080000,0.080000,NULL
wyps604073943,2022-03-14,18:45:00,18:50:00,12.337978,76.616792,12.427978,76.706792,NULL
wypw496102732,2022-02-17,21:15:00,21:25:00,0.000000,0.000000,0.030000,0.030000,NULL
wyrp479994498,2022-04-02,21:40:00,21:45:00,26.921411,75.793604,27.061411,75.933604,NULL
wytt245943528,2022-03-06,19:15:00,19:20:00,0.000000,0.000000,0.080000,0.080000,NULL
wyve798721282,2022-02-17,18:15:00,18:20:00,15.561295,73.749478,15.611295,73.799478,NULL
wyvn519052554,2022-02-18,18:15:00,18:25:00,22.577821,88.400581,22.707821,88.530581,NULL
wywd078104508,2022-03-06,23:10:00,23:20:00,21.149669,72.772629,21.219669,72.842629,NULL
wywh550384152,2022-03-10,21:20:00,21:25:00,11.001852,76.976268,11.071852,77.046268,NULL
wywl453950288,2022-03-05,15:00:00,15:05:00,12.326356,76.619103,12.366356,76.659103,NULL
wzcr494038425,2022-02-18,19:30:00,19:40:00,9.979186,76.317361,10.109186,76.447361,NULL
wzel129960984,2022-03-14,21:00:00,21:10:00,26.911378,75.789034,27.051378,75.929034,NULL
wzfu230089444,2022-03-14,21:15:00,21:30:00,18.593481,73.785901,18.703481,73.895901,NULL
wzib396302696,2022-02-17,21:00:00,21:05:00,23.266261,77.379605,23.296261,77.409605,NULL
wzjc571075223,2022-03-04,17:45:00,18:00:00,12.972161,77.596014,13.082161,77.706014,NULL
wzjk726332475,2022-02-16,23:50:00,00:05:00,22.514688,88.393294,22.604688,88.483294,NULL
wzki633119777,2022-03-20,23:10:00,23:20:00,19.109300,72.825451,19.189300,72.905451,NULL
wzmg191523984,2022-03-08,22:50:00,23:00:00,0.000000,0.000000,0.090000,0.090000,NULL
wzmv373637225,2022-04-03,16:10:00,16:15:00,23.357804,85.325146,23.397804,85.365146,NULL
wzoc344425774,2022-03-19,11:30:00,11:40:00,21.175975,72.795503,21.185975,72.805503,NULL
wzor461345857,2022-02-17,09:40:00,09:50:00,23.235123,77.398886,23.255123,77.418886,NULL
wzui219792019,2022-03-14,21:15:00,21:30:00,21.149569,72.772697,21.219569,72.842697,NULL
wzvs619072447,2022-03-25,19:40:00,19:55:00,26.846156,75.802300,26.956156,75.912300,NULL
wzvu432262336,2022-03-06,19:00:00,19:05:00,21.175975,72.795503,21.305975,72.925503,NULL
wzym918094296,2022-03-25,21:40:00,21:55:00,12.934179,77.615797,13.044179,77.725797,NULL
wzyq044737376,2022-03-28,18:10:00,18:25:00,12.337978,76.616792,12.367978,76.646792,NULL
wzzm905762830,2022-03-02,23:30:00,23:45:00,18.536718,73.830327,18.606718,73.900327,NULL
xabc024870029,2022-03-20,22:35:00,22:40:00,19.055831,72.833984,19.165831,72.943984,NULL
xacq685022575,2022-03-11,15:20:00,15:30:00,18.539299,73.897902,18.579299,73.937902,NULL
xafx868581601,2022-04-02,18:00:00,18:15:00,18.927584,72.832585,19.007584,72.912585,NULL
xahf628216873,2022-04-02,18:50:00,19:00:00,12.986047,80.218114,13.066047,80.298114,NULL
xajv560730653,2022-03-28,22:20:00,22:35:00,22.307898,73.167788,22.367898,73.227788,NULL
xaqs718988170,2022-04-01,22:20:00,22:25:00,21.173343,72.792731,21.233343,72.852731,NULL
xasi525958139,2022-02-16,18:50:00,19:00:00,26.479108,80.315042,26.559108,80.395042,NULL
xavo526714044,2022-03-25,18:20:00,18:30:00,26.914142,75.805704,26.994142,75.885704,NULL
xazh985160954,2022-03-04,21:40:00,21:55:00,0.000000,0.000000,0.130000,0.130000,NULL
xbcx541383294,2022-03-05,18:30:00,18:45:00,12.972532,77.608179,13.002532,77.638179,NULL
xbdj632385739,2022-03-02,22:50:00,22:55:00,22.310526,73.170937,22.400526,73.260937,NULL
xbeo152917488,2022-03-27,19:40:00,19:55:00,17.410371,78.437225,17.520371,78.547225,NULL
xbfy982465079,2022-03-04,22:10:00,22:20:00,23.357804,85.325146,23.447804,85.415146,NULL
xbgn616390027,2022-03-16,18:40:00,18:50:00,12.934179,77.615797,13.044179,77.725797,NULL
xbhq884931942,2022-03-10,18:25:00,18:30:00,18.636215,73.751081,18.706215,73.821081,NULL
xbiu995313594,2022-03-06,19:10:00,19:15:00,21.157735,72.768778,21.227735,72.838778,NULL
xbjn986518885,2022-03-21,20:35:00,20:40:00,21.186438,72.794115,21.246438,72.854115,NULL
xbnr302379333,2022-03-08,21:35:00,21:50:00,26.849596,75.800512,26.929596,75.880512,NULL
xbog703596422,2022-04-04,17:45:00,17:55:00,23.355164,85.324097,23.435164,85.404097,NULL
xbwf008704744,2022-03-15,20:55:00,21:05:00,17.429585,78.392621,17.459585,78.422621,NULL
xbxf596657315,2022-03-29,23:25:00,23:30:00,19.120083,72.907385,19.200083,72.987385,NULL
xbxn200447293,2022-03-30,11:45:00,11:55:00,13.044694,80.261470,13.064694,80.281470,NULL
xcda684330441,2022-03-07,15:40:00,15:50:00,18.994049,72.825203,19.034049,72.865203,NULL
xcdj372533636,2022-03-05,22:30:00,22:40:00,13.045479,80.233110,13.105479,80.293110,NULL
xcfl477423875,2022-02-13,13:25:00,13:30:00,30.885814,75.786976,30.925814,75.826976,NULL
xcfs423079621,2022-02-15,22:40:00,22:50:00,-19.876994,75.372353,19.926994,75.422353,NULL
xchm970377556,2022-03-24,11:00:00,11:05:00,26.913987,75.752891,26.933987,75.772891,NULL
xckm814999470,2022-02-13,21:35:00,21:40:00,22.527893,88.368628,22.557893,88.398628,NULL
xckn685299650,2022-03-18,18:10:00,18:20:00,13.029780,80.208812,13.119780,80.298812,NULL
xcpk783407915,2022-02-17,10:25:00,10:30:00,30.905562,75.832841,30.925562,75.852841,NULL
xcpn200806737,2022-04-02,22:10:00,22:25:00,21.186438,72.794115,21.296438,72.904115,NULL
xcqb769972838,2022-04-01,17:25:00,17:40:00,22.753839,75.897429,22.803839,75.947429,NULL
xcqw881477597,2022-03-27,19:45:00,19:50:00,26.910262,75.783013,27.040262,75.913013,NULL
xcuq690698553,2022-02-13,19:10:00,19:20:00,25.450377,81.834236,25.500377,81.884236,NULL
xcxr279280567,2022-03-17,22:25:00,22:40:00,12.299524,76.642620,12.329524,76.672620,NULL
xcyh007128220,2022-03-15,13:00:00,13:10:00,17.428294,78.404423,17.468294,78.444423,NULL
xcyq551430407,2022-03-01,08:25:00,08:35:00,26.888420,75.800689,26.908420,75.820689,NULL
xcyt408603666,2022-02-16,17:25:00,17:40:00,30.892860,75.822199,31.022860,75.952199,NULL
xcyw740126289,2022-03-26,23:30:00,23:45:00,22.308096,73.167753,22.338096,73.197753,NULL
xczs106918282,2022-03-15,15:30:00,15:45:00,21.186438,72.794115,21.226438,72.834115,NULL
xdah783460945,2022-03-21,19:50:00,20:05:00,12.949934,77.699386,13.009934,77.759386,NULL
xdao434795901,2022-04-06,22:35:00,22:50:00,22.307898,73.167788,22.417898,73.277788,NULL
xdbl711015567,2022-03-04,21:15:00,21:25:00,22.745049,75.892471,22.835049,75.982471,NULL
xdck910699894,2022-04-06,18:20:00,18:35:00,0.000000,0.000000,0.130000,0.130000,NULL
xdfu465946906,2022-02-13,21:45:00,21:50:00,22.538999,88.322337,22.588999,88.372337,NULL
xdgm459847500,2022-03-19,12:45:00,12:55:00,12.939496,77.625999,12.979496,77.665999,NULL
xdhn571886961,2022-03-03,08:45:00,08:50:00,19.121999,72.908493,19.131999,72.918493,NULL
xdhz340461943,2022-03-06,20:55:00,21:05:00,12.323225,76.630028,12.393225,76.700028,NULL
xdil291959154,2022-03-03,14:55:00,15:05:00,22.760072,75.892574,22.800072,75.932574,NULL
xdiu011549511,2022-03-05,08:40:00,08:45:00,12.304569,76.643622,12.314569,76.653622,NULL
xdlg182205237,2022-02-18,17:35:00,17:50:00,26.471529,80.313458,26.601529,80.443458,NULL
xdmn373200069,2022-03-19,08:50:00,09:00:00,12.972161,77.596014,12.982161,77.606014,NULL
xdnu179403349,2022-03-06,20:10:00,20:20:00,23.351058,85.325731,23.481058,85.455731,NULL
xdof677140444,2022-03-02,23:10:00,23:20:00,12.337978,76.616792,12.467978,76.746792,NULL
xdou139557401,2022-03-12,21:55:00,22:10:00,26.911378,75.789034,26.991378,75.869034,NULL
xdpg970552332,2022-02-14,19:40:00,19:45:00,27.163303,78.057044,27.243303,78.137044,NULL
xdrb914748696,2022-03-14,19:15:00,19:25:00,12.914264,77.678400,13.024264,77.788400,NULL
xdru034718838,2022-03-27,17:40:00,17:55:00,13.054347,80.257221,13.164347,80.367221,NULL
xdrz587067698,2022-03-19,10:50:00,10:55:00,22.753839,75.897429,22.773839,75.917429,NULL
xdsa945294223,2022-03-02,21:25:00,21:35:00,13.064181,80.236442,13.174181,80.346442,NULL
xdus014073429,2022-04-01,19:30:00,19:45:00,11.022298,76.998349,11.052298,77.028349,NULL
xdvv277240474,2022-03-05,18:35:00,18:50:00,11.025083,77.015393,11.075083,77.065393,NULL
xdwx593337484,2022-03-07,15:10:00,15:20:00,22.725748,75.898497,22.765747,75.938497,NULL
xdys792687270,2022-03-01,22:30:00,22:35:00,17.430448,78.418213,17.460448,78.448213,NULL
xeau718397865,2022-04-02,22:50:00,23:05:00,19.176269,72.836721,19.286269,72.946721,NULL
xeba299134730,2022-03-23,17:40:00,17:45:00,13.026279,80.174568,13.136279,80.284568,NULL
xebn858016840,2022-03-27,18:45:00,18:55:00,22.728163,75.884212,22.838163,75.994212,NULL
xeeo470731703,2022-03-13,11:25:00,11:30:00,13.005801,80.250744,13.015801,80.260744,NULL
xeiv973499984,2022-03-26,21:30:00,21:35:00,22.745536,75.893106,22.775536,75.923106,NULL
xeje600184740,2022-02-14,23:35:00,23:50:00,19.866969,75.318894,19.956969,75.408894,NULL
xekn033657822,2022-03-29,21:25:00,21:40:00,17.438263,78.397865,17.508263,78.467865,NULL
xemg456104645,2022-02-14,00:00:00,00:10:00,22.527893,88.368628,22.637893,88.478628,NULL
xepv819914405,2022-03-25,18:40:00,18:45:00,26.921411,75.793604,27.001411,75.873604,NULL
xetc105355244,2022-02-15,10:55:00,11:10:00,26.474133,80.348100,26.494133,80.368100,NULL
xeuv750749806,2022-02-15,20:10:00,20:15:00,30.899992,75.831338,30.929992,75.861338,NULL
xevi070602575,2022-03-13,17:25:00,17:35:00,22.310237,73.158921,22.340237,73.188921,NULL
xewd828651232,2022-03-26,18:55:00,19:10:00,23.353783,85.326967,23.413783,85.386967,NULL
xexu510458622,2022-03-04,21:30:00,21:35:00,11.003008,76.975440,11.083009,77.055440,NULL
xexz089966586,2022-03-14,00:00:00,00:05:00,21.171060,72.789292,21.241060,72.859292,NULL
xeyr546340267,2022-03-02,21:40:00,21:55:00,23.351489,85.324253,23.461489,85.434253,NULL
xezh420060838,2022-03-09,15:45:00,15:55:00,13.049645,80.242268,13.089645,80.282268,NULL
xfal754799424,2022-03-30,20:00:00,20:15:00,21.186608,72.794136,21.246608,72.854136,NULL
xfbh256495233,2022-03-17,17:20:00,17:25:00,13.026279,80.174568,13.056279,80.204568,NULL
xfjv476517541,2022-02-14,17:35:00,17:40:00,22.553227,88.353273,22.683227,88.483273,NULL
xfkz852774464,2022-03-03,10:15:00,10:25:00,13.029198,77.570997,13.049198,77.590997,NULL
xfnc057096462,2022-04-05,09:30:00,09:35:00,23.416792,85.316842,23.436792,85.336842,NULL
xfnt252241464,2022-03-12,19:30:00,19:35:00,17.430448,78.418213,17.540448,78.528213,NULL
xfnz754051705,2022-03-14,18:10:00,18:25:00,23.351058,85.325731,23.421058,85.395731,NULL
xfoe535476350,2022-03-14,22:10:00,22:25:00,21.173493,72.801953,21.253493,72.881953,NULL
xfoh159642554,2022-04-02,20:25:00,20:30:00,12.308500,76.665808,12.418500,76.775808,NULL
xfrp732846879,2022-03-05,20:50:00,21:05:00,12.906229,77.596791,12.936229,77.626791,NULL
xftk326814718,2022-03-28,16:45:00,16:50:00,22.761593,75.886362,22.801593,75.926362,NULL
xfxy987231036,2022-02-15,18:30:00,18:40:00,0.000000,0.000000,0.030000,0.030000,NULL
xgar541220330,2022-03-08,20:55:00,21:05:00,26.913483,75.803139,26.993483,75.883139,NULL
xgcj021969114,2022-03-23,21:20:00,21:35:00,22.722634,75.886959,22.832634,75.996959,NULL
xggg972977352,2022-04-01,08:35:00,08:45:00,12.975996,80.221898,12.995996,80.241898,NULL
xggu422213780,2022-03-03,17:10:00,17:15:00,22.695207,75.866059,22.755207,75.926059,NULL
xghs068522857,2022-03-15,20:25:00,20:40:00,0.000000,0.000000,0.060000,0.060000,NULL
xgkc894370525,2022-03-17,09:00:00,09:10:00,26.892312,75.806896,26.912312,75.826896,NULL
xgkw587884755,2022-03-28,10:25:00,10:35:00,23.353783,85.326967,23.363783,85.336967,NULL
xglq652373517,2022-02-13,13:40:00,13:45:00,22.552996,88.352310,22.592996,88.392310,NULL
xgnq075470212,2022-02-17,20:50:00,20:55:00,10.020683,76.310631,10.050683,76.340631,NULL
xgpt305045827,2022-03-24,18:25:00,18:35:00,26.849596,75.800512,26.879596,75.830512,NULL
xgqo816968484,2022-03-01,23:55:00,00:10:00,18.927584,72.832585,18.987584,72.892585,NULL
xgti913491064,2022-04-03,19:10:00,19:25:00,18.516216,73.842527,18.546216,73.872527,NULL
xguy368971445,2022-02-15,18:20:00,18:30:00,26.473698,80.352677,26.533698,80.412677,NULL
xgvh275479648,2022-04-01,10:20:00,10:30:00,13.045479,80.233110,13.055479,80.243110,NULL
xgxu748579753,2022-04-01,08:15:00,08:30:00,18.533811,73.899315,18.553811,73.919315,NULL
xhcz144609196,2022-02-12,17:55:00,18:10:00,0.000000,0.000000,0.090000,0.090000,NULL
xhdh047393131,2022-03-25,21:50:00,22:00:00,22.760072,75.892574,22.830072,75.962574,NULL
xhdm307726556,2022-02-11,14:30:00,14:35:00,30.319528,78.040267,30.359528,78.080267,NULL
xhee921545079,2022-03-29,21:55:00,22:05:00,13.026279,80.174568,13.136279,80.284568,NULL
xher313331044,2022-03-31,23:20:00,23:30:00,12.906229,77.596791,12.986229,77.676791,NULL
xhjm002683674,2022-03-12,18:30:00,18:40:00,11.024839,77.007003,11.154839,77.137003,NULL
xhka025048369,2022-03-10,17:55:00,18:05:00,19.121999,72.908493,19.231999,73.018493,NULL
xhlq090039552,2022-03-31,18:20:00,18:30:00,13.091809,80.219104,13.201809,80.329104,NULL
xhlz301038990,2022-03-29,19:00:00,19:15:00,12.352058,76.606650,12.432058,76.686650,NULL
xhme439048664,2022-04-05,19:40:00,19:50:00,12.321214,76.621094,12.381214,76.681094,NULL
xhmz350207730,2022-03-01,09:55:00,10:00:00,18.530963,73.828972,18.540963,73.838972,NULL
xhpt979850911,2022-03-14,23:50:00,23:55:00,26.766536,75.837333,26.846536,75.917333,NULL
xhqi749945004,2022-04-01,08:55:00,09:00:00,22.722634,75.886959,22.742634,75.906959,NULL
xhsk943189944,2022-02-12,22:20:00,22:25:00,0.000000,0.000000,0.070000,0.070000,NULL
xhwj851689395,2022-03-26,21:00:00,21:05:00,23.416792,85.316842,23.476792,85.376842,NULL
xhwl483921880,2022-03-24,19:35:00,19:40:00,23.353783,85.326967,23.383783,85.356967,NULL
xhwo290335973,2022-02-17,14:25:00,14:35:00,0.000000,0.000000,0.040000,0.040000,NULL
xhyr775897961,2022-03-28,19:50:00,19:55:00,0.000000,0.000000,0.060000,0.060000,NULL
xibd761176090,2022-04-02,19:15:00,19:20:00,12.978453,77.643685,13.048453,77.713685,NULL
xicj838671193,2022-04-04,21:35:00,21:45:00,0.000000,0.000000,0.110000,0.110000,NULL
xidr027765496,2022-02-13,19:25:00,19:40:00,22.533662,88.366217,22.593662,88.426217,NULL
xiee878114631,2022-03-13,21:25:00,21:30:00,22.311844,73.165081,22.361844,73.215081,NULL
xiey463962030,2022-04-01,21:10:00,21:20:00,18.534080,73.898520,18.584080,73.948520,NULL
xifq754454483,2022-03-03,20:20:00,20:30:00,17.429585,78.392621,17.489585,78.452621,NULL
xigp305225329,2022-04-05,08:15:00,08:20:00,0.000000,0.000000,0.020000,0.020000,NULL
xigu516484299,2022-03-11,08:30:00,08:35:00,17.451976,78.385883,17.461976,78.395883,NULL
xihz854891949,2022-02-11,23:25:00,23:30:00,15.516833,73.768172,15.576833,73.828172,NULL
xiii475914720,2022-03-28,09:30:00,09:45:00,22.311844,73.165081,22.321844,73.175081,NULL
xila595465192,2022-03-21,08:50:00,09:00:00,21.173493,72.801953,21.193493,72.821953,NULL
xini691586074,2022-04-06,17:15:00,17:30:00,12.334022,76.618203,12.464022,76.748203,NULL
xiom039139045,2022-03-25,22:00:00,22:10:00,19.065838,72.832658,19.175838,72.942658,NULL
xiqr562543389,2022-03-28,20:25:00,20:30:00,13.026279,80.174568,13.086279,80.234568,NULL
xitn009785915,2022-03-21,08:15:00,08:25:00,11.020910,76.940432,11.040910,76.960432,NULL
xiub699104429,2022-03-04,17:25:00,17:35:00,12.934179,77.615797,13.024179,77.705797,NULL
xiuy990187238,2022-03-28,21:40:00,21:55:00,11.008638,76.984311,11.068638,77.044311,NULL
xiwb702665854,2022-03-31,21:10:00,21:25:00,21.170096,72.789122,21.240096,72.859122,NULL
xiyk728739828,2022-03-30,08:55:00,09:00:00,17.411028,78.329645,17.421028,78.339645,NULL
xiyz132481883,2022-02-12,22:10:00,22:20:00,0.000000,0.000000,0.110000,0.110000,NULL
xjgc597637299,2022-03-21,09:20:00,09:25:00,17.438263,78.397865,17.448263,78.407865,NULL
xjgm505253929,2022-04-06,20:40:00,20:50:00,23.354422,85.332900,23.484422,85.462900,NULL
xjlf467712557,2022-03-19,10:35:00,10:40:00,11.022477,76.995667,11.032477,77.005667,NULL
xjps180812498,2022-04-02,23:35:00,23:45:00,18.514210,73.838429,18.624210,73.948429,NULL
xjpy325585673,2022-03-11,11:55:00,12:10:00,12.972793,80.249982,12.992793,80.269982,NULL
xjrt889365808,2022-02-12,22:50:00,23:05:00,23.230791,77.437020,23.340791,77.547020,NULL
xjsm966796314,2022-02-17,20:50:00,21:05:00,0.000000,0.000000,0.050000,0.050000,NULL
xjvb983824428,2022-03-12,21:55:00,22:00:00,22.310237,73.158921,22.440237,73.288921,NULL
xjwp723793274,2022-03-14,19:50:00,19:55:00,17.411028,78.329645,17.501028,78.419645,NULL
xjxn013557125,2022-03-17,08:25:00,08:40:00,17.458998,78.500366,17.468998,78.510366,NULL
xjzr921902824,2022-03-23,18:40:00,18:50:00,21.170096,72.789122,21.240096,72.859122,NULL
xkal637280153,2022-03-29,23:50:00,00:00:00,19.121999,72.908493,19.191999,72.978493,NULL
xkbo155841437,2022-02-16,20:25:00,20:35:00,0.000000,0.000000,0.070000,0.070000,NULL
xkij585142530,2022-03-23,21:50:00,21:55:00,0.000000,0.000000,0.110000,0.110000,NULL
xkkj322856181,2022-03-26,14:00:00,14:15:00,0.000000,0.000000,0.040000,0.040000,NULL
xkof403942800,2022-04-01,17:25:00,17:40:00,18.562450,73.916619,18.612450,73.966619,NULL
xksr681850035,2022-02-11,22:00:00,22:15:00,26.479108,80.315042,26.529108,80.365042,NULL
xktp313680929,2022-03-21,22:15:00,22:20:00,12.975377,77.696664,13.025377,77.746664,NULL
xkxm865630486,2022-04-03,22:25:00,22:40:00,21.173493,72.801953,21.203493,72.831953,NULL
xkyf353540248,2022-03-05,17:35:00,17:50:00,22.760072,75.892574,22.790072,75.922574,NULL
xlad106193655,2022-03-30,21:10:00,21:20:00,21.175975,72.795503,21.205975,72.825503,NULL
xlaz348739334,2022-03-20,22:35:00,22:45:00,17.455894,78.375467,17.585894,78.505467,NULL
xlbc008559541,2022-04-06,00:00:00,00:05:00,22.751234,75.889490,22.831234,75.969490,NULL
xlbh534491059,2022-03-07,20:40:00,20:55:00,26.913726,75.752820,26.943726,75.782820,NULL
xlbz469948038,2022-03-03,20:15:00,20:30:00,21.149669,72.772629,21.209669,72.832629,NULL
xlcz960092936,2022-03-08,23:35:00,23:45:00,26.902908,75.792934,26.982908,75.872934,NULL
xldg366263600,2022-03-21,11:55:00,12:10:00,21.149569,72.772697,21.169569,72.792697,NULL
xlee656844077,2022-04-05,09:10:00,09:25:00,12.325461,76.632278,12.345461,76.652278,NULL
xlkc252764136,2022-03-11,23:25:00,23:35:00,18.516216,73.842527,18.546216,73.872527,NULL
xlof111172996,2022-02-14,17:30:00,17:40:00,26.477750,80.351569,26.607750,80.481569,NULL
xlpe045102396,2022-03-12,19:00:00,19:05:00,26.956431,75.776649,27.096431,75.916649,NULL
xlqe325164480,2022-03-25,20:10:00,20:25:00,17.459710,78.368855,17.539710,78.448855,NULL
xlrl957758595,2022-03-18,21:45:00,21:50:00,18.539299,73.897902,18.649299,74.007902,NULL
xlta607070306,2022-03-19,11:45:00,11:50:00,19.178321,72.834715,19.188321,72.844715,NULL
xltr372187696,2022-03-02,20:50:00,20:55:00,26.905287,75.794592,27.035287,75.924592,NULL
xlxc655062187,2022-03-11,19:20:00,19:30:00,23.351058,85.325731,23.381058,85.355731,NULL
xlxk815586761,2022-02-16,19:30:00,19:40:00,9.982834,76.283268,10.072834,76.373268,NULL
xlyo654665044,2022-04-01,10:25:00,10:40:00,11.016298,76.972076,11.026298,76.982076,NULL
xlyu110940746,2022-03-11,09:20:00,09:30:00,18.569156,73.774723,18.579156,73.784723,NULL
xmbj058456119,2022-03-19,08:55:00,09:00:00,22.307898,73.167788,22.317898,73.177788,NULL
xmex923262384,2022-04-06,23:40:00,23:55:00,26.849596,75.800512,26.919596,75.870512,NULL
xmip518164204,2022-02-14,18:00:00,18:05:00,22.538731,88.364878,22.618731,88.444878,NULL
xmkg895265986,2022-02-14,18:45:00,18:50:00,22.569367,88.433187,22.699367,88.563187,NULL
xmlz221363263,2022-03-04,17:40:00,17:45:00,26.902328,75.794257,27.042328,75.934257,NULL
xmoo689215676,2022-02-17,15:35:00,15:40:00,22.538731,88.364878,22.578731,88.404878,NULL
xmrk327232378,2022-02-14,22:40:00,22:50:00,0.000000,0.000000,0.110000,0.110000,NULL
xmux874439138,2022-03-11,12:50:00,13:00:00,23.354422,85.332900,23.394422,85.372900,NULL
xmuy821194065,2022-03-04,00:00:00,00:15:00,22.310526,73.170937,22.380526,73.240937,NULL
xnal634390748,2022-03-06,22:10:00,22:25:00,21.175104,72.804342,21.265104,72.894342,NULL
xnbt420016970,2022-03-26,10:35:00,10:40:00,22.310237,73.158921,22.320237,73.168921,NULL
xncp919063413,2022-03-21,16:20:00,16:25:00,12.299524,76.642620,12.339524,76.682620,NULL
xndq697313383,2022-04-02,20:50:00,21:05:00,17.438263,78.397865,17.528263,78.487865,NULL
xngz344622786,2022-03-21,08:30:00,08:35:00,12.337928,76.617889,12.357928,76.637889,NULL
xnjy966527861,2022-03-12,18:40:00,18:45:00,23.351489,85.324253,23.441489,85.414253,NULL
xnkg645208359,2022-03-27,23:10:00,23:15:00,26.913483,75.803139,27.023483,75.913139,NULL
xnmd060157935,2022-03-03,09:10:00,09:15:00,19.176269,72.836721,19.196269,72.856721,NULL
xnnb444733003,2022-03-09,15:25:00,15:30:00,12.939496,77.625999,12.979496,77.665999,NULL
xnod694467359,2022-03-09,20:45:00,20:55:00,17.411028,78.329645,17.471028,78.389645,NULL
xnot018205273,2022-03-11,20:10:00,20:25:00,12.933284,77.615428,12.993284,77.675428,NULL
xnqa876249885,2022-02-11,17:25:00,17:40:00,0.000000,0.000000,0.030000,0.030000,NULL
xnqq752562781,2022-03-27,18:45:00,18:50:00,21.183434,72.814492,21.263434,72.894492,NULL
xnsg076844692,2022-04-06,20:30:00,20:35:00,22.725835,75.887648,22.815835,75.977648,NULL
xnsl035649470,2022-03-23,18:40:00,18:55:00,17.438263,78.397865,17.568263,78.527865,NULL
xnsm973702553,2022-03-17,09:30:00,09:40:00,11.022169,76.999594,11.042169,77.019594,NULL
xntp740548398,2022-03-10,21:00:00,21:05:00,18.539299,73.897902,18.609299,73.967902,NULL
xnut416555231,2022-03-07,10:25:00,10:35:00,18.536718,73.830327,18.556718,73.850327,NULL
xnvm848219601,2022-03-17,08:50:00,09:05:00,22.732225,75.874765,22.752225,75.894765,NULL
xnvv860307443,2022-03-23,19:55:00,20:05:00,12.308500,76.665808,12.388500,76.745808,NULL
xnwm549054246,2022-03-21,22:35:00,22:45:00,21.170798,72.790489,21.220798,72.840489,NULL
xnzb532907287,2022-03-29,18:45:00,18:50:00,11.001753,76.986241,11.111753,77.096241,NULL
xnzf943277542,2022-03-29,17:30:00,17:35:00,13.029780,80.208812,13.109780,80.288812,NULL
xnzy839418009,2022-03-11,09:15:00,09:30:00,17.431477,78.400350,17.441477,78.410350,NULL
xoaj324084544,2022-03-08,23:00:00,23:05:00,22.311844,73.165081,22.441844,73.295081,NULL
xoes842486011,2022-03-21,20:55:00,21:00:00,19.207222,72.972281,19.237222,73.002281,NULL
xofz252111661,2022-02-13,10:55:00,11:05:00,30.327968,78.046106,30.337968,78.056106,NULL
xohv528835078,2022-03-12,18:20:00,18:35:00,22.761593,75.886362,22.831593,75.956362,NULL
xohv852651887,2022-04-02,17:10:00,17:15:00,12.970221,77.645396,13.080221,77.755396,NULL
xoik670018249,2022-02-18,17:20:00,17:25:00,0.000000,0.000000,0.070000,0.070000,NULL
xojy003718814,2022-04-03,11:55:00,12:00:00,0.000000,0.000000,0.020000,0.020000,NULL
xoka811702118,2022-03-17,12:20:00,12:30:00,0.000000,0.000000,0.040000,0.040000,NULL
xona043870448,2022-03-05,21:50:00,22:00:00,22.725835,75.887648,22.755835,75.917648,NULL
xopd309769245,2022-03-26,15:00:00,15:15:00,22.728163,75.884212,22.768163,75.924212,NULL
xoqk987418556,2022-03-09,21:10:00,21:15:00,18.593481,73.785901,18.643481,73.835901,NULL
xoqt420309885,2022-03-21,18:10:00,18:15:00,18.536562,73.896485,18.596562,73.956485,NULL
xoqv677786546,2022-04-03,17:10:00,17:25:00,12.934365,77.616155,12.994365,77.676155,NULL
xorl336188004,2022-03-30,09:45:00,09:55:00,12.939496,77.625999,12.949496,77.635999,NULL
xorr035264189,2022-03-16,22:55:00,23:05:00,26.849596,75.800512,26.929596,75.880512,NULL
xory176603299,2022-03-24,13:55:00,14:10:00,13.029198,77.570997,13.069198,77.610997,NULL
xost530567838,2022-04-05,23:10:00,23:25:00,18.551440,73.804855,18.601440,73.854855,NULL
xosw233578727,2022-03-18,19:35:00,19:50:00,12.979096,77.640625,13.059096,77.720625,NULL
xosz153708926,2022-03-09,08:15:00,08:20:00,12.934365,77.616155,12.954365,77.636155,NULL
xowj017980368,2022-03-09,18:10:00,18:20:00,13.091809,80.219104,13.151809,80.279104,NULL
xown628649973,2022-03-13,14:45:00,14:55:00,12.914264,77.678400,12.954264,77.718400,NULL
xozo831445167,2022-03-10,18:10:00,18:15:00,23.357804,85.325146,23.467804,85.435146,NULL
xpbo503470081,2022-03-26,19:30:00,19:35:00,13.058616,80.264151,13.108616,80.314151,NULL
xpdu030778951,2022-03-31,21:50:00,21:55:00,21.149834,72.778666,21.229834,72.858666,NULL
xpdx531588871,2022-03-08,22:00:00,22:10:00,0.000000,0.000000,0.130000,0.130000,NULL
xpgw947874677,2022-04-04,19:40:00,19:55:00,22.320000,73.170000,22.430000,73.280000,NULL
xphq275696584,2022-03-29,20:55:00,21:05:00,19.178321,72.834715,19.288321,72.944715,NULL
xpii463413023,2022-03-28,08:45:00,09:00:00,13.005801,80.250744,13.025801,80.270744,NULL
xplr660312004,2022-04-01,21:15:00,21:25:00,12.913041,77.683237,12.943041,77.713237,NULL
xpnk042281282,2022-03-13,17:55:00,18:00:00,11.016298,76.972076,11.076298,77.032076,NULL
xppo324131288,2022-03-17,14:35:00,14:45:00,12.978453,77.643685,13.018453,77.683685,NULL
xppp261023991,2022-02-14,18:30:00,18:45:00,19.888716,75.321461,19.998716,75.431461,NULL
xppv692689696,2022-04-06,19:25:00,19:40:00,22.748060,75.893400,22.838060,75.983400,NULL
xpqa617770962,2022-03-27,20:00:00,20:15:00,26.846156,75.802300,26.916156,75.872300,NULL
xpro126452529,2022-03-11,21:15:00,21:30:00,23.355164,85.324097,23.415164,85.384097,NULL
xptn511993538,2022-03-30,23:55:00,00:05:00,26.914142,75.805704,26.944142,75.835704,NULL
xpts941748787,2022-02-15,21:50:00,22:05:00,22.547186,88.350680,22.577185,88.380680,NULL
xptv602604773,2022-02-18,23:20:00,23:25:00,-25.449659,81.839744,25.579659,81.969744,NULL
xpva904014752,2022-04-03,09:00:00,09:05:00,12.325461,76.632278,12.345461,76.652278,NULL
xpxm180012855,2022-03-31,20:40:00,20:55:00,23.374989,85.335486,23.484989,85.445486,NULL
xqam403854450,2022-03-26,17:15:00,17:25:00,22.727021,75.884167,22.787021,75.944167,NULL
xqau722158642,2022-03-09,16:10:00,16:15:00,23.351489,85.324253,23.391489,85.364253,NULL
xqbp866479674,2022-04-03,09:45:00,09:50:00,12.986047,80.218114,13.006047,80.238114,NULL
xqbw902643501,2022-03-09,22:55:00,23:05:00,23.357804,85.325146,23.417804,85.385146,NULL
xqcr834027606,2022-02-16,20:55:00,21:05:00,26.492106,80.327797,26.562106,80.397797,NULL
xqes087347664,2022-03-11,11:10:00,11:20:00,18.551440,73.804855,18.561440,73.814855,NULL
xqhm842219303,2022-03-14,20:20:00,20:30:00,12.970221,77.645396,13.040221,77.715396,NULL
xqkm789529983,2022-03-06,19:50:00,20:05:00,12.972793,80.249982,13.102793,80.379982,NULL
xqkr009836394,2022-03-12,18:30:00,18:45:00,21.149569,72.772697,21.219569,72.842697,NULL
xqlm887218379,2022-03-31,18:30:00,18:45:00,13.066762,80.251865,13.156762,80.341865,NULL
xqmq036990451,2022-03-07,13:15:00,13:30:00,17.450851,78.379347,17.490851,78.419347,NULL
xqtr036106841,2022-03-17,17:25:00,17:40:00,0.000000,0.000000,0.060000,0.060000,NULL
xqwc621896013,2022-03-11,21:00:00,21:15:00,22.760072,75.892574,22.810072,75.942574,NULL
xqxb341561782,2022-04-05,13:50:00,14:05:00,0.000000,0.000000,0.040000,0.040000,NULL
xqxf325139936,2022-03-18,18:35:00,18:45:00,23.351489,85.324253,23.481489,85.454253,NULL
xrbx674363177,2022-03-28,14:40:00,14:50:00,12.323978,76.627961,12.363978,76.667961,NULL
xreh460166423,2022-03-24,11:45:00,12:00:00,19.254567,72.848923,19.274567,72.868923,NULL
xrjl146097857,2022-04-05,22:25:00,22:30:00,12.334022,76.618203,12.384022,76.668203,NULL
xrkl760915751,2022-03-18,20:55:00,21:05:00,19.126630,72.829976,19.256630,72.959976,NULL
xrna610910098,2022-03-30,20:50:00,20:55:00,22.753839,75.897429,22.803839,75.947429,NULL
xrou628500081,2022-03-30,18:55:00,19:00:00,17.411028,78.329645,17.441028,78.359645,NULL
xrwk309117199,2022-03-27,20:55:00,21:10:00,11.026117,76.944652,11.156117,77.074652,NULL
xrxy085440961,2022-03-07,08:50:00,08:55:00,18.536562,73.896485,18.556562,73.916485,NULL
xsba225475817,2022-04-02,19:00:00,19:15:00,18.520016,73.830547,18.650016,73.960547,NULL
xscg582630316,2022-03-31,18:35:00,18:40:00,26.905190,75.810753,27.015190,75.920753,NULL
xshn865871697,2022-03-17,20:55:00,21:10:00,17.455894,78.375467,17.505894,78.425467,NULL
xsii863671291,2022-03-18,18:25:00,18:30:00,12.337928,76.617889,12.467928,76.747889,NULL
xsjj094032946,2022-03-23,21:00:00,21:15:00,21.160522,72.771477,21.230522,72.841477,NULL
xsjs217373769,2022-02-15,18:20:00,18:35:00,22.539129,88.365507,22.589129,88.415507,NULL
xskp938612084,2022-03-19,19:25:00,19:40:00,18.562450,73.916619,18.622450,73.976619,NULL
xsmr866500014,2022-04-05,22:50:00,23:05:00,12.323225,76.630028,12.383225,76.690028,NULL
xsom172403792,2022-03-19,22:20:00,22:30:00,18.994049,72.825203,19.024049,72.855203,NULL
xspn121778529,2022-03-15,22:15:00,22:25:00,22.761226,75.887522,22.811226,75.937522,NULL
xspu135898540,2022-04-05,11:45:00,11:50:00,19.126630,72.829976,19.136630,72.839976,NULL
xste335277613,2022-04-02,22:55:00,23:05:00,17.438263,78.397865,17.548263,78.507865,NULL
xsuc749889780,2022-03-10,18:45:00,19:00:00,13.049645,80.242268,13.179645,80.372268,NULL
xsxe910294474,2022-04-06,20:00:00,20:10:00,22.753839,75.897429,22.833838,75.977429,NULL
xszz110938012,2022-03-27,18:25:00,18:40:00,21.157735,72.768778,21.287735,72.898778,NULL
xtaj336748045,2022-03-26,23:30:00,23:35:00,19.065838,72.832658,19.125838,72.892658,NULL
xtcy136860042,2022-03-20,22:40:00,22:50:00,19.065838,72.832658,19.175838,72.942658,NULL
xtdm027149313,2022-03-13,22:55:00,23:10:00,0.000000,0.000000,0.030000,0.030000,NULL
xtfn791977265,2022-03-14,20:55:00,21:05:00,17.458998,78.500366,17.538998,78.580366,NULL
xtfr000910221,2022-03-08,21:35:00,21:40:00,12.297954,76.665169,12.387954,76.755169,NULL
xthg111357249,2022-03-15,18:00:00,18:15:00,11.001852,76.976268,11.061852,77.036268,NULL
xtkc976147332,2022-04-06,21:55:00,22:05:00,22.760072,75.892574,22.850072,75.982574,NULL
xtog022925032,2022-03-08,22:35:00,22:50:00,12.975996,80.221898,13.105996,80.351898,NULL
xtoz009286946,2022-02-15,19:35:00,19:45:00,15.496162,73.825364,15.556162,73.885364,NULL
xtqa444579240,2022-03-02,23:15:00,23:25:00,17.433809,78.386744,17.513809,78.466744,NULL
xtqy748494351,2022-02-18,23:55:00,00:00:00,26.469003,80.316344,26.539003,80.386344,NULL
xtrh718697701,2022-02-11,09:25:00,09:35:00,26.492106,80.327797,26.512106,80.347797,NULL
xtsa296912025,2022-04-03,12:25:00,12:30:00,11.020910,76.940432,11.060910,76.980432,NULL
xtsu272593701,2022-03-31,20:55:00,21:05:00,11.021278,76.995017,11.151278,77.125017,NULL
xtvg687185527,2022-03-14,23:00:00,23:05:00,17.422819,78.449578,17.512819,78.539578,NULL
xtwc428245617,2022-03-01,19:40:00,19:55:00,17.424114,78.347554,17.484114,78.407554,NULL
xtxf499661170,2022-04-06,23:55:00,00:05:00,12.986047,80.218114,13.076047,80.308114,NULL
xtyi495248689,2022-04-06,20:00:00,20:10:00,22.320000,73.170000,22.450000,73.300000,NULL
xtyn305341440,2022-03-10,18:20:00,18:25:00,12.935662,77.614130,13.045662,77.724130,NULL
xubf879408178,2022-03-03,23:10:00,23:15:00,22.745049,75.892471,22.805049,75.952471,NULL
xuit339525418,2022-03-02,22:00:00,22:15:00,18.543626,73.905101,18.673626,74.035101,NULL
xuju291630511,2022-03-28,09:35:00,09:50:00,26.766536,75.837333,26.776536,75.847333,NULL
xukr152686247,2022-03-10,23:15:00,23:30:00,17.430448,78.418213,17.520448,78.508213,NULL
xuti025518801,2022-04-01,15:40:00,15:50:00,18.636215,73.751081,18.676215,73.791081,NULL
xutl910208842,2022-02-17,22:50:00,23:05:00,0.000000,0.000000,0.050000,0.050000,NULL
xutp480372968,2022-04-03,23:20:00,23:35:00,22.761593,75.886362,22.811593,75.936362,NULL
xuus801015599,2022-03-15,19:50:00,19:55:00,22.310526,73.170937,22.370526,73.230937,NULL
xuwm509591316,2022-03-10,17:15:00,17:30:00,23.354422,85.332900,23.464422,85.442900,NULL
xuwz189573477,2022-03-03,22:15:00,22:25:00,0.000000,0.000000,0.050000,0.050000,NULL
xvet373215009,2022-03-14,22:55:00,23:10:00,13.058616,80.264151,13.128616,80.334151,NULL
xvge910836941,2022-02-16,20:00:00,20:10:00,-15.569600,73.742294,15.659600,73.832294,NULL
xvgm261233371,2022-03-08,22:20:00,22:35:00,13.044694,80.261470,13.124694,80.341470,NULL
xvij441523694,2022-03-26,10:15:00,10:30:00,26.891191,75.802083,26.911191,75.822083,NULL
xvjc759887428,2022-04-01,23:20:00,23:35:00,12.980410,77.640489,13.030410,77.690489,NULL
xvkw396678558,2022-03-24,19:55:00,20:05:00,23.351489,85.324253,23.401489,85.374253,NULL
xvld886197825,2022-03-09,13:40:00,13:55:00,13.022394,80.242439,13.062394,80.282439,NULL
xvmq286134708,2022-03-24,08:55:00,09:00:00,11.000762,76.981876,11.020762,77.001876,NULL
xvmv839825620,2022-03-11,15:25:00,15:40:00,26.888420,75.800689,26.928420,75.840689,NULL
xvsl642521940,2022-04-05,22:10:00,22:15:00,12.979166,77.640709,13.039166,77.700709,NULL
xvte666382961,2022-03-27,19:10:00,19:25:00,17.483216,78.552111,17.613216,78.682111,NULL
xvtm828785419,2022-03-02,23:45:00,00:00:00,0.000000,0.000000,0.080000,0.080000,NULL
xvzg537078438,2022-03-20,19:35:00,19:40:00,22.725748,75.898497,22.795748,75.968497,NULL
xwbp931682713,2022-03-05,10:10:00,10:15:00,22.728163,75.884212,22.738163,75.894212,NULL
xwbs644292267,2022-03-27,19:30:00,19:40:00,26.921411,75.793604,27.011411,75.883604,NULL
xwdj097077010,2022-03-31,21:55:00,22:05:00,12.334022,76.618203,12.464022,76.748203,NULL
xwje221847138,2022-03-11,09:50:00,09:55:00,17.430448,78.418213,17.450448,78.438213,NULL
xwnw275675300,2022-02-13,20:35:00,20:45:00,22.553227,88.353273,22.613227,88.413273,NULL
xwok596162357,2022-03-23,19:35:00,19:50:00,21.173343,72.792731,21.283343,72.902731,NULL
xwpe954949050,2022-02-17,09:55:00,10:10:00,15.546594,73.760431,15.566594,73.780431,NULL
xwrv650215017,2022-02-11,23:35:00,23:50:00,30.340722,78.060221,30.390722,78.110221,NULL
xwtx438995455,2022-03-02,20:35:00,20:50:00,21.170798,72.790489,21.250798,72.870489,NULL
xwuh575839055,2022-02-16,21:15:00,21:30:00,15.496162,73.825364,15.576162,73.905364,NULL
xwvy510549668,2022-03-07,08:10:00,08:25:00,12.323994,76.626167,12.343994,76.646167,NULL
xwwf272991255,2022-03-13,20:00:00,20:15:00,11.022298,76.998349,11.072298,77.048349,NULL
xwxx351125728,2022-03-06,20:30:00,20:40:00,13.026279,80.174568,13.106279,80.254568,NULL
xxas424626013,2022-03-18,22:35:00,22:40:00,26.902940,75.793007,26.982940,75.873007,NULL
xxcl757905886,2022-03-02,19:45:00,19:55:00,21.173343,72.792731,21.263343,72.882731,NULL
xxee918086684,2022-03-19,19:30:00,19:40:00,26.891191,75.802083,26.921191,75.832083,NULL
xxku620056780,2022-03-21,17:55:00,18:05:00,26.911927,75.797282,26.941927,75.827282,NULL
xxmu626843920,2022-03-26,15:30:00,15:45:00,0.000000,0.000000,0.040000,0.040000,NULL
xxor408538921,2022-03-03,08:20:00,08:30:00,23.374878,85.335739,23.394878,85.355739,NULL
xxrr386966305,2022-03-04,22:50:00,23:00:00,21.175104,72.804342,21.265104,72.894342,NULL
xxsh405048593,2022-03-17,20:40:00,20:55:00,18.530963,73.828972,18.580963,73.878972,NULL
xxso018584209,2022-02-11,20:20:00,20:25:00,23.211529,77.419399,23.241529,77.449399,NULL
xxuc499608084,2022-04-03,22:10:00,22:15:00,22.722634,75.886959,22.782634,75.946959,NULL
xxuf309707403,2022-03-26,20:00:00,20:15:00,13.005801,80.250744,13.065801,80.310744,NULL
xxus249426680,2022-03-29,21:20:00,21:35:00,11.006686,76.951736,11.076686,77.021736,NULL
xxve743558265,2022-02-16,23:35:00,23:40:00,9.957144,76.296783,10.027144,76.366783,NULL
xxwh765350431,2022-03-27,20:35:00,20:50:00,21.186438,72.794115,21.276438,72.884115,NULL
xxwp285477355,2022-03-13,10:40:00,10:55:00,21.157729,72.768726,21.167729,72.778726,NULL
xxxl426196629,2022-04-01,09:45:00,10:00:00,13.044694,80.261470,13.064694,80.281470,NULL
xxye554024266,2022-03-07,08:10:00,08:20:00,22.320000,73.170000,22.330000,73.180000,NULL
xxyf638338951,2022-03-07,17:50:00,17:55:00,26.911378,75.789034,26.961378,75.839034,NULL
xydc800945695,2022-03-10,20:40:00,20:55:00,12.310972,76.659264,12.390972,76.739264,NULL
xyea802570626,2022-03-05,08:20:00,08:35:00,22.748060,75.893400,22.768060,75.913400,NULL
xyew025339693,2022-03-04,18:10:00,18:25:00,12.323225,76.630028,12.433225,76.740028,NULL
xyfq585260270,2022-03-09,22:30:00,22:35:00,0.000000,0.000000,0.050000,0.050000,NULL
xyfv603875992,2022-03-23,23:50:00,23:55:00,19.221315,72.862381,19.291315,72.932381,NULL
xygo205835827,2022-03-30,20:00:00,20:10:00,22.751857,75.866699,22.811857,75.926699,NULL
xyhx938495114,2022-03-16,17:15:00,17:20:00,0.000000,0.000000,0.130000,0.130000,NULL
xyil464283217,2022-04-04,19:55:00,20:10:00,18.546258,73.904337,18.636258,73.994337,NULL
xymd067773155,2022-02-14,20:15:00,20:25:00,30.873988,75.842739,30.963988,75.932739,NULL
xymu400218834,2022-03-13,08:35:00,08:40:00,22.311358,73.164798,22.321358,73.174798,NULL
xyoh208483254,2022-02-13,14:15:00,14:20:00,23.230791,77.437020,23.270791,77.477020,NULL
xypi573601403,2022-03-08,17:40:00,17:50:00,22.725748,75.898497,22.855747,76.028497,NULL
xypl942599586,2022-03-10,22:10:00,22:15:00,22.751234,75.889490,22.841234,75.979490,NULL
xypq085358186,2022-02-12,17:10:00,17:15:00,30.361281,78.068022,30.441281,78.148022,NULL
xyra861658634,2022-03-30,12:00:00,12:05:00,18.536718,73.830327,18.546719,73.840328,NULL
xyvu994211342,2022-02-13,17:15:00,17:20:00,27.161850,78.040165,27.211850,78.090165,NULL
xywy142506978,2022-02-12,18:10:00,18:15:00,30.362686,78.068890,30.442686,78.148890,NULL
xyyn048982179,2022-04-02,17:15:00,17:30:00,13.029780,80.208812,13.159780,80.338812,NULL
xzbl323280136,2022-03-03,10:55:00,11:00:00,22.725748,75.898497,22.735747,75.908497,NULL
xzby295152168,2022-03-30,08:35:00,08:40:00,19.091458,72.827808,19.101458,72.837808,NULL
xzfc881211695,2022-03-27,19:50:00,20:00:00,18.534080,73.898520,18.614080,73.978520,NULL
xzfh887992064,2022-03-19,10:25:00,10:30:00,26.911927,75.797282,26.921927,75.807282,NULL
xzgv173955880,2022-03-09,12:55:00,13:00:00,21.160437,72.774209,21.200437,72.814209,NULL
xzhm898208742,2022-03-09,17:25:00,17:40:00,22.310329,73.169083,22.360329,73.219083,NULL
xzho220714716,2022-02-14,23:15:00,23:30:00,22.577821,88.400581,22.657821,88.480581,NULL
xzkg140273315,2022-02-11,13:35:00,13:40:00,15.561295,73.749478,15.601295,73.789478,NULL
xzkq193119820,2022-03-02,20:35:00,20:50:00,18.593481,73.785901,18.673481,73.865901,NULL
xzks782999374,2022-03-18,19:20:00,19:25:00,17.429585,78.392621,17.519585,78.482621,NULL
xzli596164060,2022-03-13,18:00:00,18:05:00,13.086438,80.220672,13.136439,80.270672,NULL
xznm347660092,2022-03-29,22:25:00,22:30:00,21.170798,72.790489,21.280798,72.900489,NULL
xzog353265728,2022-03-18,20:30:00,20:40:00,12.284747,76.625861,12.364747,76.705861,NULL
xzoo714505516,2022-02-13,22:15:00,22:20:00,22.549100,88.400467,22.599100,88.450467,NULL
xzpm051884623,2022-03-13,08:25:00,08:40:00,21.186884,72.793616,21.196884,72.803616,NULL
xzqg812497978,2022-03-31,23:00:00,23:15:00,12.975996,80.221898,13.045996,80.291898,NULL
xzrl716784548,2022-04-02,19:30:00,19:35:00,17.431477,78.400350,17.501477,78.470350,NULL
xzrq117276316,2022-03-28,22:50:00,23:00:00,12.284747,76.625861,12.314747,76.655861,NULL
xzyr496016767,2022-03-20,19:10:00,19:20:00,17.410371,78.437225,17.500371,78.527225,NULL
xzzw562394658,2022-04-04,23:50:00,00:00:00,0.000000,0.000000,0.070000,0.070000,NULL
yabm693230990,2022-03-10,18:20:00,18:25:00,12.297954,76.665169,12.387954,76.755169,NULL
yacn354152860,2022-03-28,18:10:00,18:15:00,21.183434,72.814492,21.213434,72.844492,NULL
yadn077895680,2022-03-29,17:55:00,18:10:00,22.744648,75.894377,22.814648,75.964377,NULL
yaea589249573,2022-03-04,19:40:00,19:50:00,26.921411,75.793604,27.061411,75.933604,NULL
yajx921073846,2022-03-12,19:40:00,19:45:00,22.320000,73.170000,22.430000,73.280000,NULL
yakc254194648,2022-03-15,08:45:00,08:55:00,21.183434,72.814492,21.203434,72.834492,NULL
yakm814054472,2022-03-20,21:20:00,21:25:00,22.310526,73.170937,22.400526,73.260937,NULL
yakw330215137,2022-03-25,22:45:00,22:55:00,12.914264,77.678400,13.024264,77.788400,NULL
yalk869869009,2022-04-03,00:00:00,00:05:00,21.183434,72.814492,21.243434,72.874492,NULL
yano766261325,2022-03-19,17:35:00,17:40:00,19.223840,72.841347,19.273840,72.891347,NULL
yaos040416493,2022-03-28,21:55:00,22:00:00,12.933298,77.614293,12.993298,77.674293,NULL
yape907417460,2022-03-02,17:20:00,17:35:00,13.081878,80.248519,13.151878,80.318519,NULL
yapj085531572,2022-03-25,19:00:00,19:15:00,12.334022,76.618203,12.464022,76.748203,NULL
yare936090816,2022-02-14,23:55:00,00:00:00,19.879631,75.323403,20.009631,75.453403,NULL
yark430920781,2022-03-14,18:30:00,18:35:00,22.310237,73.158921,22.400237,73.248921,NULL
yarl392103492,2022-03-02,18:10:00,18:20:00,12.913041,77.683237,13.003041,77.773237,NULL
yaue108947085,2022-04-06,22:15:00,22:30:00,22.753839,75.897429,22.863838,76.007429,NULL
yawl558147577,2022-03-17,11:40:00,11:55:00,19.223840,72.841347,19.243840,72.861347,NULL
yaxq516451888,2022-03-28,19:10:00,19:15:00,18.543626,73.905101,18.593626,73.955101,NULL
yayw660896414,2022-03-19,20:35:00,20:50:00,13.026286,80.275235,13.086286,80.335235,NULL
ybcn974547707,2022-03-02,19:15:00,19:20:00,11.022298,76.998349,11.132298,77.108349,NULL
ybgd129677282,2022-02-13,09:20:00,09:35:00,22.551084,88.354127,22.571084,88.374127,NULL
ybgy873540999,2022-03-25,19:50:00,20:00:00,13.058616,80.264151,13.188616,80.394151,NULL
ybhz965229680,2022-02-17,10:40:00,10:45:00,25.454648,81.834502,25.464648,81.844502,NULL
ybmg115603702,2022-03-06,23:30:00,23:35:00,21.149834,72.778666,21.219834,72.848666,NULL
ybno365477309,2022-03-02,22:55:00,23:10:00,22.310237,73.158921,22.380237,73.228921,NULL
ybor166795451,2022-04-03,18:00:00,18:10:00,12.323994,76.626167,12.373994,76.676167,NULL
ybte525315798,2022-03-19,21:00:00,21:15:00,11.003669,76.976494,11.033669,77.006494,NULL
ybti996897097,2022-03-28,20:25:00,20:35:00,23.371292,85.327872,23.431292,85.387872,NULL
ybtj113743934,2022-03-05,14:25:00,14:35:00,23.355164,85.324097,23.395164,85.364097,NULL
ybua836264430,2022-04-06,21:45:00,21:50:00,12.934365,77.616155,13.064365,77.746155,NULL
ybwg690693932,2022-03-05,10:10:00,10:20:00,12.970324,77.645748,12.990324,77.665748,NULL
ybxm786583586,2022-02-15,17:40:00,17:50:00,22.538731,88.364878,22.598731,88.424878,NULL
ycao794860982,2022-03-28,17:40:00,17:55:00,18.536718,73.830327,18.586718,73.880327,NULL
ycay793711882,2022-02-14,20:10:00,20:20:00,30.327968,78.046106,30.407968,78.126106,NULL
ychx591144031,2022-02-15,23:45:00,23:55:00,27.160934,78.044095,27.220934,78.104095,NULL
ychz016135726,2022-03-01,08:50:00,09:05:00,17.433809,78.386744,17.453809,78.406744,NULL
yclh606693743,2022-03-28,15:50:00,15:55:00,11.016298,76.972076,11.056298,77.012076,NULL
ycmb259779966,2022-03-11,17:35:00,17:50:00,0.000000,0.000000,0.030000,0.030000,NULL
ycmv897476150,2022-03-05,20:30:00,20:45:00,22.761593,75.886362,22.811593,75.936362,NULL
ycud923758836,2022-03-20,17:25:00,17:40:00,23.354422,85.332900,23.444422,85.422900,NULL
ycvn223466949,2022-04-02,22:40:00,22:45:00,11.022169,76.999594,11.132169,77.109594,NULL
ycwb227184501,2022-03-02,19:10:00,19:15:00,26.910262,75.783013,26.990262,75.863013,NULL
ycwb611176724,2022-03-27,22:10:00,22:15:00,11.001753,76.986241,11.071753,77.056241,NULL
ycwl731825549,2022-03-15,18:40:00,18:45:00,11.000762,76.981876,11.060762,77.041876,NULL
ycxe525837544,2022-03-04,18:45:00,18:55:00,12.906229,77.596791,12.976229,77.666791,NULL
ycxf493660485,2022-03-08,21:55:00,22:10:00,12.325461,76.632278,12.405461,76.712278,NULL
yczt048974178,2022-04-02,21:45:00,21:55:00,0.000000,0.000000,0.110000,0.110000,NULL
yddb343254331,2022-03-29,21:25:00,21:30:00,26.849596,75.800512,26.929596,75.880512,NULL
yden591837907,2022-04-03,22:35:00,22:45:00,0.000000,0.000000,0.030000,0.030000,NULL
ydfh596678791,2022-04-02,23:40:00,23:50:00,0.000000,0.000000,0.070000,0.070000,NULL
ydhu273019158,2022-04-04,19:45:00,19:50:00,21.149569,72.772697,21.239569,72.862697,NULL
ydjc586459520,2022-03-08,23:15:00,23:25:00,22.732225,75.874765,22.822225,75.964765,NULL
ydkz663750188,2022-03-10,18:15:00,18:20:00,11.024839,77.007003,11.114839,77.097003,NULL
ydlj759772329,2022-02-15,12:30:00,12:35:00,23.266261,77.379605,23.306261,77.419605,NULL
ydne478929220,2022-03-10,20:40:00,20:45:00,26.888420,75.800689,26.978420,75.890689,NULL
ydod430298585,2022-03-08,17:40:00,17:50:00,12.323194,76.630583,12.433194,76.740583,NULL
ydpm092107604,2022-02-13,09:15:00,09:25:00,0.000000,0.000000,0.020000,0.020000,NULL
ydqa251172766,2022-03-28,09:40:00,09:50:00,12.914264,77.678400,12.934264,77.698400,NULL
ydqa667873042,2022-02-16,18:20:00,18:30:00,26.469003,80.316344,26.609003,80.456344,NULL
ydsr554309330,2022-03-05,13:25:00,13:40:00,12.337978,76.616792,12.377978,76.656792,NULL
ydum187000363,2022-04-01,11:15:00,11:25:00,23.351058,85.325731,23.361058,85.335731,NULL
ydvi536162067,2022-03-20,18:55:00,19:00:00,0.000000,0.000000,0.090000,0.090000,NULL
ydwg300382140,2022-04-02,17:40:00,17:45:00,17.428294,78.404423,17.538294,78.514423,NULL
ydwg329734548,2022-03-16,22:15:00,22:25:00,13.022394,80.242439,13.112394,80.332439,NULL
ydxg987244689,2022-03-31,17:55:00,18:10:00,17.451976,78.385883,17.521976,78.455883,NULL
yeak884286010,2022-04-02,21:40:00,21:45:00,26.902908,75.792934,27.032908,75.922934,NULL
yebi579152685,2022-03-12,21:15:00,21:20:00,13.064181,80.236442,13.134181,80.306442,NULL
yecq241164101,2022-03-30,19:30:00,19:40:00,18.514210,73.838429,18.574210,73.898429,NULL
yedm870191490,2022-02-13,18:30:00,18:35:00,22.569358,88.433452,22.629358,88.493452,NULL
yedp177851590,2022-03-24,10:10:00,10:20:00,18.516216,73.842527,18.536216,73.862527,NULL
yegg704640463,2022-03-21,21:45:00,21:50:00,12.323994,76.626167,12.353994,76.656167,NULL
yeka254286540,2022-03-02,21:20:00,21:25:00,17.424114,78.347554,17.514114,78.437554,NULL
yeko520558836,2022-03-04,21:45:00,22:00:00,18.530963,73.828972,18.600963,73.898972,NULL
yenn114671663,2022-03-09,09:00:00,09:05:00,11.003669,76.976494,11.013669,76.986494,NULL
yery465818315,2022-03-06,17:20:00,17:30:00,21.183434,72.814492,21.253434,72.884492,NULL
yess972550020,2022-04-05,19:15:00,19:20:00,17.428294,78.404423,17.458294,78.434423,NULL
yest055183732,2022-03-25,17:25:00,17:30:00,18.546258,73.904337,18.616258,73.974337,NULL
yest900447737,2022-03-24,11:45:00,12:00:00,12.970324,77.645748,12.990324,77.665748,NULL
yetg148558218,2022-04-03,09:45:00,09:50:00,11.025083,77.015393,11.035083,77.025393,NULL
yeun065841354,2022-04-05,19:00:00,19:10:00,23.357804,85.325146,23.407804,85.375146,NULL
yevg859087155,2022-03-30,15:15:00,15:25:00,17.410371,78.437225,17.450371,78.477225,NULL
yezr533435320,2022-03-09,22:30:00,22:40:00,12.934365,77.616155,12.964365,77.646155,NULL
yfcs197942443,2022-03-08,19:15:00,19:20:00,12.284747,76.625861,12.354747,76.695861,NULL
yfgi389923866,2022-04-01,11:00:00,11:05:00,21.175104,72.804342,21.185104,72.814342,NULL
yflb447936386,2022-02-11,12:00:00,12:10:00,22.533662,88.366217,22.543662,88.376217,NULL
yfob301969251,2022-03-24,18:00:00,18:15:00,19.223840,72.841347,19.253840,72.871347,NULL
yfrz761868517,2022-02-16,23:00:00,23:15:00,27.160832,78.011608,27.290832,78.141608,NULL
yfvu115921575,2022-03-04,22:20:00,22:25:00,22.761226,75.887522,22.891226,76.017522,NULL
ygai234245749,2022-03-20,19:40:00,19:50:00,12.979166,77.640709,13.059166,77.720709,NULL
ygaw555157775,2022-04-02,19:25:00,19:40:00,12.933298,77.614293,13.043298,77.724293,NULL
ygbt734207005,2022-02-17,18:55:00,19:10:00,25.450377,81.834236,25.510377,81.894236,NULL
yggi685231499,2022-03-11,08:45:00,08:50:00,21.186884,72.793616,21.206884,72.813616,NULL
yggw804119823,2022-03-01,09:40:00,09:55:00,12.975377,77.696664,12.985377,77.706664,NULL
ygjy465206487,2022-03-26,11:20:00,11:30:00,21.149669,72.772629,21.159669,72.782629,NULL
ygux736635249,2022-03-28,10:10:00,10:15:00,22.750040,75.902847,22.760040,75.912847,NULL
ygxx672858608,2022-03-21,15:50:00,16:05:00,22.753659,75.903365,22.793659,75.943365,NULL
ygya437994720,2022-04-02,21:20:00,21:35:00,12.316967,76.603067,12.446967,76.733067,NULL
ygze825304296,2022-03-17,23:40:00,23:50:00,19.126630,72.829976,19.176630,72.879976,NULL
yhaq666789262,2022-03-31,18:40:00,18:55:00,13.045479,80.233110,13.125479,80.313110,NULL
yhcg698031389,2022-03-03,11:50:00,11:55:00,13.049645,80.242268,13.069645,80.262268,NULL
yhct639146328,2022-02-12,23:55:00,00:00:00,10.027014,76.308053,10.157014,76.438053,NULL
yhdv097687085,2022-04-06,00:00:00,00:10:00,11.003681,76.975525,11.113681,77.085525,NULL
yhev664366217,2022-03-18,23:40:00,23:50:00,19.065838,72.832658,19.195838,72.962658,NULL
yhey321875636,2022-03-06,21:35:00,21:45:00,0.000000,0.000000,0.090000,0.090000,NULL
yhfj911591613,2022-02-14,23:30:00,23:40:00,19.874103,75.368419,19.954103,75.448419,NULL
yhgj028015496,2022-03-07,21:15:00,21:25:00,17.428294,78.404423,17.478294,78.454423,NULL
yhny889714972,2022-02-11,12:40:00,12:45:00,23.235123,77.398886,23.275123,77.438886,NULL
yhoh883688262,2022-04-02,17:35:00,17:40:00,11.003669,76.976494,11.133669,77.106494,NULL
yhoq132403771,2022-03-02,20:35:00,20:40:00,11.001852,76.976268,11.111852,77.086268,NULL
yhqj120906685,2022-03-20,22:40:00,22:45:00,26.766536,75.837333,26.856536,75.927333,NULL
yhuc098535990,2022-04-03,19:55:00,20:10:00,18.636215,73.751081,18.696215,73.811081,NULL
yhvy363456684,2022-03-14,17:10:00,17:25:00,12.979096,77.640625,13.109096,77.770625,NULL
yhzh931381634,2022-03-02,23:30:00,23:35:00,19.109300,72.825451,19.189300,72.905451,NULL
yicd709389287,2022-04-06,17:35:00,17:40:00,11.001852,76.976268,11.111852,77.086268,NULL
yieh916758803,2022-04-04,17:45:00,18:00:00,22.727021,75.884167,22.817021,75.974167,NULL
yihk571034839,2022-03-10,19:45:00,19:50:00,17.455894,78.375467,17.585894,78.505467,NULL
yinw470494248,2022-04-05,13:00:00,13:10:00,21.160437,72.774209,21.200437,72.814209,NULL
yioe844570280,2022-04-01,23:10:00,23:20:00,0.000000,0.000000,0.030000,0.030000,NULL
yiqv191540445,2022-02-13,09:55:00,10:05:00,26.490950,80.318656,26.500950,80.328656,NULL
yiry264778112,2022-02-15,15:25:00,15:30:00,26.482419,80.320939,26.522419,80.360939,NULL
yiwb040681494,2022-02-12,19:15:00,19:25:00,22.526461,88.364453,22.636461,88.474453,NULL
yiwl273835416,2022-02-13,13:00:00,13:05:00,9.979363,76.285001,10.019363,76.325001,NULL
yixd646306749,2022-03-29,22:20:00,22:25:00,11.020910,76.940432,11.130910,77.050432,NULL
yjcu578829902,2022-04-02,20:45:00,21:00:00,18.533811,73.899315,18.663811,74.029315,NULL
yjgc887502954,2022-03-16,19:10:00,19:15:00,17.410371,78.437225,17.480371,78.507225,NULL
yjgi858229462,2022-03-07,18:40:00,18:45:00,12.934179,77.615797,12.964179,77.645797,NULL
yjkc285308840,2022-04-01,19:35:00,19:40:00,12.972793,80.249982,13.032793,80.309982,NULL
yjld413434531,2022-03-21,11:25:00,11:35:00,18.539299,73.897902,18.549299,73.907902,NULL
yjln070067512,2022-03-02,19:00:00,19:15:00,17.483216,78.552111,17.593216,78.662111,NULL
yjqh879530804,2022-04-06,19:20:00,19:25:00,12.913041,77.683237,13.023041,77.793237,NULL
yjqv535570436,2022-04-06,22:35:00,22:50:00,26.914142,75.805704,26.994142,75.885704,NULL
yjrn339703740,2022-02-17,08:45:00,08:55:00,30.361281,78.068022,30.371281,78.078022,NULL
yjro162725136,2022-03-01,08:40:00,08:50:00,23.333017,85.317200,23.343017,85.327200,NULL
yjvb684424160,2022-02-16,22:35:00,22:45:00,25.450377,81.834236,25.590377,81.974236,NULL
yjvg448676646,2022-04-01,17:30:00,17:40:00,13.066762,80.251865,13.116762,80.301865,NULL
yjya985281092,2022-03-05,23:55:00,00:10:00,11.003008,76.975440,11.063009,77.035440,NULL
ykav904051615,2022-02-16,22:00:00,22:05:00,26.474986,80.342796,26.564986,80.432796,NULL
ykba491412595,2022-04-05,09:30:00,09:35:00,17.455894,78.375467,17.465894,78.385467,NULL
ykbs280569484,2022-03-30,18:55:00,19:00:00,22.745049,75.892471,22.795049,75.942471,NULL
ykgc916196394,2022-02-18,22:45:00,22:55:00,23.232357,77.429989,23.342357,77.539989,NULL
ykka891793194,2022-03-03,11:10:00,11:20:00,17.459710,78.368855,17.479710,78.388855,NULL
ykkp224649956,2022-03-19,15:45:00,15:55:00,12.933298,77.614293,12.973298,77.654293,NULL
ykla501319228,2022-03-08,22:45:00,22:50:00,17.410371,78.437225,17.500371,78.527225,NULL
yklr066327627,2022-03-05,21:35:00,21:50:00,26.905190,75.810753,26.965190,75.870753,NULL
ykno823782794,2022-03-14,20:30:00,20:45:00,17.431477,78.400350,17.511477,78.480350,NULL
ykph104228309,2022-03-02,20:20:00,20:25:00,17.412330,78.449654,17.492330,78.529654,NULL
yktz239020102,2022-02-12,19:45:00,19:50:00,-10.028047,76.310019,10.138047,76.420019,NULL
ykwi536405221,2022-03-28,08:35:00,08:45:00,26.902940,75.793007,26.912940,75.803007,NULL
ykzg342785229,2022-02-17,11:10:00,11:25:00,15.513150,73.783460,15.523150,73.793460,NULL
ylbe374170990,2022-03-09,20:35:00,20:40:00,22.753839,75.897429,22.803839,75.947429,NULL
ylby160157625,2022-03-21,22:00:00,22:15:00,0.000000,0.000000,0.060000,0.060000,NULL
ylbz814411816,2022-03-23,18:30:00,18:40:00,23.374878,85.335739,23.464878,85.425739,NULL
ylef282855382,2022-03-25,20:40:00,20:45:00,12.980410,77.640489,13.090410,77.750489,NULL
ylfe655486816,2022-03-17,08:25:00,08:30:00,0.000000,0.000000,0.010000,0.010000,NULL
ylgm124666419,2022-03-30,18:25:00,18:30:00,26.902908,75.792934,26.962908,75.852934,NULL
ylgu387888490,2022-02-14,22:55:00,23:10:00,23.214459,77.434976,23.304459,77.524976,NULL
ylkn443908532,2022-03-19,23:15:00,23:25:00,0.000000,0.000000,0.060000,0.060000,NULL
ylle902374618,2022-04-06,19:35:00,19:50:00,12.323225,76.630028,12.453225,76.760028,NULL
yllt701836247,2022-03-29,17:40:00,17:50:00,13.081878,80.248519,13.151878,80.318519,NULL
yllz580554690,2022-03-28,12:40:00,12:50:00,19.121999,72.908493,19.161999,72.948493,NULL
ylme566204408,2022-03-05,10:25:00,10:35:00,22.311358,73.164798,22.331358,73.184798,NULL
ylnr167632436,2022-03-27,20:35:00,20:45:00,12.933298,77.614293,13.043298,77.724293,NULL
yloy526677276,2022-04-01,12:00:00,12:10:00,0.000000,0.000000,0.020000,0.020000,NULL
ylsj440730929,2022-04-01,18:35:00,18:40:00,12.310972,76.659264,12.360972,76.709264,NULL
ylvx616787623,2022-03-25,22:30:00,22:45:00,22.310329,73.169083,22.390329,73.249083,NULL
ylxa722302209,2022-04-01,21:45:00,21:50:00,12.304569,76.643622,12.364569,76.703622,NULL
ylyn963444268,2022-03-02,18:15:00,18:30:00,17.440827,78.393391,17.550827,78.503391,NULL
ylzr804999994,2022-03-31,22:15:00,22:30:00,13.022394,80.242439,13.102394,80.322439,NULL
ymch698808435,2022-03-23,18:20:00,18:30:00,19.091458,72.827808,19.161458,72.897808,NULL
ymcw404814589,2022-02-11,16:30:00,16:45:00,30.905562,75.832841,30.945562,75.872841,NULL
ymja443550626,2022-03-09,20:00:00,20:05:00,19.120083,72.907385,19.170083,72.957385,NULL
ymja981603327,2022-03-25,17:10:00,17:25:00,23.353783,85.326967,23.423783,85.396967,NULL
ymls458818584,2022-04-04,19:15:00,19:30:00,22.725748,75.898497,22.815748,75.988497,NULL
ymmk505299220,2022-03-23,19:40:00,19:50:00,13.049645,80.242268,13.139645,80.332268,NULL
ymmv452415483,2022-03-09,18:35:00,18:45:00,23.333017,85.317200,23.383017,85.367200,NULL
ymng798718313,2022-02-13,12:40:00,12:45:00,0.000000,0.000000,0.040000,0.040000,NULL
ymsf853453576,2022-02-13,17:30:00,17:40:00,10.020683,76.310631,10.080683,76.370631,NULL
ymsk030400198,2022-04-04,17:45:00,18:00:00,12.352058,76.606650,12.432058,76.686650,NULL
ymue934078130,2022-02-14,20:35:00,20:50:00,30.340722,78.060221,30.450722,78.170221,NULL
ymuy854364129,2022-03-03,17:00:00,17:15:00,23.359194,85.325447,23.399194,85.365447,NULL
ynfi866317694,2022-03-07,12:50:00,13:05:00,21.149569,72.772697,21.189569,72.812697,NULL
ynfp918283334,2022-03-30,10:25:00,10:35:00,0.000000,0.000000,0.020000,0.020000,NULL
ynif689463152,2022-02-16,21:40:00,21:55:00,9.957144,76.296783,10.067144,76.406783,NULL
ynii071960979,2022-03-21,17:20:00,17:35:00,12.337978,76.616792,12.387978,76.666792,NULL
ynjq484341844,2022-02-17,20:45:00,20:55:00,30.335259,78.053162,30.395259,78.113162,NULL
ynkf849898936,2022-04-01,18:50:00,18:55:00,26.888420,75.800689,26.918420,75.830689,NULL
ynkk851336300,2022-03-07,23:10:00,23:20:00,22.761593,75.886362,22.811593,75.936362,NULL
ynlh310767741,2022-04-04,19:40:00,19:55:00,22.725835,75.887648,22.795835,75.957648,NULL
ynlz824240565,2022-04-01,18:15:00,18:20:00,12.970324,77.645748,13.020324,77.695748,NULL
ynmc956217183,2022-04-06,17:10:00,17:25:00,19.207222,72.972281,19.337222,73.102281,NULL
ynph765382929,2022-03-01,14:55:00,15:10:00,18.551440,73.804855,18.591440,73.844855,NULL
ynte151163121,2022-03-12,17:15:00,17:25:00,11.022477,76.995667,11.132477,77.105667,NULL
ynwh242712413,2022-03-30,12:15:00,12:25:00,12.933298,77.614293,12.973298,77.654293,NULL
ynyl993310512,2022-02-16,20:30:00,20:35:00,22.551084,88.354127,22.681084,88.484127,NULL
yoeb625461452,2022-03-12,19:55:00,20:10:00,22.753659,75.903365,22.863659,76.013365,NULL
yogd343858268,2022-03-09,08:35:00,08:50:00,18.520016,73.830547,18.540016,73.850547,NULL
yohv393079068,2022-03-01,22:30:00,22:35:00,26.911927,75.797282,26.961927,75.847282,NULL
yoij066811520,2022-03-16,21:35:00,21:45:00,11.010375,76.952950,11.090375,77.032950,NULL
yojk229064932,2022-03-29,18:10:00,18:25:00,22.745536,75.893106,22.855536,76.003106,NULL
yoke976668875,2022-03-08,19:55:00,20:10:00,21.173493,72.801953,21.263493,72.891953,NULL
yokr311787713,2022-02-18,17:40:00,17:45:00,22.552996,88.352310,22.642996,88.442310,NULL
yoos285858632,2022-02-17,17:20:00,17:25:00,10.027014,76.308053,10.087014,76.368053,NULL
yosk400754055,2022-03-16,17:15:00,17:25:00,17.429585,78.392621,17.519585,78.482621,NULL
yost983286704,2022-04-06,17:35:00,17:45:00,11.006686,76.951736,11.116686,77.061736,NULL
yowt711155330,2022-03-29,20:40:00,20:55:00,17.433809,78.386744,17.523809,78.476744,NULL
yoxg386579172,2022-04-04,20:25:00,20:40:00,10.994136,76.963303,11.084136,77.053303,NULL
ypcq793372677,2022-03-24,11:50:00,12:05:00,12.975996,80.221898,12.985996,80.231898,NULL
ypdy132507323,2022-02-11,15:25:00,15:30:00,25.457687,81.835585,25.497687,81.875585,NULL
ypeo870562013,2022-03-14,23:40:00,23:45:00,12.933284,77.615428,13.003284,77.685428,NULL
ypfc622258010,2022-04-06,20:50:00,20:55:00,12.979166,77.640709,13.069166,77.730709,NULL
yphu662340144,2022-03-03,18:50:00,18:55:00,13.026286,80.275235,13.056286,80.305235,NULL
ypjt848394023,2022-04-06,17:20:00,17:30:00,22.651847,75.881991,22.721847,75.951991,NULL
ypln244824971,2022-03-01,23:20:00,23:25:00,13.027018,80.254791,13.057018,80.284791,NULL
ypoi593771415,2022-03-09,18:30:00,18:35:00,12.304569,76.643622,12.354569,76.693622,NULL
yppz505640571,2022-03-06,19:35:00,19:45:00,21.186438,72.794115,21.296438,72.904115,NULL
ypso113701961,2022-02-15,23:55:00,00:00:00,22.552996,88.352310,22.602996,88.402310,NULL
ypwh736599423,2022-03-15,10:45:00,11:00:00,12.323978,76.627961,12.333978,76.637961,NULL
ypxe884602836,2022-04-04,21:55:00,22:10:00,12.297954,76.665169,12.407954,76.775169,NULL
ypxx688253505,2022-04-05,21:25:00,21:35:00,10.994136,76.963303,11.054136,77.023303,NULL
ypzd862992900,2022-04-03,19:50:00,20:00:00,26.910262,75.783013,26.940262,75.813013,NULL
ypzv874752406,2022-04-01,21:20:00,21:25:00,12.326356,76.619103,12.376356,76.669103,NULL
yqaa252881286,2022-04-04,20:35:00,20:50:00,12.913041,77.683237,13.023041,77.793237,NULL
yqal552222489,2022-02-14,17:35:00,17:45:00,30.893244,75.821817,30.983244,75.911817,NULL
yqbh405681517,2022-03-11,10:40:00,10:50:00,21.160522,72.771477,21.180522,72.791477,NULL
yqdc827635246,2022-03-04,20:30:00,20:45:00,13.081878,80.248519,13.191878,80.358519,NULL
yqhn066005906,2022-03-31,20:50:00,21:05:00,12.933298,77.614293,13.003298,77.684293,NULL
yqll800862932,2022-03-25,20:25:00,20:30:00,21.185047,72.808590,21.295047,72.918590,NULL
yqmi031462259,2022-03-28,09:50:00,09:55:00,21.186608,72.794136,21.206608,72.814136,NULL
yqnd046488193,2022-03-08,18:25:00,18:40:00,22.753659,75.903365,22.833659,75.983365,NULL
yqnp795117362,2022-03-12,20:45:00,20:55:00,11.022477,76.995667,11.112477,77.085667,NULL
yqqs927517728,2022-04-02,18:15:00,18:25:00,21.149834,72.778666,21.219834,72.848666,NULL
yqva164231827,2022-03-12,20:30:00,20:35:00,21.160437,72.774209,21.290437,72.904209,NULL
yqwt947813315,2022-03-13,20:00:00,20:05:00,19.254567,72.848923,19.284567,72.878923,NULL
yqxj094614025,2022-03-21,11:10:00,11:25:00,12.986047,80.218114,12.996047,80.228114,NULL
yqxv797113423,2022-03-06,21:35:00,21:50:00,26.905287,75.794592,27.035287,75.924592,NULL
yrax299375133,2022-03-09,20:35:00,20:45:00,13.022394,80.242439,13.052394,80.272439,NULL
yrcq500204184,2022-03-17,18:50:00,19:00:00,13.022394,80.242439,13.082394,80.302439,NULL
yrdm860067971,2022-03-17,21:30:00,21:40:00,13.049645,80.242268,13.099645,80.292268,NULL
yrfv349678617,2022-03-20,22:25:00,22:30:00,12.297954,76.665169,12.407954,76.775169,NULL
yrhr209583505,2022-03-02,22:55:00,23:10:00,19.121999,72.908493,19.211999,72.998493,NULL
yrih838332088,2022-03-12,20:45:00,20:55:00,21.160437,72.774209,21.240437,72.854209,NULL
yrmo304398159,2022-04-06,19:25:00,19:30:00,22.311603,73.165012,22.421603,73.275012,NULL
yrnc619495199,2022-03-21,22:50:00,23:05:00,19.091458,72.827808,19.121458,72.857808,NULL
yrnz045948163,2022-04-06,21:50:00,22:05:00,13.086438,80.220672,13.156439,80.290672,NULL
yrog095372471,2022-04-02,23:25:00,23:35:00,0.000000,0.000000,0.090000,0.090000,NULL
yrog501626168,2022-04-01,14:00:00,14:15:00,17.422819,78.449578,17.462819,78.489578,NULL
yrrm304968118,2022-03-16,20:35:00,20:50:00,12.304569,76.643622,12.414569,76.753622,NULL
yrst080093325,2022-03-12,18:55:00,19:00:00,10.961850,76.971082,11.051850,77.061082,NULL
yrxq881388213,2022-04-04,19:50:00,20:05:00,22.732225,75.874765,22.812225,75.954765,NULL
yrxv783282166,2022-03-09,17:45:00,17:55:00,12.933284,77.615428,12.983284,77.665428,NULL
yrza564170738,2022-03-08,18:35:00,18:40:00,19.181300,72.836191,19.311300,72.966191,NULL
yrzf926850479,2022-03-10,21:00:00,21:15:00,22.761226,75.887522,22.891226,76.017522,NULL
yrzh518518776,2022-03-29,22:20:00,22:35:00,18.593481,73.785901,18.663481,73.855901,NULL
ysbq367426380,2022-03-17,23:45:00,23:50:00,18.536718,73.830327,18.586718,73.880327,NULL
yscr995080607,2022-03-11,15:10:00,15:15:00,19.221315,72.862381,19.261315,72.902381,NULL
ysdg709295274,2022-04-01,13:45:00,14:00:00,18.536562,73.896485,18.576562,73.936485,NULL
ysdr314069434,2022-03-06,19:20:00,19:35:00,13.045479,80.233110,13.155479,80.343110,NULL
ysfl024615890,2022-04-01,15:00:00,15:05:00,22.727021,75.884167,22.767021,75.924167,NULL
ysks666412220,2022-02-13,10:30:00,10:45:00,22.569367,88.433187,22.589367,88.453187,NULL
yskx271672040,2022-03-17,10:00:00,10:05:00,21.157729,72.768726,21.167729,72.778726,NULL
ysmo692492339,2022-02-18,22:15:00,22:20:00,19.878028,75.317475,19.958028,75.397475,NULL
ysnm581080917,2022-03-02,22:35:00,22:40:00,22.728163,75.884212,22.858163,76.014212,NULL
ysof955290928,2022-02-13,19:55:00,20:10:00,30.885915,75.788259,30.915915,75.818259,NULL
ysuh612317918,2022-03-05,19:15:00,19:25:00,23.354422,85.332900,23.384422,85.362900,NULL
yswe138481805,2022-03-15,17:55:00,18:10:00,18.516216,73.842527,18.566216,73.892527,NULL
ysww172290961,2022-03-26,17:35:00,17:45:00,0.000000,0.000000,0.030000,0.030000,NULL
ysxx503682478,2022-03-03,16:30:00,16:35:00,18.530963,73.828972,18.570963,73.868972,NULL
ysyk154561579,2022-03-16,19:15:00,19:25:00,12.308500,76.665808,12.398500,76.755808,NULL
yszi684851875,2022-03-28,15:00:00,15:05:00,23.359033,85.325347,23.399033,85.365347,NULL
ytda900616560,2022-03-15,10:10:00,10:15:00,11.000762,76.981876,11.010762,76.991876,NULL
ytiv942405192,2022-02-12,20:15:00,20:30:00,9.988483,76.295211,10.098483,76.405211,NULL
ytjt254132293,2022-03-07,10:45:00,10:55:00,18.536718,73.830327,18.546719,73.840328,NULL
ytol079995115,2022-03-23,23:55:00,00:05:00,26.902908,75.792934,26.982908,75.872934,NULL
ytpp336217907,2022-03-19,17:15:00,17:30:00,26.902328,75.794257,26.932328,75.824257,NULL
ytul609480135,2022-03-25,18:45:00,18:55:00,19.109300,72.825451,19.179300,72.895451,NULL
ytup671790555,2022-03-08,21:45:00,22:00:00,26.846156,75.802300,26.956156,75.912300,NULL
ytvd567194993,2022-03-17,21:25:00,21:35:00,26.849596,75.800512,26.909596,75.860512,NULL
ytwu312716680,2022-03-03,18:30:00,18:35:00,0.000000,0.000000,0.050000,0.050000,NULL
yucd410527852,2022-03-11,19:45:00,19:50:00,17.429585,78.392621,17.489585,78.452621,NULL
yucn329575836,2022-03-23,18:50:00,19:05:00,12.972532,77.608179,13.082532,77.718179,NULL
yudc399220195,2022-03-21,11:25:00,11:30:00,0.000000,0.000000,0.010000,0.010000,NULL
yueg775506249,2022-03-11,09:30:00,09:45:00,13.081878,80.248519,13.101878,80.268519,NULL
yuge567956082,2022-03-20,21:00:00,21:15:00,26.911927,75.797282,26.991927,75.877282,NULL
yukt310244855,2022-04-02,23:00:00,23:15:00,26.902908,75.792934,27.042908,75.932934,NULL
yulk467935835,2022-03-06,17:30:00,17:45:00,18.927584,72.832585,19.057584,72.962585,NULL
yulv740210169,2022-03-19,17:15:00,17:30:00,26.905190,75.810753,26.955190,75.860753,NULL
yumx789724453,2022-03-04,23:15:00,23:20:00,19.131141,72.813074,19.211140,72.893074,NULL
yuoj690810061,2022-04-05,09:10:00,09:20:00,23.333017,85.317200,23.353017,85.337200,NULL
yupz231715678,2022-03-21,09:50:00,10:00:00,12.308500,76.665808,12.318500,76.675808,NULL
yuqb400103668,2022-04-04,23:55:00,00:05:00,19.221315,72.862381,19.291315,72.932381,NULL
yusu347196532,2022-02-17,11:15:00,11:20:00,30.914057,75.839820,30.924057,75.849820,NULL
yutf730316949,2022-03-25,19:10:00,19:15:00,26.914142,75.805704,27.044142,75.935704,NULL
yvac893026972,2022-03-07,22:00:00,22:10:00,0.000000,0.000000,0.050000,0.050000,NULL
yvao985622585,2022-03-05,22:40:00,22:55:00,22.320000,73.170000,22.380000,73.230000,NULL
yvas806073879,2022-03-12,00:00:00,00:15:00,22.311358,73.164798,22.441358,73.294798,NULL
yvdy289011095,2022-02-13,11:55:00,12:00:00,26.483672,80.320708,26.503672,80.340708,NULL
yvhg138600989,2022-02-13,12:15:00,12:20:00,0.000000,0.000000,0.040000,0.040000,NULL
yvht711054527,2022-03-16,22:10:00,22:15:00,22.760072,75.892574,22.870072,76.002574,NULL
yvic422029037,2022-04-04,21:10:00,21:15:00,12.337928,76.617889,12.407928,76.687889,NULL
yvio593523265,2022-03-29,22:50:00,23:05:00,18.543626,73.905101,18.613626,73.975101,NULL
yviy799619448,2022-03-21,23:35:00,23:50:00,26.905287,75.794592,26.955287,75.844592,NULL
yvnf819771034,2022-03-03,08:55:00,09:00:00,21.160522,72.771477,21.170522,72.781477,NULL
yvnz160059453,2022-03-19,20:00:00,20:10:00,26.888420,75.800689,26.918420,75.830689,NULL
yvoo274974201,2022-03-12,18:00:00,18:10:00,18.994237,72.825553,19.084237,72.915553,NULL
yvpo404121250,2022-03-31,21:00:00,21:10:00,12.913041,77.683237,13.023041,77.793237,NULL
yvqu456242706,2022-03-17,18:20:00,18:30:00,21.170798,72.790489,21.230798,72.850489,NULL
yvqw757580138,2022-03-21,10:20:00,10:30:00,19.091458,72.827808,19.111458,72.847808,NULL
yvrk588218176,2022-04-02,18:40:00,18:50:00,26.891191,75.802083,26.971191,75.882083,NULL
yvwp114896849,2022-03-07,11:55:00,12:10:00,13.005801,80.250744,13.015801,80.260744,NULL
yvxm350263406,2022-03-14,21:20:00,21:30:00,22.725835,75.887648,22.815835,75.977648,NULL
ywae814271039,2022-04-01,20:10:00,20:15:00,23.351058,85.325731,23.411058,85.385731,NULL
yway073344258,2022-03-18,20:40:00,20:50:00,21.157735,72.768778,21.237735,72.848778,NULL
ywja564610231,2022-03-07,23:40:00,23:45:00,12.933284,77.615428,12.963284,77.645428,NULL
ywjk101580538,2022-03-20,21:10:00,21:25:00,21.175975,72.795503,21.285975,72.905503,NULL
ywnn250358661,2022-03-06,22:40:00,22:55:00,0.000000,0.000000,0.070000,0.070000,NULL
ywpy115272603,2022-03-15,22:15:00,22:30:00,11.016298,76.972076,11.046298,77.002076,NULL
ywqd911535741,2022-03-19,18:20:00,18:25:00,13.086438,80.220672,13.146439,80.280672,NULL
ywqt342960968,2022-03-03,08:20:00,08:35:00,22.310329,73.169083,22.320329,73.179083,NULL
ywsb155424582,2022-02-11,16:15:00,16:25:00,0.000000,0.000000,0.040000,0.040000,NULL
ywsx516155127,2022-04-05,14:30:00,14:45:00,19.181300,72.836191,19.221300,72.876191,NULL
ywur077316089,2022-03-13,11:10:00,11:25:00,12.933284,77.615428,12.943284,77.625428,NULL
ywwd722727222,2022-04-05,11:25:00,11:30:00,17.433809,78.386744,17.443809,78.396744,NULL
ywwu975181089,2022-03-13,17:10:00,17:25:00,13.054347,80.257221,13.084347,80.287221,NULL
ywwx517366577,2022-03-29,22:35:00,22:50:00,12.297954,76.665169,12.377954,76.745169,NULL
ywxc087983672,2022-03-07,08:25:00,08:30:00,23.374989,85.335486,23.384989,85.345486,NULL
ywxc808340866,2022-03-01,09:00:00,09:05:00,17.450851,78.379347,17.470851,78.399347,NULL
ywzc578276300,2022-03-07,18:55:00,19:05:00,11.022477,76.995667,11.082477,77.055667,NULL
ywze466486094,2022-02-14,20:55:00,21:00:00,26.492106,80.327797,26.572106,80.407797,NULL
ywzw855328477,2022-03-11,18:45:00,18:50:00,13.058616,80.264151,13.088616,80.294151,NULL
yxah768474316,2022-03-18,19:35:00,19:50:00,17.450851,78.379347,17.520851,78.449347,NULL
yxbk739254885,2022-02-17,20:45:00,21:00:00,26.463504,80.372929,26.523504,80.432929,NULL
yxel261089528,2022-02-11,21:20:00,21:25:00,30.893244,75.821817,30.943244,75.871817,NULL
yxeq114093875,2022-03-21,15:35:00,15:45:00,13.044694,80.261470,13.084694,80.301470,NULL
yxez166451405,2022-02-16,21:30:00,21:40:00,9.966783,76.242981,10.046783,76.322981,NULL
yxfg152112661,2022-03-08,18:45:00,19:00:00,12.935662,77.614130,13.065662,77.744130,NULL
yxhi412775541,2022-03-11,19:25:00,19:40:00,12.934179,77.615797,12.984179,77.665797,NULL
yxkl960989592,2022-03-21,19:00:00,19:15:00,19.103249,72.846749,19.153249,72.896749,NULL
yxlt873894208,2022-03-26,10:15:00,10:25:00,12.978453,77.643685,12.988453,77.653685,NULL
yxmw362788927,2022-03-15,23:25:00,23:40:00,10.994136,76.963303,11.024136,76.993303,NULL
yxne386132805,2022-03-20,20:15:00,20:30:00,19.091458,72.827808,19.221458,72.957808,NULL
yxnm378026327,2022-03-19,08:35:00,08:45:00,12.321214,76.621094,12.341214,76.641094,NULL
yxny917723852,2022-04-03,17:55:00,18:10:00,22.753839,75.897429,22.813838,75.957429,NULL
yxpj985482348,2022-03-05,09:35:00,09:40:00,17.430448,78.418213,17.450448,78.438213,NULL
yxpo625098790,2022-03-24,21:55:00,22:10:00,18.536562,73.896485,18.596562,73.956485,NULL
yxsb114848857,2022-03-20,21:35:00,21:40:00,22.732225,75.874765,22.862225,76.004765,NULL
yxtg242359123,2022-03-31,23:10:00,23:15:00,21.171060,72.789292,21.251060,72.869292,NULL
yxtk205462394,2022-03-07,22:55:00,23:10:00,0.000000,0.000000,0.050000,0.050000,NULL
yxuu680446981,2022-03-31,23:15:00,23:25:00,18.994049,72.825203,19.064049,72.895203,NULL
yxvx817952532,2022-03-11,13:30:00,13:35:00,21.186438,72.794115,21.226438,72.834115,NULL
yxxy817337970,2022-04-05,15:35:00,15:50:00,22.753659,75.903365,22.793659,75.943365,NULL
yxzp714134058,2022-03-12,17:30:00,17:35:00,18.516216,73.842527,18.606216,73.932527,NULL
yxzu551103327,2022-04-04,17:10:00,17:25:00,13.027018,80.254791,13.117018,80.344791,NULL
yydu345121262,2022-03-31,23:40:00,23:45:00,17.483216,78.552111,17.593216,78.662111,NULL
yygc057921496,2022-03-03,18:40:00,18:55:00,12.297954,76.665169,12.357954,76.725169,NULL
yygs404468003,2022-03-23,21:00:00,21:10:00,12.325461,76.632278,12.455461,76.762278,NULL
yyiw263277991,2022-03-15,22:50:00,23:05:00,11.010375,76.952950,11.060375,77.002950,NULL
yyiw553476705,2022-03-09,12:55:00,13:00:00,12.311072,76.654878,12.351072,76.694878,NULL
yymc129351410,2022-03-26,17:45:00,18:00:00,12.316967,76.603067,12.346967,76.633067,NULL
yyni059000825,2022-04-01,13:35:00,13:40:00,19.181300,72.836191,19.221300,72.876191,NULL
yyny933118563,2022-03-09,18:20:00,18:35:00,11.006686,76.951736,11.056686,77.001736,NULL
yytb178935909,2022-04-05,10:30:00,10:35:00,13.044694,80.261470,13.054694,80.271470,NULL
yyyi402665259,2022-03-07,08:30:00,08:45:00,18.533811,73.899315,18.553811,73.919315,NULL
yyyu517087361,2022-03-01,18:40:00,18:50:00,13.058616,80.264151,13.118616,80.324151,NULL
yyzl421231483,2022-03-30,21:45:00,22:00:00,11.022298,76.998349,11.082298,77.058349,NULL
yzbx667733486,2022-03-28,23:40:00,23:45:00,26.911927,75.797282,26.961927,75.847282,NULL
yzcf789834547,2022-03-31,21:10:00,21:15:00,26.902908,75.792934,27.012908,75.902934,NULL
yzco846093054,2022-03-28,23:40:00,23:50:00,10.961850,76.971082,10.991850,77.001082,NULL
yzdf648272644,2022-03-09,12:15:00,12:20:00,21.175104,72.804342,21.215104,72.844342,NULL
yzei672290668,2022-04-05,18:45:00,19:00:00,21.175104,72.804342,21.235104,72.864342,NULL
yzeu982657292,2022-03-28,23:00:00,23:15:00,22.745049,75.892471,22.775049,75.922471,NULL
yzgr963026023,2022-02-18,23:40:00,23:55:00,25.449872,81.836167,25.559872,81.946167,NULL
yzhd345031673,2022-03-03,10:25:00,10:35:00,0.000000,0.000000,0.020000,0.020000,NULL
yzju683015604,2022-03-02,19:45:00,19:50:00,0.000000,0.000000,0.090000,0.090000,NULL
yzkq472900014,2022-03-08,21:40:00,21:50:00,12.323194,76.630583,12.453194,76.760583,NULL
yzme432722194,2022-03-24,14:45:00,15:00:00,12.935662,77.614130,12.975662,77.654130,NULL
yzmu369530007,2022-03-09,23:35:00,23:40:00,26.902940,75.793007,26.962940,75.853007,NULL
yzmw146667615,2022-03-04,19:25:00,19:40:00,0.000000,0.000000,0.090000,0.090000,NULL
yznd893988058,2022-03-10,18:35:00,18:50:00,17.412330,78.449654,17.522330,78.559654,NULL
yzol112397428,2022-02-11,22:15:00,22:30:00,0.000000,0.000000,0.060000,0.060000,NULL
yzom076942878,2022-02-11,13:25:00,13:40:00,0.000000,0.000000,0.040000,0.040000,NULL
yzpm381886115,2022-03-11,18:20:00,18:35:00,13.029198,77.570997,13.079198,77.620997,NULL
yzpp529647771,2022-03-07,10:15:00,10:20:00,11.006686,76.951736,11.026686,76.971736,NULL
yzui208912906,2022-03-02,21:40:00,21:50:00,22.310329,73.169083,22.380329,73.239083,NULL
yzxg547462979,2022-03-04,20:40:00,20:50:00,12.352058,76.606650,12.422058,76.676650,NULL
yzxo977375674,2022-03-30,11:15:00,11:30:00,18.533811,73.899315,18.543811,73.909315,NULL
yzxw139981443,2022-03-19,23:55:00,00:05:00,21.149569,72.772697,21.179569,72.802697,NULL
yzzt542696540,2022-02-14,21:00:00,21:10:00,30.366322,78.070453,30.476322,78.180453,NULL
zaaq865634425,2022-03-01,21:55:00,22:10:00,12.933298,77.614293,12.993298,77.674293,NULL
zabp328475966,2022-02-14,19:00:00,19:15:00,0.000000,0.000000,0.090000,0.090000,NULL
zadl014265107,2022-04-05,19:45:00,19:55:00,21.173493,72.801953,21.223493,72.851953,NULL
zaed073280209,2022-03-27,18:10:00,18:25:00,12.310972,76.659264,12.440972,76.789264,NULL
zagf517286818,2022-03-08,18:00:00,18:05:00,26.913483,75.803139,26.983483,75.873139,NULL
zahd969584132,2022-03-08,18:35:00,18:45:00,0.000000,0.000000,0.090000,0.090000,NULL
zaki283482693,2022-04-05,12:30:00,12:35:00,19.207222,72.972281,19.247222,73.012281,NULL
zaox081153011,2022-03-10,18:15:00,18:30:00,26.910262,75.783013,27.050262,75.923013,NULL
zapb300805466,2022-03-24,20:45:00,21:00:00,22.725835,75.887648,22.785835,75.947648,NULL
zasc175940612,2022-04-01,13:25:00,13:30:00,0.000000,0.000000,0.040000,0.040000,NULL
zatq402906658,2022-02-11,14:00:00,14:10:00,0.000000,0.000000,0.040000,0.040000,NULL
zaul471496258,2022-02-18,18:15:00,18:25:00,0.000000,0.000000,0.070000,0.070000,NULL
zavx805583971,2022-03-18,22:10:00,22:25:00,23.399250,85.390464,23.529250,85.520464,NULL
zawj660763479,2022-03-07,21:10:00,21:20:00,21.186884,72.793616,21.236884,72.843616,NULL
zaxa097648358,2022-04-06,18:40:00,18:55:00,12.325461,76.632278,12.415461,76.722278,NULL
zayq005312106,2022-03-20,17:50:00,17:55:00,12.933298,77.614293,13.063298,77.744293,NULL
zazf712069296,2022-03-10,19:30:00,19:35:00,21.175104,72.804342,21.245104,72.874342,NULL
zbbz088981512,2022-04-05,18:35:00,18:50:00,26.911927,75.797282,26.961927,75.847282,NULL
zbcs216339350,2022-03-24,08:30:00,08:40:00,22.725835,75.887648,22.735835,75.897648,NULL
zbel647135442,2022-03-09,20:30:00,20:35:00,18.520016,73.830547,18.570016,73.880547,NULL
zbhm732271832,2022-03-10,20:15:00,20:25:00,12.933298,77.614293,13.063298,77.744293,NULL
zbip593133778,2022-02-11,17:40:00,17:50:00,30.873988,75.842739,30.933988,75.902739,NULL
zbiw638143337,2022-03-16,23:25:00,23:30:00,18.536718,73.830327,18.646718,73.940327,NULL
zbqu698992335,2022-02-16,23:15:00,23:25:00,27.161661,78.011544,27.291661,78.141544,NULL
zbrj679473046,2022-03-02,17:15:00,17:25:00,12.972532,77.608179,13.062532,77.698179,NULL
zbrn646735678,2022-03-13,19:10:00,19:15:00,21.173493,72.801953,21.203493,72.831953,NULL
zbsv312578013,2022-04-03,11:25:00,11:40:00,11.003681,76.975525,11.023681,76.995525,NULL
zbwm782393236,2022-03-25,21:25:00,21:35:00,22.311844,73.165081,22.441844,73.295081,NULL
zbwy858307599,2022-03-03,21:25:00,21:35:00,22.310329,73.169083,22.370329,73.229083,NULL
zbxu399891963,2022-03-17,11:30:00,11:35:00,12.934365,77.616155,12.954365,77.636155,NULL
zbyb285470535,2022-03-02,21:40:00,21:45:00,26.902908,75.792934,27.032908,75.922934,NULL
zbyk417020424,2022-02-15,17:40:00,17:50:00,0.000000,0.000000,0.060000,0.060000,NULL
zchp411311544,2022-03-02,17:10:00,17:15:00,11.001753,76.986241,11.081753,77.066241,NULL
zcit419596764,2022-02-14,23:25:00,23:40:00,10.006881,76.345397,10.096881,76.435397,NULL
zcjo883682431,2022-02-13,08:35:00,08:45:00,26.471529,80.313458,26.481529,80.323458,NULL
zcma684662490,2022-03-16,18:10:00,18:15:00,13.029780,80.208812,13.159780,80.338812,NULL
zcno747914023,2022-04-03,18:55:00,19:10:00,21.186608,72.794136,21.216608,72.824136,NULL
zcuf752106295,2022-03-13,10:20:00,10:35:00,26.902940,75.793007,26.922940,75.813007,NULL
zcwv023640772,2022-03-11,20:30:00,20:40:00,21.160522,72.771477,21.220522,72.831477,NULL
zcym351792362,2022-04-05,11:15:00,11:30:00,22.310329,73.169083,22.320329,73.179083,NULL
zczc056892141,2022-02-15,20:00:00,20:05:00,0.000000,0.000000,0.030000,0.030000,NULL
zczg751287432,2022-04-04,20:15:00,20:30:00,12.979166,77.640709,13.089166,77.750709,NULL
zdao834795724,2022-03-24,10:10:00,10:20:00,0.000000,0.000000,0.010000,0.010000,NULL
zdav540218057,2022-03-28,11:35:00,11:40:00,0.000000,0.000000,0.010000,0.010000,NULL
zdbx068942291,2022-02-13,10:40:00,10:45:00,26.472001,80.354002,26.482001,80.364002,NULL
zdcf935766845,2022-04-01,17:20:00,17:35:00,12.979166,77.640709,13.009166,77.670709,NULL
zdfh076201765,2022-03-05,17:55:00,18:10:00,12.970221,77.645396,13.000221,77.675396,NULL
zdfk388011756,2022-03-30,10:15:00,10:25:00,12.979096,77.640625,12.999096,77.660625,NULL
zdfn536693126,2022-03-15,13:45:00,14:00:00,19.176269,72.836721,19.216269,72.876721,NULL
zdic002651358,2022-04-06,20:45:00,20:55:00,11.025083,77.015393,11.095083,77.085393,NULL
zdic040789011,2022-03-15,09:40:00,09:45:00,12.981615,80.231598,12.991615,80.241598,NULL
zdkr234442887,2022-03-28,08:20:00,08:25:00,22.725748,75.898497,22.735747,75.908497,NULL
zdkx295276107,2022-02-15,10:00:00,10:05:00,23.218998,77.373573,23.238998,77.393573,NULL
zdnm751640459,2022-03-25,18:35:00,18:45:00,17.431477,78.400350,17.521477,78.490350,NULL
zdnq498889156,2022-03-05,19:55:00,20:10:00,12.337928,76.617889,12.397928,76.677889,NULL
zdoh092529184,2022-03-26,11:10:00,11:20:00,17.424114,78.347554,17.444114,78.367554,NULL
zdoi471257179,2022-03-27,17:25:00,17:35:00,13.045479,80.233110,13.115479,80.303110,NULL
zdos712595657,2022-03-03,19:20:00,19:25:00,18.530963,73.828972,18.560963,73.858972,NULL
zdpy844776470,2022-04-01,21:45:00,22:00:00,13.026279,80.174568,13.076279,80.224568,NULL
zdrs093270017,2022-02-17,18:40:00,18:50:00,15.561295,73.749478,15.591295,73.779478,NULL
zdsh197495866,2022-03-08,17:55:00,18:00:00,26.914142,75.805704,27.004142,75.895704,NULL
zdux864671099,2022-03-26,17:10:00,17:15:00,13.091809,80.219104,13.121809,80.249104,NULL
zdvi265864937,2022-03-21,10:15:00,10:20:00,18.520016,73.830547,18.530016,73.840547,NULL
zdvk972472537,2022-03-16,18:20:00,18:30:00,18.530963,73.828972,18.640963,73.938972,NULL
zdvo775356065,2022-02-12,23:50:00,00:05:00,0.000000,0.000000,0.130000,0.130000,NULL
zdyw098408444,2022-03-16,22:30:00,22:45:00,26.913726,75.752820,26.993726,75.832820,NULL
zdzr664049695,2022-03-03,20:20:00,20:35:00,23.371292,85.327872,23.401292,85.357872,NULL
zdzs945116149,2022-02-17,15:40:00,15:50:00,30.895817,75.813112,30.935817,75.853112,NULL
zeaw181992534,2022-03-04,18:25:00,18:35:00,26.846156,75.802300,26.926156,75.882300,NULL
zeeb860592210,2022-03-23,22:00:00,22:15:00,22.745049,75.892471,22.835049,75.982471,NULL
zefh298376403,2022-03-23,21:25:00,21:40:00,13.045479,80.233110,13.115479,80.303110,NULL
zegc244503262,2022-03-07,08:45:00,08:55:00,12.284747,76.625861,12.304747,76.645861,NULL
zehk787302485,2022-03-20,21:20:00,21:25:00,18.593481,73.785901,18.663481,73.855901,NULL
zehw760218436,2022-03-21,09:40:00,09:50:00,23.351489,85.324253,23.371489,85.344253,NULL
zejt800893242,2022-03-31,19:40:00,19:55:00,26.910262,75.783013,26.980262,75.853013,NULL
zeky102204416,2022-03-02,19:00:00,19:15:00,23.399250,85.390464,23.469250,85.460464,NULL
zelq053272257,2022-03-17,18:40:00,18:45:00,11.021278,76.995017,11.051278,77.025017,NULL
zenk239810683,2022-03-02,17:15:00,17:25:00,17.410371,78.437225,17.540371,78.567225,NULL
zeob784266668,2022-04-05,18:30:00,18:40:00,11.003681,76.975525,11.063681,77.035525,NULL
zeod948580689,2022-03-18,18:35:00,18:40:00,19.055831,72.833984,19.185831,72.963984,NULL
zesi217564105,2022-03-12,23:35:00,23:40:00,18.514210,73.838429,18.604210,73.928429,NULL
zeso156672673,2022-02-14,18:20:00,18:35:00,0.000000,0.000000,0.080000,0.080000,NULL
zevd507880239,2022-02-13,12:35:00,12:50:00,19.875908,75.358888,19.915908,75.398888,NULL
zevr695695096,2022-02-16,17:15:00,17:30:00,30.332735,78.054222,30.462735,78.184222,NULL
zexh386955860,2022-03-04,23:00:00,23:10:00,12.986047,80.218114,13.116047,80.348114,NULL
zexy153264880,2022-03-02,17:30:00,17:35:00,26.905190,75.810753,26.975190,75.880753,NULL
zfah557831274,2022-03-13,09:20:00,09:30:00,11.025083,77.015393,11.045083,77.035393,NULL
zfcs330506510,2022-03-10,19:25:00,19:30:00,26.888420,75.800689,26.968420,75.880689,NULL
zfdv091777071,2022-03-09,23:10:00,23:15:00,12.323978,76.627961,12.373978,76.677961,NULL
zfek821316442,2022-03-04,18:55:00,19:10:00,21.149669,72.772629,21.219669,72.842629,NULL
zffl252818186,2022-03-26,09:55:00,10:10:00,17.429585,78.392621,17.449585,78.412621,NULL
zfga757406663,2022-03-13,19:50:00,20:05:00,22.695207,75.866059,22.725207,75.896059,NULL
zfgf746938367,2022-03-09,18:10:00,18:25:00,12.972532,77.608179,13.022532,77.658179,NULL
zfme315463215,2022-03-18,21:55:00,22:10:00,12.321214,76.621094,12.411214,76.711094,NULL
zfmv342225346,2022-02-18,17:10:00,17:15:00,9.985497,76.276999,10.055497,76.346999,NULL
zfpd591716557,2022-03-19,09:20:00,09:30:00,26.921411,75.793604,26.941411,75.813604,NULL
zfpf568457668,2022-03-16,20:55:00,21:00:00,18.927584,72.832585,18.997584,72.902585,NULL
zfrb241209579,2022-03-30,22:10:00,22:20:00,11.006686,76.951736,11.036686,76.981736,NULL
zfsw922890913,2022-02-16,18:00:00,18:10:00,22.577821,88.400581,22.707821,88.530581,NULL
zfxe533340329,2022-04-04,23:40:00,23:50:00,17.426228,78.407495,17.506228,78.487495,NULL
zfxm976843083,2022-02-18,21:40:00,21:55:00,0.000000,0.000000,0.070000,0.070000,NULL
zgdu330581471,2022-03-29,19:30:00,19:45:00,11.003008,76.975440,11.113008,77.085440,NULL
zgkm251317448,2022-03-05,19:50:00,19:55:00,17.431668,78.408321,17.481668,78.458321,NULL
zgkr782817799,2022-03-20,22:25:00,22:40:00,21.173343,72.792731,21.263343,72.882731,NULL
zglv584376888,2022-03-13,13:00:00,13:10:00,22.761593,75.886362,22.801593,75.926362,NULL
zgmj744878922,2022-02-15,21:00:00,21:15:00,26.471529,80.313458,26.531529,80.373458,NULL
zgqx914381082,2022-03-19,10:35:00,10:50:00,17.422819,78.449578,17.432819,78.459578,NULL
zgsv315782988,2022-03-16,20:35:00,20:40:00,13.081878,80.248519,13.171878,80.338519,NULL
zgus506380717,2022-03-07,18:35:00,18:40:00,13.049645,80.242268,13.079645,80.272268,NULL
zguw716275638,2022-03-26,13:30:00,13:45:00,12.972793,80.249982,13.012793,80.289982,NULL
zgxf068711029,2022-03-13,13:45:00,13:50:00,12.979166,77.640709,13.019166,77.680709,NULL
zgxx725421952,2022-02-17,22:45:00,23:00:00,15.493950,73.827423,15.553950,73.887423,NULL
zgzh973181378,2022-03-06,20:45:00,21:00:00,22.753659,75.903365,22.833659,75.983365,NULL
zhab316861798,2022-03-28,19:30:00,19:35:00,19.091458,72.827808,19.151458,72.887808,NULL
zhao551529857,2022-04-03,08:20:00,08:30:00,13.091809,80.219104,13.111809,80.239104,NULL
zhbt607424808,2022-03-12,20:35:00,20:50:00,12.323225,76.630028,12.403225,76.710028,NULL
zhbv507383833,2022-03-19,22:15:00,22:30:00,17.412330,78.449654,17.442330,78.479654,NULL
zhfm653065235,2022-03-10,18:30:00,18:45:00,0.000000,0.000000,0.090000,0.090000,NULL
zhhk913246782,2022-03-30,00:00:00,00:10:00,17.429585,78.392621,17.479585,78.442621,NULL
zhhx122382345,2022-02-15,08:10:00,08:20:00,0.000000,0.000000,0.010000,0.010000,NULL
zhjl476671500,2022-03-29,17:45:00,17:50:00,23.355164,85.324097,23.465164,85.434097,NULL
zhlf907550317,2022-02-16,19:55:00,20:00:00,23.233219,77.433571,23.323219,77.523571,NULL
zhnk364838870,2022-04-01,17:40:00,17:50:00,23.399250,85.390464,23.449250,85.440464,NULL
zhnz171427500,2022-03-18,18:15:00,18:20:00,22.751857,75.866699,22.831857,75.946699,NULL
zhpi940205057,2022-02-14,17:50:00,17:55:00,0.000000,0.000000,0.110000,0.110000,NULL
zhqf964903529,2022-03-01,14:15:00,14:30:00,21.186608,72.794136,21.226608,72.834136,NULL
zhvc197658271,2022-03-12,18:50:00,18:55:00,22.310526,73.170937,22.380526,73.240937,NULL
zhwn765940786,2022-03-26,20:15:00,20:30:00,23.359194,85.325447,23.389194,85.355447,NULL
zhyh923059365,2022-04-03,19:35:00,19:50:00,12.337928,76.617889,12.387928,76.667889,NULL
zhyo265634674,2022-04-06,19:55:00,20:10:00,22.310237,73.158921,22.390237,73.238921,NULL
zibc134964063,2022-03-25,22:25:00,22:40:00,19.055831,72.833984,19.135831,72.913984,NULL
zien678456646,2022-03-09,13:30:00,13:35:00,12.933298,77.614293,12.973298,77.654293,NULL
zije999660543,2022-02-12,18:20:00,18:35:00,23.211529,77.419399,23.291529,77.499399,NULL
zijt282014118,2022-03-19,14:15:00,14:30:00,21.173343,72.792731,21.213343,72.832731,NULL
zijw218893071,2022-03-02,22:00:00,22:05:00,26.914142,75.805704,26.984142,75.875704,NULL
ziky811645165,2022-03-03,16:50:00,16:55:00,12.972532,77.608179,13.012532,77.648179,NULL
zilu192651272,2022-03-19,15:25:00,15:35:00,26.910262,75.783013,26.950262,75.823013,NULL
zina392045087,2022-03-02,21:55:00,22:00:00,13.091809,80.219104,13.181809,80.309104,NULL
ziox156277640,2022-03-26,21:55:00,22:10:00,26.891191,75.802083,26.941191,75.852083,NULL
zipf682806682,2022-03-07,15:50:00,15:55:00,18.536562,73.896485,18.576562,73.936485,NULL
zipy677397103,2022-04-02,21:35:00,21:45:00,18.593481,73.785901,18.703481,73.895901,NULL
ziwr829378069,2022-04-04,20:50:00,21:00:00,17.458998,78.500366,17.528998,78.570366,NULL
zixq080869885,2022-04-03,23:45:00,00:00:00,13.081878,80.248519,13.141878,80.308519,NULL
zixq123413307,2022-03-14,23:10:00,23:20:00,21.160437,72.774209,21.230437,72.844209,NULL
ziyc225083622,2022-03-14,21:30:00,21:45:00,11.016298,76.972076,11.086298,77.042076,NULL
zizi079416312,2022-03-28,18:00:00,18:15:00,12.986047,80.218114,13.016047,80.248114,NULL
zjbm251739103,2022-04-05,09:35:00,09:50:00,12.334022,76.618203,12.354022,76.638203,NULL
zjco411510237,2022-02-11,22:55:00,23:00:00,22.538731,88.364878,22.568731,88.394878,NULL
zjeq913439507,2022-04-01,19:50:00,20:05:00,22.310329,73.169083,22.340329,73.199083,NULL
zjff035106377,2022-02-13,18:00:00,18:15:00,25.452350,81.841889,25.482350,81.871889,NULL
zjff446988010,2022-03-10,22:55:00,23:00:00,22.725748,75.898497,22.855747,76.028497,NULL
zjgh066097748,2022-03-18,21:55:00,22:00:00,22.753659,75.903365,22.863659,76.013365,NULL
zjna855510884,2022-03-30,09:15:00,09:25:00,11.001852,76.976268,11.011852,76.986268,NULL
zjpw654641825,2022-03-20,20:30:00,20:40:00,23.369746,85.339820,23.459746,85.429820,NULL
zjqe503133734,2022-04-01,10:55:00,11:05:00,18.569156,73.774723,18.579156,73.784723,NULL
zjqg885613520,2022-03-20,21:40:00,21:55:00,12.939496,77.625999,13.009496,77.695999,NULL
zjrs690875618,2022-03-09,21:20:00,21:35:00,11.021278,76.995017,11.051278,77.025017,NULL
zjym328571448,2022-03-05,22:50:00,23:00:00,12.980410,77.640489,13.030410,77.690489,NULL
zkab244012823,2022-03-23,20:55:00,21:05:00,26.910262,75.783013,26.980262,75.853013,NULL
zkat983341391,2022-03-14,17:25:00,17:30:00,13.064181,80.236442,13.134181,80.306442,NULL
zkbt145088698,2022-02-13,09:30:00,09:45:00,23.234631,77.401663,23.244631,77.411663,NULL
zkdf262791140,2022-03-18,23:10:00,23:25:00,0.000000,0.000000,0.070000,0.070000,NULL
zkdv387386063,2022-03-16,21:10:00,21:20:00,12.986047,80.218114,13.096047,80.328114,NULL
zkfe795745866,2022-03-19,12:20:00,12:25:00,12.978453,77.643685,13.018453,77.683685,NULL
zkjo208779739,2022-03-07,19:10:00,19:15:00,23.374989,85.335486,23.424989,85.385486,NULL
zkjv832024576,2022-03-12,23:00:00,23:05:00,18.569156,73.774723,18.649156,73.854723,NULL
zkks967394571,2022-03-19,12:35:00,12:45:00,22.311358,73.164798,22.351358,73.204798,NULL
zkky000698343,2022-03-15,17:25:00,17:35:00,0.000000,0.000000,0.060000,0.060000,NULL
zkna825039203,2022-03-14,19:15:00,19:25:00,12.933298,77.614293,13.023298,77.704293,NULL
zkqi058980465,2022-02-11,18:25:00,18:30:00,26.492106,80.327797,26.522106,80.357797,NULL
zkrs391433314,2022-03-30,12:00:00,12:15:00,12.323194,76.630583,12.333194,76.640583,NULL
zkun393659280,2022-02-16,18:40:00,18:55:00,30.328174,78.049117,30.398174,78.119117,NULL
zkxt178763782,2022-03-26,19:15:00,19:25:00,13.049645,80.242268,13.099645,80.292268,NULL
zlcm795242431,2022-03-27,18:40:00,18:50:00,23.371292,85.327872,23.441292,85.397872,NULL
zlff395991933,2022-03-15,18:50:00,19:00:00,26.913987,75.752891,26.943987,75.782891,NULL
zlju024540653,2022-02-12,17:25:00,17:40:00,27.163303,78.057044,27.243303,78.137044,NULL
zlkm130975985,2022-03-15,09:10:00,09:20:00,17.431668,78.408321,17.441668,78.418321,NULL
zlns816481551,2022-03-09,16:55:00,17:00:00,22.307898,73.167788,22.347898,73.207788,NULL
zlqf893199781,2022-02-17,23:20:00,23:35:00,15.303897,73.914336,15.363897,73.974336,NULL
zltp063592100,2022-03-15,21:30:00,21:35:00,22.750040,75.902847,22.800040,75.952847,NULL
zltw963814213,2022-03-26,19:55:00,20:10:00,21.183434,72.814492,21.243434,72.874492,NULL
zlvf197968302,2022-03-20,17:35:00,17:40:00,11.022298,76.998349,11.112298,77.088349,NULL
zlxg262251128,2022-03-02,23:40:00,23:45:00,0.000000,0.000000,0.090000,0.090000,NULL
zlza151086068,2022-03-13,11:15:00,11:30:00,18.514210,73.838429,18.534210,73.858429,NULL
zmab402299632,2022-03-19,17:10:00,17:20:00,12.906229,77.596791,12.966229,77.656791,NULL
zmaw567281114,2022-03-06,20:15:00,20:20:00,12.337978,76.616792,12.447978,76.726792,NULL
zmcw190790114,2022-02-18,22:45:00,22:55:00,22.533662,88.366217,22.603662,88.436217,NULL
zmec037740178,2022-03-10,20:50:00,21:05:00,26.902328,75.794257,27.032328,75.924257,NULL
zmfe539047459,2022-03-17,22:30:00,22:45:00,12.297954,76.665169,12.327954,76.695169,NULL
zmfy302009946,2022-02-12,21:25:00,21:40:00,23.234631,77.401663,23.344631,77.511663,NULL
zmge462629513,2022-02-11,15:25:00,15:40:00,25.459775,81.834841,25.499775,81.874841,NULL
zmgj919602822,2022-04-02,22:10:00,22:25:00,12.323978,76.627961,12.393978,76.697961,NULL
zmhw900208294,2022-03-25,22:40:00,22:45:00,0.000000,0.000000,0.090000,0.090000,NULL
zmic421481175,2022-02-13,22:10:00,22:15:00,10.020683,76.310631,10.070683,76.360631,NULL
zmja155883934,2022-04-05,08:50:00,08:55:00,17.410371,78.437225,17.430371,78.457225,NULL
zmmg903897443,2022-03-04,19:55:00,20:10:00,23.353783,85.326967,23.443783,85.416967,NULL
zmmp444485902,2022-03-15,08:20:00,08:25:00,18.592718,73.773572,18.602718,73.783572,NULL
zmnl146544808,2022-03-30,23:50:00,23:55:00,22.745536,75.893106,22.775536,75.923106,NULL
zmon422649831,2022-03-25,22:40:00,22:55:00,13.091809,80.219104,13.201809,80.329104,NULL
zmph949296359,2022-04-02,20:40:00,20:45:00,18.554382,73.798206,18.644382,73.888206,NULL
zmus711966425,2022-03-30,13:45:00,13:50:00,17.455894,78.375467,17.495894,78.415467,NULL
zmvi017713667,2022-03-04,22:35:00,22:50:00,11.025083,77.015393,11.155083,77.145393,NULL
zmvl853395806,2022-03-06,17:35:00,17:45:00,13.029198,77.570997,13.099198,77.640997,NULL
zmwd639725133,2022-03-04,21:55:00,22:05:00,17.429585,78.392621,17.539585,78.502621,NULL
zmxu320851159,2022-03-09,09:30:00,09:45:00,19.207222,72.972281,19.227222,72.992281,NULL
zmxv241447369,2022-03-01,15:55:00,16:00:00,11.010375,76.952950,11.050375,76.992950,NULL
znaq525848611,2022-03-30,21:10:00,21:20:00,22.753839,75.897429,22.783839,75.927429,NULL
znax018066976,2022-02-15,21:15:00,21:25:00,25.449872,81.836167,25.479872,81.866167,NULL
zndh106952675,2022-02-12,18:35:00,18:40:00,0.000000,0.000000,0.130000,0.130000,NULL
znet032376461,2022-03-20,20:50:00,21:00:00,12.934179,77.615797,13.004179,77.685797,NULL
znfg885029502,2022-03-21,10:40:00,10:45:00,21.157729,72.768726,21.167729,72.778726,NULL
znfq015542933,2022-03-17,21:10:00,21:15:00,23.357804,85.325146,23.407804,85.375146,NULL
znrb107101900,2022-03-01,22:25:00,22:30:00,12.972532,77.608179,13.032532,77.668179,NULL
zntw204512940,2022-03-16,22:25:00,22:40:00,0.000000,0.000000,0.080000,0.080000,NULL
znys264264304,2022-03-08,23:25:00,23:30:00,21.157735,72.768778,21.237735,72.848778,NULL
znzw919146964,2022-03-11,12:00:00,12:10:00,17.412330,78.449654,17.422330,78.459654,NULL
zoez338152351,2022-04-01,19:20:00,19:30:00,13.086438,80.220672,13.116438,80.250672,NULL
zoga820448938,2022-02-15,13:55:00,14:05:00,25.451517,81.832616,25.491517,81.872616,NULL
zoju597951464,2022-03-04,23:25:00,23:40:00,0.000000,0.000000,0.070000,0.070000,NULL
zomb706466123,2022-03-10,20:10:00,20:15:00,18.536718,73.830327,18.626718,73.920327,NULL
zomg639791255,2022-03-05,19:20:00,19:35:00,13.026279,80.174568,13.076279,80.224568,NULL
zomu390679432,2022-03-10,20:40:00,20:50:00,11.020910,76.940432,11.150910,77.070432,NULL
zono054522454,2022-02-13,12:50:00,12:55:00,19.874733,75.353942,19.914733,75.393942,NULL
zosj752738993,2022-03-04,19:35:00,19:40:00,21.171060,72.789292,21.251060,72.869292,NULL
zota102447702,2022-02-15,12:10:00,12:20:00,23.234249,77.434007,23.274249,77.474007,NULL
zotl583816092,2022-03-08,21:35:00,21:45:00,0.000000,0.000000,0.110000,0.110000,NULL
zotm397801844,2022-03-29,22:15:00,22:20:00,26.892312,75.806896,27.032312,75.946896,NULL
zowb416004967,2022-03-12,23:30:00,23:40:00,22.751234,75.889490,22.861234,75.999490,NULL
zoww039546925,2022-03-09,09:20:00,09:35:00,26.891191,75.802083,26.911191,75.822083,NULL
zpay689231989,2022-03-23,17:25:00,17:30:00,11.008638,76.984311,11.138638,77.114311,NULL
zpdc490312124,2022-03-14,21:10:00,21:20:00,26.956431,75.776649,27.086431,75.906649,NULL
zpfw090875624,2022-03-05,08:35:00,08:40:00,11.010375,76.952950,11.020375,76.962950,NULL
zphh547879510,2022-03-13,20:40:00,20:45:00,19.120083,72.907385,19.180083,72.967385,NULL
zpiu088515089,2022-03-02,22:00:00,22:10:00,18.563934,73.915367,18.643935,73.995367,NULL
zpje100693271,2022-03-26,17:40:00,17:45:00,23.416792,85.316842,23.446792,85.346842,NULL
zplp685904573,2022-03-24,23:35:00,23:50:00,12.980410,77.640489,13.040410,77.700489,NULL
zpna929052066,2022-04-02,21:25:00,21:40:00,18.563934,73.915367,18.673935,74.025367,NULL
zpnf667917080,2022-03-15,10:20:00,10:35:00,19.207222,72.972281,19.227222,72.992281,NULL
zpnl424015244,2022-03-02,22:50:00,22:55:00,23.351489,85.324253,23.441489,85.414253,NULL
zpnu794398600,2022-03-20,19:35:00,19:45:00,11.022298,76.998349,11.132298,77.108349,NULL
zpor766267650,2022-03-07,09:30:00,09:35:00,22.753659,75.903365,22.773659,75.923365,NULL
zppr428894669,2022-03-01,22:45:00,22:55:00,0.000000,0.000000,0.030000,0.030000,NULL
zpps716045078,2022-03-24,21:55:00,22:05:00,26.914142,75.805704,26.944142,75.835704,NULL
zprp641238404,2022-03-08,17:15:00,17:20:00,26.766536,75.837333,26.836536,75.907333,NULL
zpsn423422355,2022-02-18,21:15:00,21:30:00,26.470000,80.350000,26.580000,80.460000,NULL
zpvz431037427,2022-03-15,10:35:00,10:45:00,19.176269,72.836721,19.196269,72.856721,NULL
zpxn880384698,2022-03-18,19:30:00,19:35:00,22.751857,75.866699,22.861857,75.976699,NULL
zqcw022157215,2022-03-01,18:50:00,18:55:00,22.753659,75.903365,22.813659,75.963365,NULL
zqcy759656108,2022-04-05,16:35:00,16:45:00,12.321214,76.621094,12.361214,76.661094,NULL
zqfl780959313,2022-03-30,18:35:00,18:45:00,18.927584,72.832585,18.987584,72.892585,NULL
zqfs350639295,2022-04-03,21:10:00,21:20:00,12.325461,76.632278,12.385461,76.692278,NULL
zqgp489250813,2022-03-11,18:50:00,19:00:00,22.310329,73.169083,22.360329,73.219083,NULL
zqin689314021,2022-03-25,17:25:00,17:40:00,26.888420,75.800689,27.028420,75.940689,NULL
zqjf727977915,2022-02-18,23:00:00,23:05:00,26.483672,80.320708,26.553672,80.390708,NULL
zqkp225224737,2022-03-01,09:10:00,09:20:00,18.516216,73.842527,18.526216,73.852527,NULL
zqof881988643,2022-03-05,10:35:00,10:45:00,13.022394,80.242439,13.042394,80.262439,NULL
zqro449286965,2022-02-17,11:10:00,11:15:00,19.879631,75.323403,19.899631,75.343403,NULL
zqtj827550147,2022-03-28,08:40:00,08:55:00,12.972532,77.608179,12.992532,77.628179,NULL
zqut420665367,2022-03-26,08:50:00,09:05:00,17.429585,78.392621,17.439585,78.402621,NULL
zqwk851806362,2022-02-11,09:55:00,10:05:00,30.885915,75.788259,30.895915,75.798259,NULL
zqwx079335661,2022-03-04,17:10:00,17:20:00,22.753659,75.903365,22.833659,75.983365,NULL
zqwz346457286,2022-04-02,19:00:00,19:05:00,13.022394,80.242439,13.132394,80.352439,NULL
zqxb196452648,2022-04-02,21:35:00,21:50:00,17.431477,78.400350,17.511477,78.480350,NULL
zqxe681951725,2022-03-11,10:30:00,10:35:00,26.913726,75.752820,26.933726,75.772820,NULL
zqxg623119765,2022-04-04,20:50:00,21:00:00,0.000000,0.000000,0.110000,0.110000,NULL
zrci549936722,2022-03-06,22:10:00,22:25:00,21.149669,72.772629,21.259669,72.882629,NULL
zrfb196199495,2022-03-25,19:25:00,19:40:00,26.913483,75.803139,26.993483,75.883139,NULL
zrgw824349373,2022-03-01,09:00:00,09:05:00,23.369746,85.339820,23.379746,85.349820,NULL
zrkh519266346,2022-04-05,10:30:00,10:40:00,17.483216,78.552111,17.493216,78.562111,NULL
zrls563828378,2022-03-19,09:00:00,09:05:00,18.543626,73.905101,18.563626,73.925101,NULL
zroe397218262,2022-02-14,20:25:00,20:40:00,0.000000,0.000000,0.130000,0.130000,NULL
zrof829886012,2022-03-24,08:30:00,08:45:00,12.934365,77.616155,12.944365,77.626155,NULL
zron929691184,2022-03-05,17:50:00,17:55:00,22.651847,75.881991,22.701847,75.931991,NULL
zroq399485357,2022-02-16,23:20:00,23:30:00,30.892978,75.821847,31.032978,75.961847,NULL
zrpq813560282,2022-03-27,20:20:00,20:25:00,26.911927,75.797282,26.991927,75.877282,NULL
zrsm175725062,2022-03-20,20:50:00,21:05:00,12.325461,76.632278,12.435461,76.742278,NULL
zrsu609447914,2022-03-01,20:20:00,20:25:00,11.022169,76.999594,11.072169,77.049594,NULL
zruo694898679,2022-03-09,11:10:00,11:25:00,13.026279,80.174568,13.046279,80.194568,NULL
zrwp620728072,2022-03-18,19:00:00,19:15:00,26.911378,75.789034,26.981378,75.859034,NULL
zsgr271691533,2022-03-01,15:50:00,16:05:00,18.592718,73.773572,18.632718,73.813572,NULL
zsjl567749170,2022-02-16,22:40:00,22:55:00,27.160934,78.044095,27.300934,78.184095,NULL
zsof599665811,2022-03-15,21:10:00,21:15:00,13.064181,80.236442,13.094181,80.266442,NULL
zssd859298466,2022-02-16,22:50:00,23:00:00,26.479108,80.315042,26.609108,80.445042,NULL
zssi142782344,2022-04-01,11:55:00,12:00:00,12.284747,76.625861,12.304747,76.645861,NULL
zsup499426336,2022-03-21,11:35:00,11:45:00,12.337978,76.616792,12.347978,76.626792,NULL
zsuq188608410,2022-02-11,08:55:00,09:00:00,23.214459,77.434976,23.234459,77.454976,NULL
ztcx380914064,2022-02-12,20:00:00,20:10:00,26.474986,80.342796,26.614986,80.482796,NULL
ztel491150706,2022-03-15,23:15:00,23:20:00,19.131141,72.813074,19.191140,72.873074,NULL
zthy159475434,2022-03-29,17:35:00,17:45:00,18.539299,73.897902,18.609299,73.967902,NULL
ztiz566619440,2022-02-14,21:30:00,21:45:00,25.450377,81.834236,25.520377,81.904236,NULL
ztkl117866178,2022-03-10,23:45:00,23:55:00,26.846156,75.802300,26.936156,75.892300,NULL
ztlp034630218,2022-03-11,20:45:00,20:55:00,13.058616,80.264151,13.118616,80.324151,NULL
ztni727329332,2022-03-08,19:55:00,20:00:00,26.911927,75.797282,26.981927,75.867282,NULL
zttu486770955,2022-03-08,17:25:00,17:35:00,11.020910,76.940432,11.090910,77.010432,NULL
ztxw637370503,2022-03-30,21:35:00,21:40:00,13.054347,80.257221,13.084347,80.287221,NULL
ztyg930002102,2022-03-18,19:30:00,19:45:00,22.745049,75.892471,22.875049,76.022471,NULL
zucr259565390,2022-03-17,23:40:00,23:55:00,11.000762,76.981876,11.050762,77.031876,NULL
zucs936689975,2022-03-11,23:40:00,23:50:00,13.064181,80.236442,13.094181,80.266442,NULL
zudp081515799,2022-02-13,22:50:00,23:00:00,10.020683,76.310631,10.050683,76.340631,NULL
zugd537242177,2022-04-02,17:45:00,17:55:00,0.000000,0.000000,0.070000,0.070000,NULL
zugf486744617,2022-03-21,09:35:00,09:40:00,12.311072,76.654878,12.331072,76.674878,NULL
zugg315648566,2022-03-17,22:40:00,22:50:00,12.334022,76.618203,12.394022,76.678203,NULL
zujc279682863,2022-03-08,21:40:00,21:45:00,19.176269,72.836721,19.286269,72.946721,NULL
zujw883585417,2022-03-06,21:50:00,21:55:00,18.563934,73.915367,18.643935,73.995367,NULL
zukq057991752,2022-03-28,09:55:00,10:10:00,12.975377,77.696664,12.995377,77.716664,NULL
zulr364274984,2022-03-09,18:30:00,18:45:00,21.173493,72.801953,21.203493,72.831953,NULL
zumx047701647,2022-04-05,23:00:00,23:05:00,17.459710,78.368855,17.519710,78.428855,NULL
zuos457048040,2022-03-27,19:55:00,20:05:00,13.044694,80.261470,13.134694,80.351470,NULL
zuoz688454249,2022-03-01,10:35:00,10:40:00,12.933298,77.614293,12.953298,77.634293,NULL
zura576856333,2022-03-08,21:20:00,21:30:00,0.000000,0.000000,0.130000,0.130000,NULL
zust365344337,2022-03-15,20:50:00,20:55:00,21.170096,72.789122,21.220096,72.839122,NULL
zutg690542042,2022-04-02,19:00:00,19:15:00,17.429585,78.392621,17.519585,78.482621,NULL
zuuq957496323,2022-03-21,19:30:00,19:35:00,22.751857,75.866699,22.781857,75.896699,NULL
zuxg688304372,2022-03-08,17:35:00,17:45:00,26.921411,75.793604,27.061411,75.933604,NULL
zuxw208317367,2022-03-10,21:25:00,21:40:00,18.546258,73.904337,18.626258,73.984337,NULL
zvad736846047,2022-03-05,08:40:00,08:45:00,18.636215,73.751081,18.646215,73.761081,NULL
zvgn497327664,2022-03-30,21:00:00,21:05:00,12.933284,77.615428,12.993284,77.675428,NULL
zvjj138561122,2022-03-31,22:10:00,22:20:00,18.554382,73.798206,18.644382,73.888206,NULL
zvjm454212306,2022-03-02,20:45:00,20:55:00,13.027018,80.254791,13.107018,80.334791,NULL
zvjn746172325,2022-04-03,15:25:00,15:40:00,18.530963,73.828972,18.570963,73.868972,NULL
zvkx405674622,2022-04-04,17:55:00,18:10:00,17.431668,78.408321,17.521668,78.498321,NULL
zvle340560203,2022-03-19,23:20:00,23:35:00,21.149569,72.772697,21.209569,72.832697,NULL
zvoj641252848,2022-03-19,17:20:00,17:25:00,17.483216,78.552111,17.513216,78.582111,NULL
zvom456144389,2022-03-20,20:50:00,21:00:00,17.455894,78.375467,17.565894,78.485467,NULL
zvoy549812500,2022-03-29,21:30:00,21:35:00,22.761226,75.887522,22.841226,75.967522,NULL
zvpt238889438,2022-03-05,20:10:00,20:25:00,22.727021,75.884167,22.757021,75.914167,NULL
zvpw031077449,2022-03-07,19:40:00,19:55:00,13.005801,80.250744,13.055801,80.300744,NULL
zvrk958447251,2022-02-18,20:35:00,20:45:00,15.546594,73.760431,15.626594,73.840431,NULL
zvrx226324390,2022-03-28,10:55:00,11:00:00,11.022477,76.995667,11.032477,77.005667,NULL
zvto073144073,2022-03-19,23:40:00,23:55:00,22.744648,75.894377,22.794648,75.944377,NULL
zvtt572502301,2022-04-04,20:45:00,21:00:00,0.000000,0.000000,0.080000,0.080000,NULL
zvwq836183968,2022-02-15,23:40:00,23:45:00,30.328174,78.049117,30.358174,78.079117,NULL
zvyd010478818,2022-03-13,13:25:00,13:35:00,12.972161,77.596014,13.012161,77.636014,NULL
zwaa787538634,2022-03-10,19:50:00,20:00:00,23.351489,85.324253,23.421489,85.394253,NULL
zwby825953601,2022-03-05,23:15:00,23:25:00,26.902940,75.793007,26.962940,75.853007,NULL
zwcv178805647,2022-03-11,13:00:00,13:10:00,13.066762,80.251865,13.106762,80.291865,NULL
zwdb751231266,2022-03-17,18:55:00,19:05:00,26.902908,75.792934,26.962908,75.852934,NULL
zweb150363877,2022-03-06,21:20:00,21:35:00,26.913483,75.803139,27.023483,75.913139,NULL
zwef821090448,2022-03-23,20:25:00,20:40:00,23.357804,85.325146,23.467804,85.435146,NULL
zwhn495668766,2022-03-07,09:30:00,09:35:00,21.186438,72.794115,21.196438,72.804115,NULL
zwmo288632544,2022-03-02,21:15:00,21:25:00,18.994237,72.825553,19.064237,72.895553,NULL
zwng534607592,2022-03-02,18:15:00,18:30:00,12.337928,76.617889,12.447928,76.727889,NULL
zwod996347753,2022-03-31,17:35:00,17:40:00,26.902908,75.792934,27.042908,75.932934,NULL
zwrb307624474,2022-03-28,11:15:00,11:20:00,13.066762,80.251865,13.076762,80.261865,NULL
zwtj593308104,2022-02-15,10:45:00,10:55:00,27.157772,78.047250,27.167772,78.057250,NULL
zwtx882797949,2022-03-31,19:10:00,19:20:00,18.569156,73.774723,18.649156,73.854723,NULL
zwxq114746129,2022-02-17,11:15:00,11:30:00,22.514688,88.393294,22.534688,88.413294,NULL
zwyo524518227,2022-03-17,17:25:00,17:35:00,22.750040,75.902847,22.780040,75.932847,NULL
zwzd477539063,2022-03-24,12:50:00,13:05:00,17.426228,78.407495,17.466228,78.447495,NULL
zxbo544001121,2022-03-18,20:20:00,20:25:00,21.186884,72.793616,21.316884,72.923616,NULL
zxfi441536513,2022-03-10,21:15:00,21:20:00,26.910262,75.783013,27.000262,75.873013,NULL
zxfl769437445,2022-02-15,23:50:00,00:05:00,23.264015,77.408236,23.314015,77.458236,NULL
zxgi669085028,2022-03-26,23:30:00,23:45:00,22.651847,75.881991,22.681847,75.911991,NULL
zxgo212239701,2022-04-04,20:40:00,20:45:00,13.026279,80.174568,13.156279,80.304568,NULL
zxhl857235413,2022-03-23,21:25:00,21:30:00,12.981615,80.231598,13.051615,80.301598,NULL
zxke360638282,2022-03-14,20:00:00,20:05:00,18.536562,73.896485,18.666562,74.026485,NULL
zxky811961888,2022-03-19,00:00:00,00:05:00,11.024839,77.007003,11.084839,77.067003,NULL
zxmd161837378,2022-03-14,19:20:00,19:35:00,26.913483,75.803139,27.003483,75.893139,NULL
zxpj199434648,2022-02-14,23:35:00,23:40:00,30.328174,78.049117,30.418174,78.139117,NULL
zxpt786111837,2022-04-01,08:20:00,08:30:00,26.914142,75.805704,26.934142,75.825704,NULL
zxtz236128998,2022-03-01,18:40:00,18:50:00,22.310237,73.158921,22.370237,73.218921,NULL
zxuc706177177,2022-03-19,15:00:00,15:05:00,22.751857,75.866699,22.791857,75.906699,NULL
zxuf219959920,2022-03-19,08:50:00,09:05:00,11.025083,77.015393,11.045083,77.035393,NULL
zxvj052086274,2022-02-13,23:35:00,23:40:00,23.184992,77.417227,23.214992,77.447227,NULL
zxxb335232016,2022-03-02,19:40:00,19:45:00,21.149569,72.772697,21.239569,72.862697,NULL
zxza102160001,2022-03-16,17:55:00,18:05:00,13.029198,77.570997,13.139198,77.680997,NULL
zxza184945602,2022-04-01,19:20:00,19:30:00,18.546258,73.904337,18.576258,73.934337,NULL
zxzi952698988,2022-03-12,17:45:00,17:55:00,26.911378,75.789034,27.051378,75.929034,NULL
zxzm827992607,2022-04-02,19:45:00,19:50:00,12.337928,76.617889,12.427928,76.707889,NULL
zyam390296672,2022-04-02,19:20:00,19:25:00,19.207222,72.972281,19.317222,73.082281,NULL
zybi824735933,2022-03-21,10:55:00,11:10:00,13.005801,80.250744,13.015801,80.260744,NULL
zydl132971734,2022-03-05,09:00:00,09:10:00,11.003008,76.975440,11.013008,76.985440,NULL
zyja578759594,2022-03-03,21:10:00,21:25:00,22.761593,75.886362,22.811593,75.936362,NULL
zymr446184038,2022-03-09,18:20:00,18:25:00,13.026279,80.174568,13.076279,80.224568,NULL
zypj391993930,2022-03-17,19:20:00,19:30:00,13.091809,80.219104,13.121809,80.249104,NULL
zyqi102181378,2022-03-13,15:00:00,15:05:00,12.939496,77.625999,12.979496,77.665999,NULL
zyrr930347879,2022-03-13,19:55:00,20:10:00,22.744648,75.894377,22.804648,75.954377,NULL
zyvo118176215,2022-04-02,20:25:00,20:35:00,19.176269,72.836721,19.266269,72.926721,NULL
zywr074190982,2022-03-13,09:55:00,10:00:00,12.972793,80.249982,12.982793,80.259982,NULL
zyxe231266816,2022-04-06,18:15:00,18:25:00,17.459710,78.368855,17.539710,78.448855,NULL
zzao263450240,2022-04-01,11:15:00,11:25:00,12.939496,77.625999,12.949496,77.635999,NULL
zzcm028599895,2022-03-26,09:45:00,09:50:00,0.000000,0.000000,0.020000,0.020000,NULL
zzcq301783416,2022-03-28,21:00:00,21:10:00,10.994136,76.963303,11.044136,77.013303,NULL
zzdt398224350,2022-04-05,15:50:00,15:55:00,12.981615,80.231598,13.021615,80.271598,NULL
zzfr056440231,2022-02-13,18:00:00,18:05:00,22.514688,88.393294,22.574688,88.453294,NULL
zzht454845366,2022-03-21,18:30:00,18:45:00,11.000762,76.981876,11.030762,77.011876,NULL
zzid436960558,2022-03-18,00:00:00,00:15:00,11.000762,76.981876,11.130762,77.111876,NULL
zzjy427396132,2022-04-03,18:25:00,18:30:00,26.888420,75.800689,26.938420,75.850689,NULL
zzkq542605005,2022-02-14,19:25:00,19:40:00,9.991703,76.293136,10.071703,76.373136,NULL
zzlg025601774,2022-03-12,19:00:00,19:15:00,19.254567,72.848923,19.344567,72.938923,NULL
zznj919238794,2022-03-18,20:40:00,20:55:00,23.399250,85.390464,23.489250,85.480464,NULL
zznm989127780,2022-04-06,20:50:00,21:05:00,21.149834,72.778666,21.219834,72.848666,NULL
zzoj253804869,2022-03-28,09:30:00,09:40:00,11.026117,76.944652,11.046117,76.964652,NULL
zzpb375037505,2022-03-11,09:15:00,09:20:00,19.126630,72.829976,19.146630,72.849976,NULL
zzqf860928629,2022-02-18,17:10:00,17:25:00,22.551084,88.354127,22.631084,88.434127,NULL
zzrk499067247,2022-02-17,22:30:00,22:40:00,26.481547,80.299775,26.531547,80.349775,NULL
zzrx622712346,2022-03-14,22:55:00,23:05:00,26.846156,75.802300,26.936156,75.892300,NULL
zzsj164755406,2022-02-15,17:40:00,17:50:00,15.498603,73.826911,15.558603,73.886911,NULL
zzss873661088,2022-02-12,21:50:00,21:55:00,19.876106,75.340775,19.956106,75.420775,NULL
zzsx562940707,2022-04-01,12:30:00,12:45:00,12.310972,76.659264,12.350972,76.699264,NULL
zzvn972158692,2022-03-07,11:00:00,11:15:00,21.157735,72.768778,21.167735,72.778778,NULL
zzvr964517684,2022-04-03,15:30:00,15:45:00,12.972793,80.249982,13.012793,80.289982,NULL
zzwk206354276,2022-03-08,20:55:00,21:00:00,18.546258,73.904337,18.656258,74.014337,NULL
zzxu530010074,2022-03-01,11:30:00,11:40:00,12.337928,76.617889,12.357928,76.637889,NULL
zzyh635776506,2022-03-12,20:10:00,20:20:00,13.081878,80.248519,13.151878,80.318519,NULL
